অ,ন,ু,র,ো,ধ, ,ক,র,া,&,অ,ন,ু,ভ,ব, ,ক,র,া,#,অ,ন,ু,ভ,ব, ,ক,র,ছ,ি,ল,ে,ন,$,V,PROG,3,POL,PST	অ,ন,ু,র,ো,ধ, ,ক,র,ছ,ি,ল,ে,ন
অ,ন,ু,র,ো,ধ, ,ক,র,া,&,অ,ন,ু,ভ,ব, ,ক,র,া,#,অ,ন,ু,ভ,ব, ,ক,র,ত,ে,$,V,NFIN	অ,ন,ু,র,ো,ধ, ,ক,র,ত,ে
অ,ন,ু,র,ো,ধ, ,ক,র,া,&,অ,ন,ু,ভ,ব, ,ক,র,া,#,অ,ন,ু,ভ,ব, ,ক,র,ে,ছ,ি,ল,ো,$,V,PRF,2,POL,PST	অ,ন,ু,র,ো,ধ, ,ক,র,ে,ছ,ি,ল,ো
অ,ন,ু,র,ো,ধ, ,ক,র,া,&,অ,ন,ু,ভ,ব, ,ক,র,া,#,অ,ন,ু,ভ,ব, ,ক,র,ছ,ি,ল,া,ম,$,V,PROG,1,PST	অ,ন,ু,র,ো,ধ, ,ক,র,ছ,ি,ল,া,ম
অ,ন,ু,র,ো,ধ, ,ক,র,া,&,অ,ন,ষ,ে,দ, ,ক,র,া,#,অ,ন,ষ,ে,দ, ,ক,র,ব,ে,$,V,2,POL,FUT	অ,ন,ু,র,ো,ধ, ,ক,র,ব,ে
অ,ন,ু,র,ো,ধ, ,ক,র,া,&,অ,ন,ু,ভ,ব, ,ক,র,া,#,অ,ন,ু,ভ,ব, ,ক,র,ব,ে,$,V,3,INFM,FUT	অ,ন,ু,র,ো,ধ, ,ক,র,ব,ে
অ,ন,ু,র,ো,ধ, ,ক,র,া,&,অ,ন,ু,ভ,ব, ,ক,র,া,#,অ,ন,ু,ভ,ব, ,ক,র,ে,ছ,ি,ল,ে,ন,$,V,PRF,3,POL,PST	অ,ন,ু,র,ো,ধ, ,ক,র,ে,ছ,ি,ল,ে,ন
অ,ন,ু,র,ো,ধ, ,ক,র,া,&,অ,ন,ু,ভ,ব, ,ক,র,া,#,অ,ন,ু,ভ,ব, ,ক,র,ে,ছ,ি,স,$,V,PRF,2,PRS,LGSPEC1	অ,ন,ু,র,ো,ধ, ,ক,র,ে,ছ,ি,স
অ,ন,ু,র,ো,ধ, ,ক,র,া,&,অ,ন,ু,ভ,ব, ,ক,র,া,#,অ,ন,ু,ভ,ব, ,ক,র,ছ,ি,স,$,V,PROG,2,PRS,LGSPEC1	অ,ন,ু,র,ো,ধ, ,ক,র,ছ,ি,স
অ,ন,ু,র,ো,ধ, ,ক,র,া,&,অ,ন,ু,গ,স, ,ক,র,া,#,অ,ন,ু,গ,স, ,ক,র,ছ,ে,$,V,PROG,2,POL,PRS	অ,ন,ু,র,ো,ধ, ,ক,র,ছ,ে
অ,ন,ু,র,ো,ধ, ,ক,র,া,&,অ,ন,ু,ভ,ব, ,ক,র,া,#,অ,ন,ু,ভ,ব, ,ক,র,ত,ে,ন,$,V,HAB,3,POL,PST	অ,ন,ু,র,ো,ধ, ,ক,র,ত,ে,ন
অ,ন,ু,র,ো,ধ, ,ক,র,া,&,অ,ন,ু,ভ,ব, ,ক,র,া,#,অ,ন,ু,ভ,ব, ,ক,র,ত,া,ম,$,V,HAB,1,PST	অ,ন,ু,র,ো,ধ, ,ক,র,ত,া,ম
অ,ন,ু,র,ো,ধ, ,ক,র,া,&,অ,ন,ু,ভ,ব, ,ক,র,া,#,অ,ন,ু,ভ,ব, ,ক,র,ে,ছ,ি,ল,ে,$,V,PRF,3,INFM,PST	অ,ন,ু,র,ো,ধ, ,ক,র,ে,ছ,ি,ল,ে
অ,ন,ু,র,ো,ধ, ,ক,র,া,&,অ,ন,ু,ভ,ব, ,ক,র,া,#,অ,ন,ু,ভ,ব, ,ক,র,ল,া,ম,$,V,1,PST	অ,ন,ু,র,ো,ধ, ,ক,র,ল,া,ম
অ,ন,ু,র,ো,ধ, ,ক,র,া,&,অ,ন,ু,ভ,ব, ,ক,র,া,#,অ,ন,ু,ভ,ব, ,ক,র,ল,ি,$,V,2,PST,LGSPEC1	অ,ন,ু,র,ো,ধ, ,ক,র,ল,ি
অ,ন,ু,র,ো,ধ, ,ক,র,া,&,অ,ন,ু,ভ,ব, ,ক,র,া,#,অ,ন,ু,ভ,ব, ,ক,র,ে,ছ,ি,ল,ি,$,V,PRF,2,PST,LGSPEC1	অ,ন,ু,র,ো,ধ, ,ক,র,ে,ছ,ি,ল,ি
অ,ন,ু,র,ো,ধ, ,ক,র,া,&,অ,ন,ু,ভ,ব, ,ক,র,া,#,অ,ন,ু,ভ,ব, ,ক,র,ছ,ে,ন,$,V,PROG,3,POL,PRS	অ,ন,ু,র,ো,ধ, ,ক,র,ছ,ে,ন
অ,ন,ু,র,ো,ধ, ,ক,র,া,&,অ,ন,ু,ভ,ব, ,ক,র,া,#,অ,ন,ু,ভ,ব, ,ক,র,ি,$,V,1,PRS	অ,ন,ু,র,ো,ধ, ,ক,র,ি
অ,ন,ু,র,ো,ধ, ,ক,র,া,&,অ,ন,ু,ভ,ব, ,ক,র,া,#,অ,ন,ু,ভ,ব, ,ক,র,ি,স,$,V,2,PRS,LGSPEC1	অ,ন,ু,র,ো,ধ, ,ক,র,ি,স
অ,ন,ু,র,ো,ধ, ,ক,র,া,&,অ,ন,ু,ভ,ব, ,ক,র,া,#,অ,ন,ু,ভ,ব, ,ক,র,ে,ছ,ি,$,V,PRF,1,PRS	অ,ন,ু,র,ো,ধ, ,ক,র,ে,ছ,ি
অ,ন,ু,র,ো,ধ, ,ক,র,া,&,অ,ন,ু,ভ,ব, ,ক,র,া,#,অ,ন,ু,ভ,ব, ,ক,র,ত,ি,স,$,V,HAB,2,PST,LGSPEC1	অ,ন,ু,র,ো,ধ, ,ক,র,ত,ি,স
অ,ন,ু,র,ো,ধ, ,ক,র,া,&,অ,ন,ু,ভ,ব, ,ক,র,া,#,অ,ন,ু,ভ,ব, ,ক,র,ল,ে,$,V,3,INFM,PST	অ,ন,ু,র,ো,ধ, ,ক,র,ল,ে
অ,ন,ু,র,ো,ধ, ,ক,র,া,&,অ,ন,ু,ভ,ব, ,ক,র,া,#,অ,ন,ু,ভ,ব, ,ক,র,ছ,ি,$,V,PROG,1,PRS	অ,ন,ু,র,ো,ধ, ,ক,র,ছ,ি
অ,ন,ু,র,ো,ধ, ,ক,র,া,&,অ,ন,ু,ভ,ব, ,ক,র,া,#,অ,ন,ু,ভ,ব, ,ক,র,ল,ে,ন,$,V,3,POL,PST	অ,ন,ু,র,ো,ধ, ,ক,র,ল,ে,ন
অ,ন,ু,র,ো,ধ, ,ক,র,া,&,অ,ন,ু,ভ,ব, ,ক,র,া,#,অ,ন,ু,ভ,ব, ,ক,র,ছ,ি,ল,ি,$,V,PROG,2,PST,LGSPEC1	অ,ন,ু,র,ো,ধ, ,ক,র,ছ,ি,ল,ি
অ,ন,ু,র,ো,ধ, ,ক,র,া,&,অ,ন,ু,ভ,ব, ,ক,র,া,#,অ,ন,ু,ভ,ব, ,ক,র,ে,ছ,ো,$,V,PRF,3,INFM,PRS	অ,ন,ু,র,ো,ধ, ,ক,র,ে,ছ,ো
অ,ন,ু,র,ো,ধ, ,ক,র,া,&,অ,ন,ু,ভ,ব, ,ক,র,া,#,অ,ন,ু,ভ,ব, ,ক,র,ব,ি,$,V,2,FUT,LGSPEC1	অ,ন,ু,র,ো,ধ, ,ক,র,ব,ি
অ,ন,ু,র,ো,ধ, ,ক,র,া,&,অ,ন,ু,ভ,ব, ,ক,র,া,#,অ,ন,ু,ভ,ব, ,ক,র,ব,ো,$,V,1,FUT	অ,ন,ু,র,ো,ধ, ,ক,র,ব,ো
অ,ন,ু,র,ো,ধ, ,ক,র,া,&,অ,ন,ু,ভ,ব, ,ক,র,া,#,অ,ন,ু,ভ,ব, ,ক,র,ে,ছ,ে,ন,$,V,PRF,3,POL,PRS	অ,ন,ু,র,ো,ধ, ,ক,র,ে,ছ,ে,ন
অ,ন,ু,র,ো,ধ, ,ক,র,া,&,অ,ন,ু,ভ,ব, ,ক,র,া,#,অ,ন,ু,ভ,ব, ,ক,র,ত,ো,$,V,HAB,2,POL,PST	অ,ন,ু,র,ো,ধ, ,ক,র,ত,ো
অ,ন,ু,র,ো,ধ, ,ক,র,া,&,অ,ন,ু,ভ,ব, ,ক,র,া,#,অ,ন,ু,ভ,ব, ,ক,র,ব,ে,ন,$,V,3,POL,FUT	অ,ন,ু,র,ো,ধ, ,ক,র,ব,ে,ন
অ,ন,ু,র,ো,ধ, ,ক,র,া,&,অ,ন,ু,্,ধ, ,ক,র,া,#,অ,ন,ু,্,ধ, ,ক,র,ে,ছ,ি,ল,া,ম,$,V,PRF,1,PST	অ,ন,ু,র,ো,ধ, ,ক,র,ে,ছ,ি,ল,া,ম
অ,ন,ু,র,ো,ধ, ,ক,র,া,&,অ,ন,ু,ভ,ব, ,ক,র,া,#,অ,ন,ু,ভ,ব, ,ক,র,ছ,ি,ল,ে,$,V,PROG,3,INFM,PST	অ,ন,ু,র,ো,ধ, ,ক,র,ছ,ি,ল,ে
অ,ন,ু,র,ো,ধ, ,ক,র,া,&,অ,ন,ু,ভ,ব, ,ক,র,া,#,অ,ন,ু,ভ,ব, ,ক,র,ত,ে,$,V,HAB,3,INFM,PST	অ,ন,ু,র,ো,ধ, ,ক,র,ত,ে
অ,ন,ু,র,ো,ধ, ,ক,র,া,&,অ,ন,ু,ভ,ব, ,ক,র,া,#,অ,ন,ু,ভ,ব, ,ক,র,ে,ন,$,V,3,POL,PRS	অ,ন,ু,র,ো,ধ, ,ক,র,ে,ন
অ,ন,ু,র,ো,ধ, ,ক,র,া,&,অ,ন,ু,ভ,ব, ,ক,র,া,#,অ,ন,ু,ভ,ব, ,ক,র,ল,ো,$,V,2,POL,PST	অ,ন,ু,র,ো,ধ, ,ক,র,ল,ো
অ,ন,ু,র,ো,ধ, ,ক,র,া,&,অ,ন,ু,দ,়, ,ক,র,া,#,অ,ন,ু,দ,়, ,ক,র,ছ,ি,ল,ো,$,V,PROG,2,POL,PST	অ,ন,ু,র,ো,ধ, ,ক,র,ছ,ি,ল,ো
অ,ন,ু,র,ো,ধ, ,ক,র,া,&,অ,ন,ু,ভ,ব, ,ক,র,া,#,অ,ন,ু,ভ,ব, ,ক,র,ো,$,V,3,INFM,PRS	অ,ন,ু,র,ো,ধ, ,ক,র,ো
অ,ন,ু,র,ো,ধ, ,ক,র,া,&,অ,ন,ু,ভ,ব, ,ক,র,া,#,অ,ন,ু,ভ,ব, ,ক,র,ে,ছ,ে,$,V,PRF,2,POL,PRS	অ,ন,ু,র,ো,ধ, ,ক,র,ে,ছ,ে
অ,ন,ু,র,ো,ধ, ,ক,র,া,&,অ,ন,ু,ভ,ব, ,ক,র,া,#,অ,ন,ু,ভ,ব, ,ক,র,ে,$,V,2,POL,PRS	অ,ন,ু,র,ো,ধ, ,ক,র,ে
অ,ন,ু,র,ো,ধ, ,ক,র,া,&,অ,ন,ু,ভ,ব, ,ক,র,া,#,অ,ন,ু,ভ,ব, ,ক,র,ছ,ো,$,V,PROG,3,INFM,PRS	অ,ন,ু,র,ো,ধ, ,ক,র,ছ,ো
উ,প,জ,ে,ল,া,&,জ,ে,ল,া,#,জ,ে,ল,া,গ,ু,ল,া,$,N,NOM,DEF,PL	উ,প,জ,ে,ল,া,গ,ু,ল,া
উ,প,জ,ে,ল,া,&,জ,ে,ল,া,#,জ,ে,ল,া,গ,ু,ল,া,$,N,ACC,DEF,PL	উ,প,জ,ে,ল,া,গ,ু,ল,া
উ,প,জ,ে,ল,া,&,জ,ে,ল,া,#,জ,ে,ল,া,ট,া,$,N,ACC,DEF,SG	উ,প,জ,ে,ল,া,ট,া
উ,প,জ,ে,ল,া,&,জ,ে,ল,া,#,জ,ে,ল,া,$,N,ACC,NDEF	উ,প,জ,ে,ল,া
উ,প,জ,ে,ল,া,&,জ,ে,ল,া,#,জ,ে,ল,া,ট,া,ত,ে,$,N,LOC,DEF,SG	উ,প,জ,ে,ল,া,ট,া,ত,ে
উ,প,জ,ে,ল,া,&,জ,ে,ল,া,#,জ,ে,ল,া,ট,া,র,$,N,GEN,DEF,SG	উ,প,জ,ে,ল,া,ট,া,র
উ,প,জ,ে,ল,া,&,জ,ে,ল,া,#,জ,ে,ল,া,গ,ু,ল,া,র,$,N,GEN,DEF,PL	উ,প,জ,ে,ল,া,গ,ু,ল,া,র
উ,প,জ,ে,ল,া,&,জ,ে,ল,া,#,জ,ে,ল,া,ত,ে,$,N,LOC,NDEF	উ,প,জ,ে,ল,া,ত,ে
উ,প,জ,ে,ল,া,&,জ,ে,ল,া,#,জ,ে,ল,া,ট,া,$,N,NOM,DEF,SG	উ,প,জ,ে,ল,া,ট,া
উ,প,জ,ে,ল,া,&,জ,ে,ল,া,#,জ,ে,ল,া,গ,ু,ল,া,ত,ে,$,N,LOC,DEF,PL	উ,প,জ,ে,ল,া,গ,ু,ল,া,ত,ে
উ,প,জ,ে,ল,া,&,জ,ে,ল,া,#,জ,ে,ল,া,$,N,NOM,NDEF	উ,প,জ,ে,ল,া
উ,প,জ,ে,ল,া,&,জ,ে,ল,া,#,জ,ে,ল,া,র,$,N,GEN,NDEF	উ,প,জ,ে,ল,া,র
চ,ে,ন,া,&,চ,ো,ষ,া,#,চ,ু,ষ,ত,ে,ন,$,V,HAB,3,POL,PST	চ,ি,ন,ত,ে,ন
চ,ে,ন,া,&,চ,ো,ষ,া,#,চ,ু,ষ,ল,া,ম,$,V,1,PST	চ,ি,ন,ল,া,ম
চ,ে,ন,া,&,চ,ো,ষ,া,#,চ,ু,ষ,ত,ো,$,V,HAB,2,POL,PST	চ,ি,ন,ত,ো
চ,ে,ন,া,&,চ,া,স,া,#,চ,া,স,ব,ি,$,V,2,FUT,LGSPEC1	চ,ি,ন,ব,ি
চ,ে,ন,া,&,চ,ো,ষ,া,#,চ,ু,ষ,ব,ে,ন,$,V,3,POL,FUT	চ,ি,ন,ব,ে,ন
চ,ে,ন,া,&,চ,এ,ট,া,#,চ,এ,ট,ছ,ি,ল,ি,$,V,PROG,2,PST,LGSPEC1	চ,ি,ন,ছ,ি,ল,ি
চ,ে,ন,া,&,চ,ে,ঙ,া,#,চ,ে,ঙ,ছ,ো,$,V,PROG,3,INFM,PRS	চ,ি,ন,ছ,ো
চ,ে,ন,া,&,চ,আ,ন,া,#,চ,আ,ন,ল,ো,$,V,2,POL,PST	চ,ি,ন,ল,ো
চ,ে,ন,া,&,চ,া,দ,া,#,চ,া,দ,ল,ি,$,V,2,PST,LGSPEC1	চ,ি,ন,ল,ি
চ,ে,ন,া,&,চ,ো,ষ,া,#,চ,ো,ষ,ো,$,V,3,INFM,PRS	চ,ে,ন,ো
চ,ে,ন,া,&,চ,া,ন,া,#,চ,া,ন,ছ,ি,স,$,V,PROG,2,PRS,LGSPEC1	চ,ি,ন,ছ,ি,স
চ,ে,ন,া,&,চ,ো,ষ,া,#,চ,ু,ষ,ি,স,$,V,2,PRS,LGSPEC1	চ,ি,ন,ি,স
চ,ে,ন,া,&,ছ,ে,ন,া,#,ছ,ে,ন,ে,ন,$,V,3,POL,PRS	চ,ে,ন,ে,ন
চ,ে,ন,া,&,চ,এ,ি,া,#,চ,এ,ি,ছ,ে,$,V,PROG,2,POL,PRS	চ,ি,ন,ছ,ে
চ,ে,ন,া,&,চ,ো,ষ,া,#,চ,ু,ষ,ি,$,V,1,PRS	চ,ি,ন,ি
চ,ে,ন,া,&,চ,া,স,া,#,চ,া,স,ত,ি,স,$,V,HAB,2,PST,LGSPEC1	চ,ি,ন,ত,ি,স
চ,ে,ন,া,&,চ,ো,ষ,া,#,চ,ু,ষ,ে,ছ,ি,ল,ি,$,V,PRF,2,PST,LGSPEC1	চ,ি,ন,ে,ছ,ি,ল,ি
চ,ে,ন,া,&,চ,এ,প,া,#,চ,এ,প,ত,া,ম,$,V,HAB,1,PST	চ,ি,ন,ত,া,ম
চ,ে,ন,া,&,চ,া,দ,া,#,চ,া,দ,ত,ে,$,V,NFIN	চ,ি,ন,ত,ে
চ,ে,ন,া,&,চ,ো,ষ,া,#,চ,ু,ষ,ে,ছ,ি,$,V,PRF,1,PRS	চ,ি,ন,ে,ছ,ি
চ,ে,ন,া,&,চ,ো,ষ,া,#,চ,ু,ষ,ব,ে,$,V,3,INFM,FUT	চ,ি,ন,ব,ে
চ,ে,ন,া,&,চ,ো,ষ,া,#,চ,ু,ষ,ে,ছ,ি,স,$,V,PRF,2,PRS,LGSPEC1	চ,ি,ন,ে,ছ,ি,স
চ,ে,ন,া,&,চ,ো,ষ,া,#,চ,ু,ষ,ে,ছ,ো,$,V,PRF,3,INFM,PRS	চ,ি,ন,ে,ছ,ো
চ,ে,ন,া,&,চ,ো,ষ,া,#,চ,ু,ষ,ে,ছ,ে,ন,$,V,PRF,3,POL,PRS	চ,ি,ন,ে,ছ,ে,ন
চ,ে,ন,া,&,চ,া,ন,া,#,চ,া,ন,ত,ে,$,V,HAB,3,INFM,PST	চ,ি,ন,ত,ে
চ,ে,ন,া,&,চ,া,ন,া,#,চ,া,ন,ল,ে,ন,$,V,3,POL,PST	চ,ি,ন,ল,ে,ন
চ,ে,ন,া,&,চ,ো,ষ,া,#,চ,ু,ষ,ছ,ি,ল,া,ম,$,V,PROG,1,PST	চ,ি,ন,ছ,ি,ল,া,ম
চ,ে,ন,া,&,চ,্,ণ,া,#,চ,্,ণ,ছ,ি,ল,ে,$,V,PROG,3,INFM,PST	চ,ি,ন,ছ,ি,ল,ে
চ,ে,ন,া,&,চ,ো,ষ,া,#,চ,ু,ষ,ছ,ি,$,V,PROG,1,PRS	চ,ি,ন,ছ,ি
চ,ে,ন,া,&,চ,া,ন,া,#,চ,া,ন,ছ,ি,ল,ে,ন,$,V,PROG,3,POL,PST	চ,ি,ন,ছ,ি,ল,ে,ন
চ,ে,ন,া,&,চ,ে,খ,া,#,চ,ে,খ,ে,ছ,ে,$,V,PRF,2,POL,PRS	চ,ি,ন,ে,ছ,ে
চ,ে,ন,া,&,চ,ো,ষ,া,#,চ,ু,ষ,ে,ছ,ি,ল,ো,$,V,PRF,2,POL,PST	চ,ি,ন,ে,ছ,ি,ল,ো
চ,ে,ন,া,&,চ,ো,ষ,া,#,চ,ু,ষ,ছ,ি,ল,ো,$,V,PROG,2,POL,PST	চ,ি,ন,ছ,ি,ল,ো
চ,ে,ন,া,&,চ,ো,ষ,া,#,চ,ু,ষ,ে,ছ,ি,ল,ে,$,V,PRF,3,INFM,PST	চ,ি,ন,ে,ছ,ি,ল,ে
চ,ে,ন,া,&,চ,ো,ষ,া,#,চ,ো,ষ,ে,$,V,2,POL,PRS	চ,ে,ন,ে
চ,ে,ন,া,&,চ,ু,ত,া,#,চ,ু,ত,ছ,ে,ন,$,V,PROG,3,POL,PRS	চ,ি,ন,ছ,ে,ন
চ,ে,ন,া,&,ছ,ে,ন,া,#,ছ,ে,ন,ব,ে,$,V,2,POL,FUT	চ,ি,ন,ব,ে
চ,ে,ন,া,&,চ,া,স,া,#,চ,া,স,ল,ে,$,V,3,INFM,PST	চ,ি,ন,ল,ে
চ,ে,ন,া,&,চ,ো,ষ,া,#,চ,ু,ষ,ব,ো,$,V,1,FUT	চ,ি,ন,ব,ো
চ,ে,ন,া,&,চ,ো,ষ,া,#,চ,ু,ষ,ে,ছ,ি,ল,া,ম,$,V,PRF,1,PST	চ,ি,ন,ে,ছ,ি,ল,া,ম
চ,ে,ন,া,&,চ,ো,ষ,া,#,চ,ু,ষ,ে,ছ,ি,ল,ে,ন,$,V,PRF,3,POL,PST	চ,ি,ন,ে,ছ,ি,ল,ে,ন
হ,া,গ,া,&,ক,া,ট,া,#,ক,া,ট,ছ,ো,$,V,PROG,3,INFM,PRS	হ,া,গ,ছ,ো
হ,া,গ,া,&,ক,া,ট,া,#,ক,া,ট,ছ,ি,ল,ে,ন,$,V,PROG,3,POL,PST	হ,া,গ,ছ,ি,ল,ে,ন
হ,া,গ,া,&,ক,া,ট,া,#,ক,ে,ট,ে,ছ,ি,ল,া,ম,$,V,PRF,1,PST	হ,ে,গ,ে,ছ,ি,ল,া,ম
হ,া,গ,া,&,ক,া,ট,া,#,ক,া,ট,ত,ো,$,V,HAB,2,POL,PST	হ,া,গ,ত,ো
হ,া,গ,া,&,ম,া,গ,া,#,ম,া,গ,ত,ে,$,V,HAB,3,INFM,PST	হ,া,গ,ত,ে
হ,া,গ,া,&,হ,া,ঙ,া,#,হ,া,ঙ,ত,ে,ন,$,V,HAB,3,POL,PST	হ,া,গ,ত,ে,ন
হ,া,গ,া,&,ক,া,গ,া,#,ক,া,গ,ছ,ি,ল,া,ম,$,V,PROG,1,PST	হ,া,গ,ছ,ি,ল,া,ম
হ,া,গ,া,&,ড,া,গ,া,#,ড,া,গ,ছ,ে,ন,$,V,PROG,3,POL,PRS	হ,া,গ,ছ,ে,ন
হ,া,গ,া,&,ক,া,ট,া,#,ক,া,ট,ত,া,ম,$,V,HAB,1,PST	হ,া,গ,ত,া,ম
হ,া,গ,া,&,ক,া,ট,া,#,ক,া,ট,ি,$,V,1,PRS	হ,া,গ,ি
হ,া,গ,া,&,ক,া,ট,া,#,ক,া,ট,ব,ো,$,V,1,FUT	হ,া,গ,ব,ো
হ,া,গ,া,&,ক,া,ট,া,#,ক,া,ট,ল,ে,ন,$,V,3,POL,PST	হ,া,গ,ল,ে,ন
হ,া,গ,া,&,ক,া,ট,া,#,ক,ে,ট,ে,ছ,ি,ল,ো,$,V,PRF,2,POL,PST	হ,ে,গ,ে,ছ,ি,ল,ো
হ,া,গ,া,&,হ,া,ট,া,#,হ,া,ট,ত,ি,স,$,V,HAB,2,PST,LGSPEC1	হ,া,গ,ত,ি,স
হ,া,গ,া,&,ড,া,গ,া,#,ড,া,গ,ি,স,$,V,2,PRS,LGSPEC1	হ,া,গ,ি,স
হ,া,গ,া,&,এ,া,গ,া,#,এ,া,গ,ছ,ি,$,V,PROG,1,PRS	হ,া,গ,ছ,ি
হ,া,গ,া,&,ক,া,ট,া,#,ক,ে,ট,ে,ছ,ি,$,V,PRF,1,PRS	হ,ে,গ,ে,ছ,ি
হ,া,গ,া,&,ক,া,ট,া,#,ক,া,ট,ত,ে,$,V,NFIN	হ,া,গ,ত,ে
হ,া,গ,া,&,ক,া,ট,া,#,ক,া,ট,ে,ন,$,V,3,POL,PRS	হ,া,গ,ে,ন
হ,া,গ,া,&,ট,া,গ,া,#,ট,া,গ,ব,ে,$,V,2,POL,FUT	হ,া,গ,ব,ে
হ,া,গ,া,&,ক,া,ট,া,#,ক,া,ট,ছ,ি,ল,ে,$,V,PROG,3,INFM,PST	হ,া,গ,ছ,ি,ল,ে
হ,া,গ,া,&,হ,া,ট,া,#,হ,া,ট,ছ,ি,স,$,V,PROG,2,PRS,LGSPEC1	হ,া,গ,ছ,ি,স
হ,া,গ,া,&,ক,া,ট,া,#,ক,ে,ট,ে,ছ,ে,ন,$,V,PRF,3,POL,PRS	হ,ে,গ,ে,ছ,ে,ন
হ,া,গ,া,&,ণ,া,গ,া,#,ণ,া,গ,ব,ি,$,V,2,FUT,LGSPEC1	হ,া,গ,ব,ি
হ,া,গ,া,&,ক,া,ট,া,#,ক,া,ট,ে,$,V,2,POL,PRS	হ,া,গ,ে
হ,া,গ,া,&,ক,া,ট,া,#,ক,ে,ট,ে,ছ,ো,$,V,PRF,3,INFM,PRS	হ,ে,গ,ে,ছ,ো
হ,া,গ,া,&,ক,া,ট,া,#,ক,া,ট,ল,ে,$,V,3,INFM,PST	হ,া,গ,ল,ে
হ,া,গ,া,&,র,া,গ,া,#,র,া,গ,ল,ো,$,V,2,POL,PST	হ,া,গ,ল,ো
হ,া,গ,া,&,ক,া,ট,া,#,ক,ে,ট,ে,ছ,ি,ল,ি,$,V,PRF,2,PST,LGSPEC1	হ,ে,গ,ে,ছ,ি,ল,ি
হ,া,গ,া,&,হ,া,ম,া,#,হ,া,ম,ল,া,ম,$,V,1,PST	হ,া,গ,ল,া,ম
হ,া,গ,া,&,ক,া,ট,া,#,ক,া,ট,ব,ে,$,V,3,INFM,FUT	হ,া,গ,ব,ে
হ,া,গ,া,&,ক,া,ট,া,#,ক,ে,ট,ে,ছ,ি,ল,ে,ন,$,V,PRF,3,POL,PST	হ,ে,গ,ে,ছ,ি,ল,ে,ন
হ,া,গ,া,&,ষ,া,গ,া,#,ষ,া,গ,ছ,ে,$,V,PROG,2,POL,PRS	হ,া,গ,ছ,ে
হ,া,গ,া,&,ক,া,ট,া,#,ক,া,ট,ছ,ি,ল,ি,$,V,PROG,2,PST,LGSPEC1	হ,া,গ,ছ,ি,ল,ি
হ,া,গ,া,&,ম,া,গ,া,#,ম,া,গ,ল,ি,$,V,2,PST,LGSPEC1	হ,া,গ,ল,ি
হ,া,গ,া,&,ক,া,ট,া,#,ক,ে,ট,ে,ছ,ি,ল,ে,$,V,PRF,3,INFM,PST	হ,ে,গ,ে,ছ,ি,ল,ে
হ,া,গ,া,&,ক,া,ট,া,#,ক,া,ট,ছ,ি,ল,ো,$,V,PROG,2,POL,PST	হ,া,গ,ছ,ি,ল,ো
হ,া,গ,া,&,ক,া,ট,া,#,ক,ে,ট,ে,ছ,ি,স,$,V,PRF,2,PRS,LGSPEC1	হ,ে,গ,ে,ছ,ি,স
হ,া,গ,া,&,ক,া,ট,া,#,ক,া,ট,ব,ে,ন,$,V,3,POL,FUT	হ,া,গ,ব,ে,ন
হ,া,গ,া,&,হ,া,ঙ,া,#,হ,া,ঙ,ো,$,V,3,INFM,PRS	হ,া,গ,ো
হ,া,গ,া,&,ক,া,ট,া,#,ক,ে,ট,ে,ছ,ে,$,V,PRF,2,POL,PRS	হ,ে,গ,ে,ছ,ে
দ,ে,খ,া,ন,ো,&,ঢ,ু,ক,া,ন,ো,#,ঢ,ু,ক,া,স,$,V,2,PRS,LGSPEC1	দ,ে,খ,া,স
দ,ে,খ,া,ন,ো,&,ঢ,ু,ক,া,ন,ো,#,ঢ,ু,ক,া,ব,ে,ন,$,V,3,POL,FUT	দ,ে,খ,া,ব,ে,ন
দ,ে,খ,া,ন,ো,&,ঢ,ে,ক,া,ন,ো,#,ঢ,ে,ক,ি,য,়,ে,ছ,ি,স,$,V,PRF,2,PRS,LGSPEC1	দ,ে,খ,ি,য,়,ে,ছ,ি,স
দ,ে,খ,া,ন,ো,&,ঢ,ু,ক,া,ন,ো,#,ঢ,ু,ক,া,য,়,$,V,2,POL,PRS	দ,ে,খ,া,য,়
দ,ে,খ,া,ন,ো,&,ঢ,ু,ক,া,ন,ো,#,ঢ,ু,ক,া,ল,ি,$,V,2,PST,LGSPEC1	দ,ে,খ,া,ল,ি
দ,ে,খ,া,ন,ো,&,ঢ,ু,ক,া,ন,ো,#,ঢ,ু,ক,া,চ,্,ছ,ি,ল,া,ম,$,V,PROG,1,PST	দ,ে,খ,া,চ,্,ছ,ি,ল,া,ম
দ,ে,খ,া,ন,ো,&,ঢ,ু,ক,া,ন,ো,#,ঢ,ু,ক,া,ব,ি,$,V,2,FUT,LGSPEC1	দ,ে,খ,া,ব,ি
দ,ে,খ,া,ন,ো,&,ঢ,ু,ক,া,ন,ো,#,ঢ,ু,ক,া,ব,ে,$,V,2,POL,FUT	দ,ে,খ,া,ব,ে
দ,ে,খ,া,ন,ো,&,ঢ,ু,ক,া,ন,ো,#,ঢ,ু,ক,ি,য,়,ে,ছ,ে,ন,$,V,PRF,3,POL,PRS	দ,ে,খ,ি,য,়,ে,ছ,ে,ন
দ,ে,খ,া,ন,ো,&,ঢ,ু,ক,া,ন,ো,#,ঢ,ু,ক,ি,য,়,ে,ছ,ে,$,V,PRF,2,POL,PRS	দ,ে,খ,ি,য,়,ে,ছ,ে
দ,ে,খ,া,ন,ো,&,ঢ,ু,ক,া,ন,ো,#,ঢ,ু,ক,া,ও,$,V,3,INFM,PRS	দ,ে,খ,া,ও
দ,ে,খ,া,ন,ো,&,ঢ,ু,ক,া,ন,ো,#,ঢ,ু,ক,া,চ,্,ছ,ে,$,V,PROG,2,POL,PRS	দ,ে,খ,া,চ,্,ছ,ে
দ,ে,খ,া,ন,ো,&,ঢ,ু,ক,া,ন,ো,#,ঢ,ু,ক,ি,য,়,ে,ছ,ি,ল,া,ম,$,V,PRF,1,PST	দ,ে,খ,ি,য,়,ে,ছ,ি,ল,া,ম
দ,ে,খ,া,ন,ো,&,ঢ,ু,ক,া,ন,ো,#,ঢ,ু,ক,া,ত,ে,$,V,NFIN	দ,ে,খ,া,ত,ে
দ,ে,খ,া,ন,ো,&,ঢ,ু,ক,া,ন,ো,#,ঢ,ু,ক,া,চ,্,ছ,ো,$,V,PROG,3,INFM,PRS	দ,ে,খ,া,চ,্,ছ,ো
দ,ে,খ,া,ন,ো,&,ঢ,ু,ক,া,ন,ো,#,ঢ,ু,ক,ি,য,়,ে,ছ,ি,ল,ো,$,V,PRF,2,POL,PST	দ,ে,খ,ি,য,়,ে,ছ,ি,ল,ো
দ,ে,খ,া,ন,ো,&,ঢ,ু,ক,া,ন,ো,#,ঢ,ু,ক,া,ত,ে,$,V,HAB,3,INFM,PST	দ,ে,খ,া,ত,ে
দ,ে,খ,া,ন,ো,&,ঢ,ু,ক,া,ন,ো,#,ঢ,ু,ক,া,ই,$,V,1,PRS	দ,ে,খ,া,ই
দ,ে,খ,া,ন,ো,&,ঢ,ু,ক,া,ন,ো,#,ঢ,ু,ক,া,ত,ো,$,V,HAB,2,POL,PST	দ,ে,খ,া,ত,ো
দ,ে,খ,া,ন,ো,&,ঢ,ু,ক,া,ন,ো,#,ঢ,ু,ক,া,চ,্,ছ,ে,ন,$,V,PROG,3,POL,PRS	দ,ে,খ,া,চ,্,ছ,ে,ন
দ,ে,খ,া,ন,ো,&,ঢ,ু,ক,া,ন,ো,#,ঢ,ু,ক,া,চ,্,ছ,ি,স,$,V,PROG,2,PRS,LGSPEC1	দ,ে,খ,া,চ,্,ছ,ি,স
দ,ে,খ,া,ন,ো,&,ঢ,ু,ক,া,ন,ো,#,ঢ,ু,ক,া,ব,ো,$,V,1,FUT	দ,ে,খ,া,ব,ো
দ,ে,খ,া,ন,ো,&,ঢ,ু,ক,া,ন,ো,#,ঢ,ু,ক,া,ল,ে,ন,$,V,3,POL,PST	দ,ে,খ,া,ল,ে,ন
দ,ে,খ,া,ন,ো,&,ঢ,ু,ক,া,ন,ো,#,ঢ,ু,ক,া,চ,্,ছ,ি,ল,ে,ন,$,V,PROG,3,POL,PST	দ,ে,খ,া,চ,্,ছ,ি,ল,ে,ন
দ,ে,খ,া,ন,ো,&,ঢ,ু,ক,া,ন,ো,#,ঢ,ু,ক,ি,য,়,ে,ছ,ি,$,V,PRF,1,PRS	দ,ে,খ,ি,য,়,ে,ছ,ি
দ,ে,খ,া,ন,ো,&,ঢ,ু,ক,া,ন,ো,#,ঢ,ু,ক,া,চ,্,ছ,ি,ল,ি,$,V,PROG,2,PST,LGSPEC1	দ,ে,খ,া,চ,্,ছ,ি,ল,ি
দ,ে,খ,া,ন,ো,&,ঢ,ু,ক,া,ন,ো,#,ঢ,ু,ক,া,ত,ে,ন,$,V,HAB,3,POL,PST	দ,ে,খ,া,ত,ে,ন
দ,ে,খ,া,ন,ো,&,ঢ,ু,ক,া,ন,ো,#,ঢ,ু,ক,া,ল,ো,$,V,2,POL,PST	দ,ে,খ,া,ল,ো
দ,ে,খ,া,ন,ো,&,ঢ,ু,ক,া,ন,ো,#,ঢ,ু,ক,া,চ,্,ছ,ি,ল,ো,$,V,PROG,2,POL,PST	দ,ে,খ,া,চ,্,ছ,ি,ল,ো
দ,ে,খ,া,ন,ো,&,ঢ,ু,ক,া,ন,ো,#,ঢ,ু,ক,ি,য,়,ে,ছ,ি,ল,ে,$,V,PRF,3,INFM,PST	দ,ে,খ,ি,য,়,ে,ছ,ি,ল,ে
দ,ে,খ,া,ন,ো,&,ঢ,ু,ক,া,ন,ো,#,ঢ,ু,ক,ি,য,়,ে,ছ,ি,ল,ে,ন,$,V,PRF,3,POL,PST	দ,ে,খ,ি,য,়,ে,ছ,ি,ল,ে,ন
দ,ে,খ,া,ন,ো,&,ত,এ,ক,া,ন,ো,#,ত,এ,ক,ি,য,়,ে,ছ,ো,$,V,PRF,3,INFM,PRS	দ,ে,খ,ি,য,়,ে,ছ,ো
দ,ে,খ,া,ন,ো,&,দ,এ,ু,ড,়,া,ন,ো,#,দ,এ,ু,ড,়,া,ত,ি,স,$,V,HAB,2,PST,LGSPEC1	দ,ে,খ,া,ত,ি,স
দ,ে,খ,া,ন,ো,&,ঢ,ু,ক,া,ন,ো,#,ঢ,ু,ক,া,ব,ে,$,V,3,INFM,FUT	দ,ে,খ,া,ব,ে
দ,ে,খ,া,ন,ো,&,ঢ,ু,ক,া,ন,ো,#,ঢ,ু,ক,ি,য,়,ে,ছ,ি,ল,ি,$,V,PRF,2,PST,LGSPEC1	দ,ে,খ,ি,য,়,ে,ছ,ি,ল,ি
দ,ে,খ,া,ন,ো,&,ঢ,ু,ক,া,ন,ো,#,ঢ,ু,ক,া,ল,া,ম,$,V,1,PST	দ,ে,খ,া,ল,া,ম
দ,ে,খ,া,ন,ো,&,ঢ,ু,ক,া,ন,ো,#,ঢ,ু,ক,া,ল,ে,$,V,3,INFM,PST	দ,ে,খ,া,ল,ে
দ,ে,খ,া,ন,ো,&,ঢ,ু,ক,া,ন,ো,#,ঢ,ু,ক,া,চ,্,ছ,ি,ল,ে,$,V,PROG,3,INFM,PST	দ,ে,খ,া,চ,্,ছ,ি,ল,ে
দ,ে,খ,া,ন,ো,&,ঢ,ু,ক,া,ন,ো,#,ঢ,ু,ক,া,ন,$,V,3,POL,PRS	দ,ে,খ,া,ন
দ,ে,খ,া,ন,ো,&,ঢ,ু,ক,া,ন,ো,#,ঢ,ু,ক,া,ত,া,ম,$,V,HAB,1,PST	দ,ে,খ,া,ত,া,ম
দ,ে,খ,া,ন,ো,&,ঢ,এ,ক,া,ন,ো,#,ঢ,এ,ক,া,চ,্,ছ,ি,$,V,PROG,1,PRS	দ,ে,খ,া,চ,্,ছ,ি
গ,ে,ল,া,&,ফ,ে,ল,া,#,ফ,ে,ল,ছ,ি,ল,ি,$,V,PROG,2,PST,LGSPEC1	গ,ি,ল,ছ,ি,ল,ি
গ,ে,ল,া,&,ফ,ে,ল,া,#,ফ,ে,ল,ছ,ি,ল,ে,$,V,PROG,3,INFM,PST	গ,ি,ল,ছ,ি,ল,ে
গ,ে,ল,া,&,ফ,ে,ল,া,#,ফ,ে,ল,ছ,ি,স,$,V,PROG,2,PRS,LGSPEC1	গ,ি,ল,ছ,ি,স
গ,ে,ল,া,&,ফ,ে,ল,া,#,ফ,ে,ল,ব,ে,$,V,3,INFM,FUT	গ,ি,ল,ব,ে
গ,ে,ল,া,&,ফ,ে,ল,া,#,ফ,ে,ল,ব,ো,$,V,1,FUT	গ,ি,ল,ব,ো
গ,ে,ল,া,&,ফ,ে,ল,া,#,ফ,ে,ল,ছ,ে,ন,$,V,PROG,3,POL,PRS	গ,ি,ল,ছ,ে,ন
গ,ে,ল,া,&,ফ,ে,ল,া,#,ফ,ে,ল,ত,ো,$,V,HAB,2,POL,PST	গ,ি,ল,ত,ো
গ,ে,ল,া,&,ফ,ে,ল,া,#,ফ,ে,ল,ে,ন,$,V,3,POL,PRS	গ,ে,ল,ে,ন
গ,ে,ল,া,&,ফ,ে,ল,া,#,ফ,ে,ল,ছ,ি,ল,ে,ন,$,V,PROG,3,POL,PST	গ,ি,ল,ছ,ি,ল,ে,ন
গ,ে,ল,া,&,ফ,ে,ল,া,#,ফ,ে,ল,্,ল,ে,$,V,3,INFM,PST	গ,ি,ল,্,ল,ে
গ,ে,ল,া,&,ফ,ে,ল,া,#,ফ,ে,ল,ছ,ো,$,V,PROG,3,INFM,PRS	গ,ি,ল,ছ,ো
গ,ে,ল,া,&,ফ,ে,ল,া,#,ফ,ে,ল,ত,ে,ন,$,V,HAB,3,POL,PST	গ,ি,ল,ত,ে,ন
গ,ে,ল,া,&,ফ,ে,ল,া,#,ফ,ে,ল,ছ,ে,$,V,PROG,2,POL,PRS	গ,ি,ল,ছ,ে
গ,ে,ল,া,&,ফ,ে,ল,া,#,ফ,ে,ল,ে,ছ,ে,$,V,PRF,2,POL,PRS	গ,ি,ল,ে,ছ,ে
গ,ে,ল,া,&,ফ,ে,ল,া,#,ফ,ে,ল,ে,ছ,ি,স,$,V,PRF,2,PRS,LGSPEC1	গ,ি,ল,ে,ছ,ি,স
গ,ে,ল,া,&,ফ,ে,ল,া,#,ফ,ে,ল,ে,ছ,ি,ল,ে,$,V,PRF,3,INFM,PST	গ,ি,ল,ে,ছ,ি,ল,ে
গ,ে,ল,া,&,ফ,ে,ল,া,#,ফ,ে,ল,ি,স,$,V,2,PRS,LGSPEC1	গ,ি,ল,ি,স
গ,ে,ল,া,&,ফ,ে,ল,া,#,ফ,ে,ল,্,ল,ে,ন,$,V,3,POL,PST	গ,ি,ল,্,ল,ে,ন
গ,ে,ল,া,&,ফ,ে,ল,া,#,ফ,ে,ল,ছ,ি,ল,া,ম,$,V,PROG,1,PST	গ,ি,ল,ছ,ি,ল,া,ম
গ,ে,ল,া,&,ফ,ে,ল,া,#,ফ,ে,ল,ে,ছ,ি,ল,া,ম,$,V,PRF,1,PST	গ,ি,ল,ে,ছ,ি,ল,া,ম
গ,ে,ল,া,&,ফ,ে,ল,া,#,ফ,ে,ল,ত,ে,$,V,HAB,3,INFM,PST	গ,ি,ল,ত,ে
গ,ে,ল,া,&,ফ,ে,ল,া,#,ফ,ে,ল,ত,ে,$,V,NFIN	গ,ি,ল,ত,ে
গ,ে,ল,া,&,ফ,ে,ল,া,#,ফ,ে,ল,ছ,ি,$,V,PROG,1,PRS	গ,ি,ল,ছ,ি
গ,ে,ল,া,&,ফ,ে,ল,া,#,ফ,ে,ল,ে,$,V,2,POL,PRS	গ,ে,ল,ে
গ,ে,ল,া,&,ফ,ে,ল,া,#,ফ,ে,ল,্,ল,া,ম,$,V,1,PST	গ,ি,ল,্,ল,া,ম
গ,ে,ল,া,&,ফ,ে,ল,া,#,ফ,ে,ল,ব,ে,ন,$,V,3,POL,FUT	গ,ি,ল,ব,ে,ন
গ,ে,ল,া,&,ফ,ে,ল,া,#,ফ,ে,ল,্,ল,ো,$,V,2,POL,PST	গ,ি,ল,্,ল,ো
গ,ে,ল,া,&,ফ,ে,ল,া,#,ফ,ে,ল,ে,ছ,ি,ল,ে,ন,$,V,PRF,3,POL,PST	গ,ি,ল,ে,ছ,ি,ল,ে,ন
গ,ে,ল,া,&,ফ,ে,ল,া,#,ফ,ে,ল,্,ল,ি,$,V,2,PST,LGSPEC1	গ,ি,ল,্,ল,ি
গ,ে,ল,া,&,ফ,ে,ল,া,#,ফ,ে,ল,ব,ে,$,V,2,POL,FUT	গ,ি,ল,ব,ে
গ,ে,ল,া,&,ফ,ে,ল,া,#,ফ,ে,ল,ে,ছ,ি,ল,ি,$,V,PRF,2,PST,LGSPEC1	গ,ি,ল,ে,ছ,ি,ল,ি
গ,ে,ল,া,&,ফ,ে,ল,া,#,ফ,ে,ল,ে,ছ,ে,ন,$,V,PRF,3,POL,PRS	গ,ি,ল,ে,ছ,ে,ন
গ,ে,ল,া,&,ফ,ে,ল,া,#,ফ,ে,ল,ত,া,ম,$,V,HAB,1,PST	গ,ি,ল,ত,া,ম
গ,ে,ল,া,&,ফ,ে,ল,া,#,ফ,ে,ল,ে,ছ,ি,ল,ো,$,V,PRF,2,POL,PST	গ,ি,ল,ে,ছ,ি,ল,ো
গ,ে,ল,া,&,ফ,ে,ল,া,#,ফ,ে,ল,ি,$,V,1,PRS	গ,ি,ল,ি
গ,ে,ল,া,&,ফ,ে,ল,া,#,ফ,ে,ল,ব,ি,$,V,2,FUT,LGSPEC1	গ,ি,ল,ব,ি
গ,ে,ল,া,&,ফ,ে,ল,া,#,ফ,ে,ল,ো,$,V,3,INFM,PRS	গ,ে,ল,ো
গ,ে,ল,া,&,ফ,ে,ল,া,#,ফ,ে,ল,ত,ি,স,$,V,HAB,2,PST,LGSPEC1	গ,ি,ল,ত,ি,স
গ,ে,ল,া,&,ফ,ে,ল,া,#,ফ,ে,ল,ছ,ি,ল,ো,$,V,PROG,2,POL,PST	গ,ি,ল,ছ,ি,ল,ো
গ,ে,ল,া,&,ফ,ে,ল,া,#,ফ,ে,ল,ে,ছ,ি,$,V,PRF,1,PRS	গ,ি,ল,ে,ছ,ি
গ,ে,ল,া,&,ফ,ে,ল,া,#,ফ,ে,ল,ে,ছ,ো,$,V,PRF,3,INFM,PRS	গ,ি,ল,ে,ছ,ো
প,া,ছ,া,&,ঙ,া,ত,া,#,ঙ,া,ত,া,ট,া,র,$,N,GEN,DEF,SG	প,া,ছ,া,ট,া,র
প,া,ছ,া,&,ভ,া,ছ,া,#,ভ,া,ছ,া,ট,া,$,N,NOM,DEF,SG	প,া,ছ,া,ট,া
প,া,ছ,া,&,ফ,ু,ছ,#,ফ,ু,ছ,ে,$,N,LOC,NDEF	প,া,ছ,া,ত,ে
প,া,ছ,া,&,ছ,া,উ,া,#,ছ,া,উ,া,গ,ু,ল,া,$,N,NOM,DEF,PL	প,া,ছ,া,গ,ু,ল,া
প,া,ছ,া,&,শ,ে,ছ,া,#,শ,ে,ছ,া,ট,া,ত,ে,$,N,LOC,DEF,SG	প,া,ছ,া,ট,া,ত,ে
প,া,ছ,া,&,ড,্,ি,ছ,#,ড,্,ি,ছ,র,$,N,GEN,NDEF	প,া,ছ,া,র
প,া,ছ,া,&,আ,া,ত,া,#,আ,া,ত,া,গ,ু,ল,া,র,$,N,GEN,DEF,PL	প,া,ছ,া,গ,ু,ল,া,র
প,া,ছ,া,&,আ,ছ,ৃ,#,আ,ছ,ৃ,$,N,ACC,NDEF	প,া,ছ,া
প,া,ছ,া,&,ী,া,ত,া,#,ী,া,ত,া,ট,া,$,N,ACC,DEF,SG	প,া,ছ,া,ট,া
প,া,ছ,া,&,ষ,া,চ,্,ও,#,ষ,া,চ,্,ও,$,N,NOM,NDEF	প,া,ছ,া
প,া,ছ,া,&,চ,ো,া,#,চ,ো,া,গ,ু,ল,া,ত,ে,$,N,LOC,DEF,PL	প,া,ছ,া,গ,ু,ল,া,ত,ে
প,া,ছ,া,&,চ,্,খ,#,চ,্,খ,গ,ু,ল,া,$,N,ACC,DEF,PL	প,া,ছ,া,গ,ু,ল,া
ল,ু,ক,া,ন,ো,&,ঢ,ু,ক,া,ন,ো,#,ঢ,ু,ক,া,ত,ে,$,V,HAB,3,INFM,PST	ল,ু,ক,া,ত,ে
ল,ু,ক,া,ন,ো,&,ঢ,ু,ক,া,ন,ো,#,ঢ,ু,ক,া,ল,ো,$,V,2,POL,PST	ল,ু,ক,া,ল,ো
ল,ু,ক,া,ন,ো,&,ঢ,ু,ক,া,ন,ো,#,ঢ,ু,ক,া,ত,ে,$,V,NFIN	ল,ু,ক,া,ত,ে
ল,ু,ক,া,ন,ো,&,ঢ,ু,ক,া,ন,ো,#,ঢ,ু,ক,ি,য,়,ে,ছ,ি,ল,া,ম,$,V,PRF,1,PST	ল,ু,ক,ি,য,়,ে,ছ,ি,ল,া,ম
ল,ু,ক,া,ন,ো,&,ঢ,ু,ক,া,ন,ো,#,ঢ,ু,ক,া,ত,া,ম,$,V,HAB,1,PST	ল,ু,ক,া,ত,া,ম
ল,ু,ক,া,ন,ো,&,ঢ,ু,ক,া,ন,ো,#,ঢ,ু,ক,া,য,়,$,V,2,POL,PRS	ল,ু,ক,া,য,়
ল,ু,ক,া,ন,ো,&,ঢ,ু,ক,া,ন,ো,#,ঢ,ু,ক,া,চ,্,ছ,ে,$,V,PROG,2,POL,PRS	ল,ু,ক,া,চ,্,ছ,ে
ল,ু,ক,া,ন,ো,&,ঢ,ু,ক,া,ন,ো,#,ঢ,ু,ক,া,চ,্,ছ,ে,ন,$,V,PROG,3,POL,PRS	ল,ু,ক,া,চ,্,ছ,ে,ন
ল,ু,ক,া,ন,ো,&,ঢ,ু,ক,া,ন,ো,#,ঢ,ু,ক,া,ব,ে,ন,$,V,3,POL,FUT	ল,ু,ক,া,ব,ে,ন
ল,ু,ক,া,ন,ো,&,ঢ,ু,ক,া,ন,ো,#,ঢ,ু,ক,া,ল,ি,$,V,2,PST,LGSPEC1	ল,ু,ক,া,ল,ি
ল,ু,ক,া,ন,ো,&,ঢ,ু,ক,া,ন,ো,#,ঢ,ু,ক,া,ত,ি,স,$,V,HAB,2,PST,LGSPEC1	ল,ু,ক,া,ত,ি,স
ল,ু,ক,া,ন,ো,&,ঢ,ু,ক,া,ন,ো,#,ঢ,ু,ক,া,স,$,V,2,PRS,LGSPEC1	ল,ু,ক,া,স
ল,ু,ক,া,ন,ো,&,ঢ,ু,ক,া,ন,ো,#,ঢ,ু,ক,ি,য,়,ে,ছ,ি,ল,ি,$,V,PRF,2,PST,LGSPEC1	ল,ু,ক,ি,য,়,ে,ছ,ি,ল,ি
ল,ু,ক,া,ন,ো,&,ঢ,ু,ক,া,ন,ো,#,ঢ,ু,ক,া,ল,ে,$,V,3,INFM,PST	ল,ু,ক,া,ল,ে
ল,ু,ক,া,ন,ো,&,ঢ,ু,ক,া,ন,ো,#,ঢ,ু,ক,ি,য,়,ে,ছ,ি,ল,ে,$,V,PRF,3,INFM,PST	ল,ু,ক,ি,য,়,ে,ছ,ি,ল,ে
ল,ু,ক,া,ন,ো,&,ঢ,ু,ক,া,ন,ো,#,ঢ,ু,ক,া,ও,$,V,3,INFM,PRS	ল,ু,ক,া,ও
ল,ু,ক,া,ন,ো,&,ঢ,ু,ক,া,ন,ো,#,ঢ,ু,ক,া,ল,া,ম,$,V,1,PST	ল,ু,ক,া,ল,া,ম
ল,ু,ক,া,ন,ো,&,ঢ,ু,ক,া,ন,ো,#,ঢ,ু,ক,া,ব,ে,$,V,2,POL,FUT	ল,ু,ক,া,ব,ে
ল,ু,ক,া,ন,ো,&,ঢ,ু,ক,া,ন,ো,#,ঢ,ু,ক,া,চ,্,ছ,ি,স,$,V,PROG,2,PRS,LGSPEC1	ল,ু,ক,া,চ,্,ছ,ি,স
ল,ু,ক,া,ন,ো,&,ন,ু,ক,া,ন,ো,#,ন,ু,ক,া,চ,্,ছ,ি,$,V,PROG,1,PRS	ল,ু,ক,া,চ,্,ছ,ি
ল,ু,ক,া,ন,ো,&,ঢ,ু,ক,া,ন,ো,#,ঢ,ু,ক,ি,য,়,ে,ছ,ি,স,$,V,PRF,2,PRS,LGSPEC1	ল,ু,ক,ি,য,়,ে,ছ,ি,স
ল,ু,ক,া,ন,ো,&,ঢ,ু,ক,া,ন,ো,#,ঢ,ু,ক,া,চ,্,ছ,ি,ল,ে,ন,$,V,PROG,3,POL,PST	ল,ু,ক,া,চ,্,ছ,ি,ল,ে,ন
ল,ু,ক,া,ন,ো,&,ঢ,ু,ক,া,ন,ো,#,ঢ,ু,ক,ি,য,়,ে,ছ,ি,ল,ো,$,V,PRF,2,POL,PST	ল,ু,ক,ি,য,়,ে,ছ,ি,ল,ো
ল,ু,ক,া,ন,ো,&,ঢ,ু,ক,া,ন,ো,#,ঢ,ু,ক,া,ব,ি,$,V,2,FUT,LGSPEC1	ল,ু,ক,া,ব,ি
ল,ু,ক,া,ন,ো,&,ঢ,ু,ক,া,ন,ো,#,ঢ,ু,ক,া,ব,ো,$,V,1,FUT	ল,ু,ক,া,ব,ো
ল,ু,ক,া,ন,ো,&,ঢ,ু,ক,া,ন,ো,#,ঢ,ু,ক,া,চ,্,ছ,ি,ল,া,ম,$,V,PROG,1,PST	ল,ু,ক,া,চ,্,ছ,ি,ল,া,ম
ল,ু,ক,া,ন,ো,&,ঢ,ু,ক,া,ন,ো,#,ঢ,ু,ক,া,চ,্,ছ,ি,ল,ো,$,V,PROG,2,POL,PST	ল,ু,ক,া,চ,্,ছ,ি,ল,ো
ল,ু,ক,া,ন,ো,&,স,ু,ক,া,ন,ো,#,স,ু,ক,ি,য,়,ে,ছ,ে,ন,$,V,PRF,3,POL,PRS	ল,ু,ক,ি,য,়,ে,ছ,ে,ন
ল,ু,ক,া,ন,ো,&,ঢ,ু,ক,া,ন,ো,#,ঢ,ু,ক,া,ত,ো,$,V,HAB,2,POL,PST	ল,ু,ক,া,ত,ো
ল,ু,ক,া,ন,ো,&,ঢ,ু,ক,া,ন,ো,#,ঢ,ু,ক,া,ব,ে,$,V,3,INFM,FUT	ল,ু,ক,া,ব,ে
ল,ু,ক,া,ন,ো,&,ঢ,ু,ক,া,ন,ো,#,ঢ,ু,ক,া,ল,ে,ন,$,V,3,POL,PST	ল,ু,ক,া,ল,ে,ন
ল,ু,ক,া,ন,ো,&,ঢ,ু,ক,া,ন,ো,#,ঢ,ু,ক,ি,য,়,ে,ছ,ি,ল,ে,ন,$,V,PRF,3,POL,PST	ল,ু,ক,ি,য,়,ে,ছ,ি,ল,ে,ন
ল,ু,ক,া,ন,ো,&,ঢ,ু,ক,া,ন,ো,#,ঢ,ু,ক,া,চ,্,ছ,ি,ল,ে,$,V,PROG,3,INFM,PST	ল,ু,ক,া,চ,্,ছ,ি,ল,ে
ল,ু,ক,া,ন,ো,&,ঢ,ু,ক,া,ন,ো,#,ঢ,ু,ক,া,চ,্,ছ,ো,$,V,PROG,3,INFM,PRS	ল,ু,ক,া,চ,্,ছ,ো
ল,ু,ক,া,ন,ো,&,ঢ,ু,ক,া,ন,ো,#,ঢ,ু,ক,ি,য,়,ে,ছ,ো,$,V,PRF,3,INFM,PRS	ল,ু,ক,ি,য,়,ে,ছ,ো
ল,ু,ক,া,ন,ো,&,ঢ,ু,ক,া,ন,ো,#,ঢ,ু,ক,া,চ,্,ছ,ি,ল,ি,$,V,PROG,2,PST,LGSPEC1	ল,ু,ক,া,চ,্,ছ,ি,ল,ি
ল,ু,ক,া,ন,ো,&,ঢ,ু,ক,া,ন,ো,#,ঢ,ু,ক,ি,য,়,ে,ছ,ে,$,V,PRF,2,POL,PRS	ল,ু,ক,ি,য,়,ে,ছ,ে
ল,ু,ক,া,ন,ো,&,ঢ,ু,ক,া,ন,ো,#,ঢ,ু,ক,া,ন,$,V,3,POL,PRS	ল,ু,ক,া,ন
ল,ু,ক,া,ন,ো,&,ঢ,ু,ক,া,ন,ো,#,ঢ,ু,ক,ি,য,়,ে,ছ,ি,$,V,PRF,1,PRS	ল,ু,ক,ি,য,়,ে,ছ,ি
ল,ু,ক,া,ন,ো,&,ঢ,ু,ক,া,ন,ো,#,ঢ,ু,ক,া,ত,ে,ন,$,V,HAB,3,POL,PST	ল,ু,ক,া,ত,ে,ন
ল,ু,ক,া,ন,ো,&,ঢ,ু,ক,া,ন,ো,#,ঢ,ু,ক,া,ই,$,V,1,PRS	ল,ু,ক,া,ই
ন,া,ম,&,ন,্,ন,ু,#,ন,্,ন,ু,ত,ে,$,N,LOC,NDEF	ন,া,ম,ে
ন,া,ম,&,ন,ু,গ,ু,#,ন,ু,গ,ু,ট,া,ত,ে,$,N,LOC,DEF,SG	ন,া,ম,ট,া,ত,ে
ন,া,ম,&,ত,ি,ম,ি,#,ত,ি,ম,ি,$,N,NOM,NDEF	ন,া,ম
ন,া,ম,&,ত,ি,ম,ি,#,ত,ি,ম,ি,ট,া,ক,ে,$,N,ACC,DEF,SG	ন,া,ম,ট,া
ন,া,ম,&,স,আ,র,#,স,আ,র,ট,া,$,N,NOM,DEF,SG	ন,া,ম,ট,া
ন,া,ম,&,ত,ি,ম,ি,#,ত,ি,ম,ি,দ,ে,র,ক,ে,$,N,ACC,DEF,PL	ন,া,ম,গ,ু,ল,া
ন,া,ম,&,ত,ি,ম,ি,#,ত,ি,ম,ি,$,N,ACC,NDEF	ন,া,ম
ন,া,ম,&,ণ,ি,হ,#,ণ,ি,হ,গ,ু,ল,া,ত,ে,$,N,LOC,DEF,PL	ন,া,ম,গ,ু,ল,া,ত,ে
ন,া,ম,&,ত,ি,ম,ি,#,ত,ি,ম,ি,র,$,N,GEN,NDEF	ন,া,ম,ে,র
ন,া,ম,&,ত,ি,ম,ি,#,ত,ি,ম,ি,ট,া,র,$,N,GEN,DEF,SG	ন,া,ম,ট,া,র
ন,া,ম,&,ত,ি,ম,ি,#,ত,ি,ম,ি,র,া,$,N,NOM,DEF,PL	ন,া,ম,গ,ু,ল,া
ন,া,ম,&,ত,ি,ম,ি,#,ত,ি,ম,ি,দ,ে,র,$,N,GEN,DEF,PL	ন,া,ম,গ,ু,ল,া,র
ঘ,ট,ন,া,&,ধ,ট,া,ক,া,#,ধ,ট,া,ক,া,ট,া,ত,ে,$,N,LOC,DEF,SG	ঘ,ট,ন,া,ট,া,ত,ে
ঘ,ট,ন,া,&,জ,ু,ত,া,#,জ,ু,ত,া,ত,ে,$,N,LOC,NDEF	ঘ,ট,ন,া,ত,ে
ঘ,ট,ন,া,&,ব,ড,ত,া,#,ব,ড,ত,া,ট,া,$,N,ACC,DEF,SG	ঘ,ট,ন,া,ট,া
ঘ,ট,ন,া,&,ঘ,ল,া,ব,া,#,ঘ,ল,া,ব,া,$,N,ACC,NDEF	ঘ,ট,ন,া
ঘ,ট,ন,া,&,খ,ঙ,ন,#,খ,ঙ,ন,দ,ে,র,ক,ে,$,N,ACC,DEF,PL	ঘ,ট,ন,া,গ,ু,ল,া
ঘ,ট,ন,া,&,ঘ,গ,ক,া,#,ঘ,গ,ক,া,$,N,NOM,NDEF	ঘ,ট,ন,া
ঘ,ট,ন,া,&,ভ,ক,ষ,া,#,ভ,ক,ষ,া,গ,ু,ল,া,ত,ে,$,N,LOC,DEF,PL	ঘ,ট,ন,া,গ,ু,ল,া,ত,ে
ঘ,ট,ন,া,&,ভ,ট,ষ,া,#,ভ,ট,ষ,া,ট,া,$,N,NOM,DEF,SG	ঘ,ট,ন,া,ট,া
ঘ,ট,ন,া,&,এ,ঘ,ফ,ক,া,#,এ,ঘ,ফ,ক,া,গ,ু,ল,া,র,$,N,GEN,DEF,PL	ঘ,ট,ন,া,গ,ু,ল,া,র
ঘ,ট,ন,া,&,ঘ,ল,ি,#,ঘ,ল,ি,র,$,N,GEN,NDEF	ঘ,ট,ন,া,র
ঘ,ট,ন,া,&,ভ,ট,ষ,া,#,ভ,ট,ষ,া,গ,ু,ল,া,$,N,NOM,DEF,PL	ঘ,ট,ন,া,গ,ু,ল,া
ঘ,ট,ন,া,&,ও,ঘ,ত,া,#,ও,ঘ,ত,া,ট,া,র,$,N,GEN,DEF,SG	ঘ,ট,ন,া,ট,া,র
জ,া,ন,া,ল,া,&,জ,ে,ল,া,#,জ,ে,ল,া,$,N,NOM,NDEF	জ,া,ন,া,ল,া
জ,া,ন,া,ল,া,&,জ,ে,ল,া,#,জ,ে,ল,া,গ,ু,ল,া,$,N,NOM,DEF,PL	জ,া,ন,া,ল,া,গ,ু,ল,া
জ,া,ন,া,ল,া,&,জ,ে,ল,া,#,জ,ে,ল,া,ট,া,$,N,ACC,DEF,SG	জ,া,ন,া,ল,া,ট,া
জ,া,ন,া,ল,া,&,জ,ে,ল,া,#,জ,ে,ল,া,র,$,N,GEN,NDEF	জ,া,ন,া,ল,া,র
জ,া,ন,া,ল,া,&,জ,ে,ল,া,#,জ,ে,ল,া,গ,ু,ল,া,ত,ে,$,N,LOC,DEF,PL	জ,া,ন,া,ল,া,গ,ু,ল,া,ত,ে
জ,া,ন,া,ল,া,&,জ,ে,ল,া,#,জ,ে,ল,া,ট,া,$,N,NOM,DEF,SG	জ,া,ন,া,ল,া,ট,া
জ,া,ন,া,ল,া,&,জ,ে,ল,া,#,জ,ে,ল,া,ট,া,ত,ে,$,N,LOC,DEF,SG	জ,া,ন,া,ল,া,ট,া,ত,ে
জ,া,ন,া,ল,া,&,জ,ে,ল,া,#,জ,ে,ল,া,গ,ু,ল,া,র,$,N,GEN,DEF,PL	জ,া,ন,া,ল,া,গ,ু,ল,া,র
জ,া,ন,া,ল,া,&,জ,ে,ল,া,#,জ,ে,ল,া,ট,া,র,$,N,GEN,DEF,SG	জ,া,ন,া,ল,া,ট,া,র
জ,া,ন,া,ল,া,&,জ,ে,ল,া,#,জ,ে,ল,া,ত,ে,$,N,LOC,NDEF	জ,া,ন,া,ল,া,ত,ে
জ,া,ন,া,ল,া,&,জ,ে,ল,া,#,জ,ে,ল,া,গ,ু,ল,া,$,N,ACC,DEF,PL	জ,া,ন,া,ল,া,গ,ু,ল,া
জ,া,ন,া,ল,া,&,জ,ে,ল,া,#,জ,ে,ল,া,$,N,ACC,NDEF	জ,া,ন,া,ল,া
অ,ঙ,্,গ,&,ল,ি,ঙ,্,গ,#,ল,ি,ঙ,্,গ,ট,া,র,$,N,GEN,DEF,SG	অ,ঙ,্,গ,ট,া,র
অ,ঙ,্,গ,&,উ,ো,ঙ,্,গ,#,উ,ো,ঙ,্,গ,$,N,NOM,NDEF	অ,ঙ,্,গ
অ,ঙ,্,গ,&,ল,্,ঙ,্,গ,#,ল,্,ঙ,্,গ,ট,া,$,N,NOM,DEF,SG	অ,ঙ,্,গ,ট,া
অ,ঙ,্,গ,&,অ,ে,হ,#,অ,ে,হ,গ,ু,ল,া,ত,ে,$,N,LOC,DEF,PL	অ,ঙ,্,গ,গ,ু,ল,া,ত,ে
অ,ঙ,্,গ,&,ও,ঙ,ো,ি,#,ও,ঙ,ো,ি,ট,া,ক,ে,$,N,ACC,DEF,SG	অ,ঙ,্,গ,ট,া
অ,ঙ,্,গ,&,ল,ি,ঙ,্,গ,#,ল,ি,ঙ,্,গ,ে,র,$,N,GEN,NDEF	অ,ঙ,্,গ,ে,র
অ,ঙ,্,গ,&,ল,ি,ঙ,্,গ,#,ল,ি,ঙ,্,গ,ে,$,N,LOC,NDEF	অ,ঙ,্,গ,ে
অ,ঙ,্,গ,&,ল,ি,ঙ,্,গ,#,ল,ি,ঙ,্,গ,ট,া,ত,ে,$,N,LOC,DEF,SG	অ,ঙ,্,গ,ট,া,ত,ে
অ,ঙ,্,গ,&,া,ী,ঙ,্,গ,#,া,ী,ঙ,্,গ,গ,ু,ল,া,$,N,NOM,DEF,PL	অ,ঙ,্,গ,গ,ু,ল,া
অ,ঙ,্,গ,&,ত,ও,ঙ,্,গ,#,ত,ও,ঙ,্,গ,গ,ু,ল,া,র,$,N,GEN,DEF,PL	অ,ঙ,্,গ,গ,ু,ল,া,র
অ,ঙ,্,গ,&,ল,ি,ঙ,্,গ,#,ল,ি,ঙ,্,গ,গ,ু,ল,া,$,N,ACC,DEF,PL	অ,ঙ,্,গ,গ,ু,ল,া
অ,ঙ,্,গ,&,অ,়,র,#,অ,়,র,$,N,ACC,NDEF	অ,ঙ,্,গ
ব,ৃ,ষ,্,ট,ি, ,হ,ও,য,়,া,&,ই,ড,ষ,খ,ি, ,হ,ও,য,়,া,#,ই,ড,ষ,খ,ি, ,হ,স,$,V,2,PRS,LGSPEC1	ব,ৃ,ষ,্,ট,ি, ,হ,স
ব,ৃ,ষ,্,ট,ি, ,হ,ও,য,়,া,&,অ,়,্,ট,া, ,হ,ও,য,়,া,#,অ,়,্,ট,া, ,হ,চ,্,ছ,ি,ল,ে,ন,$,V,PROG,3,POL,PST	ব,ৃ,ষ,্,ট,ি, ,হ,চ,্,ছ,ি,ল,ে,ন
ব,ৃ,ষ,্,ট,ি, ,হ,ও,য,়,া,&,ক,ঙ,্,্,া, ,হ,ও,য,়,া,#,ক,ঙ,্,্,া, ,হ,ত,ি,স,$,V,HAB,2,PST,LGSPEC1	ব,ৃ,ষ,্,ট,ি, ,হ,ত,ি,স
ব,ৃ,ষ,্,ট,ি, ,হ,ও,য,়,া,&,ই,ড,্,অ,ি, ,হ,ও,য,়,া,#,ই,ড,্,অ,ি, ,হ,চ,্,ছ,ি,ল,ে,$,V,PROG,3,INFM,PST	ব,ৃ,ষ,্,ট,ি, ,হ,চ,্,ছ,ি,ল,ে
ব,ৃ,ষ,্,ট,ি, ,হ,ও,য,়,া,&,ও,ঢ,্,ব,া, ,হ,ও,য,়,া,#,ও,ঢ,্,ব,া, ,হ,ল,ো,$,V,2,POL,PST	ব,ৃ,ষ,্,ট,ি, ,হ,ল,ো
ব,ৃ,ষ,্,ট,ি, ,হ,ও,য,়,া,&,হ,ও,য,়,া,#,হ,ত,া,ম,$,V,HAB,1,PST	ব,ৃ,ষ,্,ট,ি, ,হ,ত,া,ম
ব,ৃ,ষ,্,ট,ি, ,হ,ও,য,়,া,&,ই,চ,্,ো,ও, ,হ,ও,য,়,া,#,ই,চ,্,ো,ও, ,হ,চ,্,ছ,ি,ল,ি,$,V,PROG,2,PST,LGSPEC1	ব,ৃ,ষ,্,ট,ি, ,হ,চ,্,ছ,ি,ল,ি
ব,ৃ,ষ,্,ট,ি, ,হ,ও,য,়,া,&,হ,ও,য,়,া,#,হ,য,়,ে,ছ,ি,স,$,V,PRF,2,PRS,LGSPEC1	ব,ৃ,ষ,্,ট,ি, ,হ,য,়,ে,ছ,ি,স
ব,ৃ,ষ,্,ট,ি, ,হ,ও,য,়,া,&,ষ,ি,ু,ম,এ, ,হ,ও,য,়,া,#,ষ,ি,ু,ম,এ, ,হ,য,়,ে,ছ,ে,$,V,PRF,2,POL,PRS	ব,ৃ,ষ,্,ট,ি, ,হ,য,়,ে,ছ,ে
ব,ৃ,ষ,্,ট,ি, ,হ,ও,য,়,া,&,হ,ও,য,়,া,#,হ,য,়,ে,ছ,ো,$,V,PRF,3,INFM,PRS	ব,ৃ,ষ,্,ট,ি, ,হ,য,়,ে,ছ,ো
ব,ৃ,ষ,্,ট,ি, ,হ,ও,য,়,া,&,হ,ও,য,়,া,#,হ,চ,্,ছ,ো,$,V,PROG,3,INFM,PRS	ব,ৃ,ষ,্,ট,ি, ,হ,চ,্,ছ,ো
ব,ৃ,ষ,্,ট,ি, ,হ,ও,য,়,া,&,ই,ব,্,ভ,হ, ,হ,ও,য,়,া,#,ই,ব,্,ভ,হ, ,হ,ত,ে,ন,$,V,HAB,3,POL,PST	ব,ৃ,ষ,্,ট,ি, ,হ,ত,ে,ন
ব,ৃ,ষ,্,ট,ি, ,হ,ও,য,়,া,&,ই,ম,্,ন,ৃ, ,হ,ও,য,়,া,#,ই,ম,্,ন,ৃ, ,হ,ত,ে,$,V,HAB,3,INFM,PST	ব,ৃ,ষ,্,ট,ি, ,হ,ত,ে
ব,ৃ,ষ,্,ট,ি, ,হ,ও,য,়,া,&,ই,চ,্,হ,া, ,হ,ও,য,়,া,#,ই,চ,্,হ,া, ,হ,ল,ে,ন,$,V,3,POL,PST	ব,ৃ,ষ,্,ট,ি, ,হ,ল,ে,ন
ব,ৃ,ষ,্,ট,ি, ,হ,ও,য,়,া,&,হ,ও,য,়,া,#,হ,চ,্,ছ,ি,ল,ো,$,V,PROG,2,POL,PST	ব,ৃ,ষ,্,ট,ি, ,হ,চ,্,ছ,ি,ল,ো
ব,ৃ,ষ,্,ট,ি, ,হ,ও,য,়,া,&,উ,গ,্,ো,ঢ, ,হ,ও,য,়,া,#,উ,গ,্,ো,ঢ, ,হ,ই,$,V,1,PRS	ব,ৃ,ষ,্,ট,ি, ,হ,ই
ব,ৃ,ষ,্,ট,ি, ,হ,ও,য,়,া,&,ই,চ,্,গ,অ, ,হ,ও,য,়,া,#,ই,চ,্,গ,অ, ,হ,চ,্,ছ,ি,$,V,PROG,1,PRS	ব,ৃ,ষ,্,ট,ি, ,হ,চ,্,ছ,ি
ব,ৃ,ষ,্,ট,ি, ,হ,ও,য,়,া,&,হ,ও,য,়,া,#,হ,ব,ো,$,V,1,FUT	ব,ৃ,ষ,্,ট,ি, ,হ,ব,ো
ব,ৃ,ষ,্,ট,ি, ,হ,ও,য,়,া,&,হ,ও,য,়,া,#,হ,য,়,ে,ছ,ি,ল,ো,$,V,PRF,2,POL,PST	ব,ৃ,ষ,্,ট,ি, ,হ,য,়,ে,ছ,ি,ল,ো
ব,ৃ,ষ,্,ট,ি, ,হ,ও,য,়,া,&,ই,স,্,আ,া, ,হ,ও,য,়,া,#,ই,স,্,আ,া, ,হ,য,়,ে,ছ,ি,ল,া,ম,$,V,PRF,1,PST	ব,ৃ,ষ,্,ট,ি, ,হ,য,়,ে,ছ,ি,ল,া,ম
ব,ৃ,ষ,্,ট,ি, ,হ,ও,য,়,া,&,ই,শ,্,ু,ক, ,হ,ও,য,়,া,#,ই,শ,্,ু,ক, ,হ,য,়,ে,ছ,ি,ল,ে,$,V,PRF,3,INFM,PST	ব,ৃ,ষ,্,ট,ি, ,হ,য,়,ে,ছ,ি,ল,ে
ব,ৃ,ষ,্,ট,ি, ,হ,ও,য,়,া,&,হ,ও,য,়,া,#,হ,চ,্,ছ,ি,স,$,V,PROG,2,PRS,LGSPEC1	ব,ৃ,ষ,্,ট,ি, ,হ,চ,্,ছ,ি,স
ব,ৃ,ষ,্,ট,ি, ,হ,ও,য,়,া,&,হ,ও,য,়,া,#,হ,ল,ি,$,V,2,PST,LGSPEC1	ব,ৃ,ষ,্,ট,ি, ,হ,ল,ি
ব,ৃ,ষ,্,ট,ি, ,হ,ও,য,়,া,&,হ,ও,য,়,া,#,হ,ত,ে,$,V,NFIN	ব,ৃ,ষ,্,ট,ি, ,হ,ত,ে
ব,ৃ,ষ,্,ট,ি, ,হ,ও,য,়,া,&,হ,ও,য,়,া,#,হ,ত,ো,$,V,HAB,2,POL,PST	ব,ৃ,ষ,্,ট,ি, ,হ,ত,ো
ব,ৃ,ষ,্,ট,ি, ,হ,ও,য,়,া,&,ই,ত,ব,্,ট, ,হ,ও,য,়,া,#,ই,ত,ব,্,ট, ,হ,য,়,ে,ছ,ি,ল,ি,$,V,PRF,2,PST,LGSPEC1	ব,ৃ,ষ,্,ট,ি, ,হ,য,়,ে,ছ,ি,ল,ি
ব,ৃ,ষ,্,ট,ি, ,হ,ও,য,়,া,&,ই,আ,্,ব,া, ,হ,ও,য,়,া,#,ই,আ,্,ব,া, ,হ,চ,্,ছ,ে,ন,$,V,PROG,3,POL,PRS	ব,ৃ,ষ,্,ট,ি, ,হ,চ,্,ছ,ে,ন
ব,ৃ,ষ,্,ট,ি, ,হ,ও,য,়,া,&,হ,ও,য,়,া,#,হ,ল,ে,$,V,3,INFM,PST	ব,ৃ,ষ,্,ট,ি, ,হ,ল,ে
ব,ৃ,ষ,্,ট,ি, ,হ,ও,য,়,া,&,হ,ও,য,়,া,#,হ,য,়,ে,ছ,ি,$,V,PRF,1,PRS	ব,ৃ,ষ,্,ট,ি, ,হ,য,়,ে,ছ,ি
ব,ৃ,ষ,্,ট,ি, ,হ,ও,য,়,া,&,হ,ও,য,়,া,#,হ,ন,$,V,3,POL,PRS	ব,ৃ,ষ,্,ট,ি, ,হ,ন
ব,ৃ,ষ,্,ট,ি, ,হ,ও,য,়,া,&,ত,ে,্,ট,া, ,হ,ও,য,়,া,#,ত,ে,্,ট,া, ,হ,ব,ে,ন,$,V,3,POL,FUT	ব,ৃ,ষ,্,ট,ি, ,হ,ব,ে,ন
ব,ৃ,ষ,্,ট,ি, ,হ,ও,য,়,া,&,ই,চ,্,ট,া, ,হ,ও,য,়,া,#,ই,চ,্,ট,া, ,হ,ব,ি,$,V,2,FUT,LGSPEC1	ব,ৃ,ষ,্,ট,ি, ,হ,ব,ি
ব,ৃ,ষ,্,ট,ি, ,হ,ও,য,়,া,&,ই,ও,্,ে,া, ,হ,ও,য,়,া,#,ই,ও,্,ে,া, ,হ,য,়,ে,ছ,ে,ন,$,V,PRF,3,POL,PRS	ব,ৃ,ষ,্,ট,ি, ,হ,য,়,ে,ছ,ে,ন
ব,ৃ,ষ,্,ট,ি, ,হ,ও,য,়,া,&,ই,দ,্,হ,া, ,হ,ও,য,়,া,#,ই,দ,্,হ,া, ,হ,চ,্,ছ,ে,$,V,PROG,2,POL,PRS	ব,ৃ,ষ,্,ট,ি, ,হ,চ,্,ছ,ে
ব,ৃ,ষ,্,ট,ি, ,হ,ও,য,়,া,&,ই,আ,ঠ,ি,গ, ,হ,ও,য,়,া,#,ই,আ,ঠ,ি,গ, ,হ,ব,ে,$,V,2,POL,FUT	ব,ৃ,ষ,্,ট,ি, ,হ,ব,ে
ব,ৃ,ষ,্,ট,ি, ,হ,ও,য,়,া,&,া,্,ঁ,গ,া, ,হ,ও,য,়,া,#,া,্,ঁ,গ,া, ,হ,ল,া,ম,$,V,1,PST	ব,ৃ,ষ,্,ট,ি, ,হ,ল,া,ম
ব,ৃ,ষ,্,ট,ি, ,হ,ও,য,়,া,&,ু,া,ু,ৃ,প, ,হ,ও,য,়,া,#,ু,া,ু,ৃ,প, ,হ,ও,$,V,3,INFM,PRS	ব,ৃ,ষ,্,ট,ি, ,হ,ও
ব,ৃ,ষ,্,ট,ি, ,হ,ও,য,়,া,&,ই,চ,্,উ,া, ,হ,ও,য,়,া,#,ই,চ,্,উ,া, ,হ,চ,্,ছ,ি,ল,া,ম,$,V,PROG,1,PST	ব,ৃ,ষ,্,ট,ি, ,হ,চ,্,ছ,ি,ল,া,ম
ব,ৃ,ষ,্,ট,ি, ,হ,ও,য,়,া,&,হ,চ,্,ি,া, ,হ,ও,য,়,া,#,হ,চ,্,ি,া, ,হ,য,়,$,V,2,POL,PRS	ব,ৃ,ষ,্,ট,ি, ,হ,য,়
ব,ৃ,ষ,্,ট,ি, ,হ,ও,য,়,া,&,ই,চ,্,্,া, ,হ,ও,য,়,া,#,ই,চ,্,্,া, ,হ,ব,ে,$,V,3,INFM,FUT	ব,ৃ,ষ,্,ট,ি, ,হ,ব,ে
ব,ৃ,ষ,্,ট,ি, ,হ,ও,য,়,া,&,ই,্,ঙ,ম,া, ,হ,ও,য,়,া,#,ই,্,ঙ,ম,া, ,হ,য,়,ে,ছ,ি,ল,ে,ন,$,V,PRF,3,POL,PST	ব,ৃ,ষ,্,ট,ি, ,হ,য,়,ে,ছ,ি,ল,ে,ন
জ,া,ন,া,&,জ,া,গ,া,#,জ,া,গ,ছ,ি,ল,া,ম,$,V,PROG,1,PST	জ,া,ন,ছ,ি,ল,া,ম
জ,া,ন,া,&,জ,া,গ,া,#,জ,া,গ,ে,ন,$,V,3,POL,PRS	জ,া,ন,ে,ন
জ,া,ন,া,&,জ,া,গ,া,#,জ,া,গ,ছ,ে,ন,$,V,PROG,3,POL,PRS	জ,া,ন,ছ,ে,ন
জ,া,ন,া,&,জ,া,গ,া,#,জ,ে,গ,ে,ছ,ি,ল,া,ম,$,V,PRF,1,PST	জ,ে,ন,ে,ছ,ি,ল,া,ম
জ,া,ন,া,&,জ,া,গ,া,#,জ,া,গ,ছ,ো,$,V,PROG,3,INFM,PRS	জ,া,ন,ছ,ো
জ,া,ন,া,&,জ,া,গ,া,#,জ,া,গ,ল,ি,$,V,2,PST,LGSPEC1	জ,া,ন,ল,ি
জ,া,ন,া,&,জ,া,গ,া,#,জ,া,গ,ি,$,V,1,PRS	জ,া,ন,ি
জ,া,ন,া,&,জ,া,গ,া,#,জ,া,গ,ত,ে,ন,$,V,HAB,3,POL,PST	জ,া,ন,ত,ে,ন
জ,া,ন,া,&,জ,া,গ,া,#,জ,ে,গ,ে,ছ,ি,ল,ে,$,V,PRF,3,INFM,PST	জ,ে,ন,ে,ছ,ি,ল,ে
জ,া,ন,া,&,জ,া,গ,া,#,জ,া,গ,ল,া,ম,$,V,1,PST	জ,া,ন,ল,া,ম
জ,া,ন,া,&,জ,া,গ,া,#,জ,া,গ,ত,ো,$,V,HAB,2,POL,PST	জ,া,ন,ত,ো
জ,া,ন,া,&,জ,া,গ,া,#,জ,া,গ,ছ,ি,ল,ে,ন,$,V,PROG,3,POL,PST	জ,া,ন,ছ,ি,ল,ে,ন
জ,া,ন,া,&,জ,া,গ,া,#,জ,া,গ,ত,ে,$,V,NFIN	জ,া,ন,ত,ে
জ,া,ন,া,&,জ,া,গ,া,#,জ,া,গ,ছ,ে,$,V,PROG,2,POL,PRS	জ,া,ন,ছ,ে
জ,া,ন,া,&,জ,া,গ,া,#,জ,া,গ,ল,ে,$,V,3,INFM,PST	জ,া,ন,ল,ে
জ,া,ন,া,&,জ,া,গ,া,#,জ,া,গ,ে,$,V,2,POL,PRS	জ,া,ন,ে
জ,া,ন,া,&,জ,া,গ,া,#,জ,া,গ,ল,ে,ন,$,V,3,POL,PST	জ,া,ন,ল,ে,ন
জ,া,ন,া,&,জ,া,গ,া,#,জ,ে,গ,ে,ছ,ি,ল,ি,$,V,PRF,2,PST,LGSPEC1	জ,ে,ন,ে,ছ,ি,ল,ি
জ,া,ন,া,&,জ,া,গ,া,#,জ,া,গ,ত,ে,$,V,HAB,3,INFM,PST	জ,া,ন,ত,ে
জ,া,ন,া,&,জ,া,গ,া,#,জ,ে,গ,ে,ছ,ে,$,V,PRF,2,POL,PRS	জ,ে,ন,ে,ছ,ে
জ,া,ন,া,&,জ,া,ত,া,#,জ,া,ত,ত,া,ম,$,V,HAB,1,PST	জ,া,ন,ত,া,ম
জ,া,ন,া,&,জ,া,গ,া,#,জ,া,গ,ি,স,$,V,2,PRS,LGSPEC1	জ,া,ন,ি,স
জ,া,ন,া,&,জ,া,গ,া,#,জ,া,গ,ত,ি,স,$,V,HAB,2,PST,LGSPEC1	জ,া,ন,ত,ি,স
জ,া,ন,া,&,জ,া,গ,া,#,জ,া,গ,ব,ো,$,V,1,FUT	জ,া,ন,ব,ো
জ,া,ন,া,&,জ,া,ল,া,#,জ,া,ল,ছ,ি,ল,ি,$,V,PROG,2,PST,LGSPEC1	জ,া,ন,ছ,ি,ল,ি
জ,া,ন,া,&,জ,া,গ,া,#,জ,ে,গ,ে,ছ,ে,ন,$,V,PRF,3,POL,PRS	জ,ে,ন,ে,ছ,ে,ন
জ,া,ন,া,&,জ,া,গ,া,#,জ,ে,গ,ে,ছ,ো,$,V,PRF,3,INFM,PRS	জ,ে,ন,ে,ছ,ো
জ,া,ন,া,&,জ,া,গ,া,#,জ,া,গ,ব,ি,$,V,2,FUT,LGSPEC1	জ,া,ন,ব,ি
জ,া,ন,া,&,জ,া,গ,া,#,জ,ে,গ,ে,ছ,ি,ল,ে,ন,$,V,PRF,3,POL,PST	জ,ে,ন,ে,ছ,ি,ল,ে,ন
জ,া,ন,া,&,জ,া,গ,া,#,জ,া,গ,ছ,ি,ল,ো,$,V,PROG,2,POL,PST	জ,া,ন,ছ,ি,ল,ো
জ,া,ন,া,&,জ,া,গ,া,#,জ,া,গ,ছ,ি,ল,ে,$,V,PROG,3,INFM,PST	জ,া,ন,ছ,ি,ল,ে
জ,া,ন,া,&,জ,া,গ,া,#,জ,া,গ,ব,ে,$,V,2,POL,FUT	জ,া,ন,ব,ে
জ,া,ন,া,&,জ,া,গ,া,#,জ,ে,গ,ে,ছ,ি,$,V,PRF,1,PRS	জ,ে,ন,ে,ছ,ি
জ,া,ন,া,&,জ,া,গ,া,#,জ,া,গ,ছ,ি,স,$,V,PROG,2,PRS,LGSPEC1	জ,া,ন,ছ,ি,স
জ,া,ন,া,&,জ,া,গ,া,#,জ,া,গ,ব,ে,ন,$,V,3,POL,FUT	জ,া,ন,ব,ে,ন
জ,া,ন,া,&,জ,া,গ,া,#,জ,া,গ,ো,$,V,3,INFM,PRS	জ,া,ন,ো
জ,া,ন,া,&,জ,া,গ,া,#,জ,া,গ,ল,ো,$,V,2,POL,PST	জ,া,ন,ল,ো
জ,া,ন,া,&,জ,া,গ,া,#,জ,া,গ,ব,ে,$,V,3,INFM,FUT	জ,া,ন,ব,ে
জ,া,ন,া,&,জ,া,গ,া,#,জ,ে,গ,ে,ছ,ি,ল,ো,$,V,PRF,2,POL,PST	জ,ে,ন,ে,ছ,ি,ল,ো
জ,া,ন,া,&,জ,া,গ,া,#,জ,ে,গ,ে,ছ,ি,স,$,V,PRF,2,PRS,LGSPEC1	জ,ে,ন,ে,ছ,ি,স
জ,া,ন,া,&,জ,া,গ,া,#,জ,া,গ,ছ,ি,$,V,PROG,1,PRS	জ,া,ন,ছ,ি
খ,া,ও,য,়,া,&,খ,া,ড,য,়,া,#,খ,া,ড,$,V,3,INFM,PRS	খ,া,ও
খ,া,ও,য,়,া,&,প,া,ও,য,়,া,#,প,া,চ,্,ছ,ি,ল,া,ম,$,V,PROG,1,PST	খ,া,চ,্,ছ,ি,ল,া,ম
খ,া,ও,য,়,া,&,প,া,ও,য,়,া,#,প,ে,ত,ো,$,V,HAB,2,POL,PST	খ,ে,ত,ো
খ,া,ও,য,়,া,&,প,া,ও,য,়,া,#,প,া,চ,্,ছ,ি,$,V,PROG,1,PRS	খ,া,চ,্,ছ,ি
খ,া,ও,য,়,া,&,প,া,ও,য,়,া,#,প,ে,ত,া,ম,$,V,HAB,1,PST	খ,ে,ত,া,ম
খ,া,ও,য,়,া,&,প,া,ও,য,়,া,#,প,ে,ল,ো,$,V,2,POL,PST	খ,ে,ল,ো
খ,া,ও,য,়,া,&,প,া,ও,য,়,া,#,প,া,য,়,$,V,2,POL,PRS	খ,া,য,়
খ,া,ও,য,়,া,&,প,া,ও,য,়,া,#,প,া,চ,্,ছ,ে,ন,$,V,PROG,3,POL,PRS	খ,া,চ,্,ছ,ে,ন
খ,া,ও,য,়,া,&,প,া,ও,য,়,া,#,প,ে,য,়,ে,ছ,ো,$,V,PRF,3,INFM,PRS	খ,ে,য,়,ে,ছ,ো
খ,া,ও,য,়,া,&,প,া,ও,য,়,া,#,প,া,চ,্,ছ,ি,ল,ি,$,V,PROG,2,PST,LGSPEC1	খ,া,চ,্,ছ,ি,ল,ি
খ,া,ও,য,়,া,&,প,া,ও,য,়,া,#,প,া,ই,$,V,1,PRS	খ,া,ই
খ,া,ও,য,়,া,&,প,া,ও,য,়,া,#,প,া,চ,্,ছ,ি,ল,ে,ন,$,V,PROG,3,POL,PST	খ,া,চ,্,ছ,ি,ল,ে,ন
খ,া,ও,য,়,া,&,প,া,ও,য,়,া,#,প,া,ব,ো,$,V,1,FUT	খ,া,ব,ো
খ,া,ও,য,়,া,&,প,া,ও,য,়,া,#,প,ে,য,়,ে,ছ,ি,স,$,V,PRF,2,PRS,LGSPEC1	খ,ে,য,়,ে,ছ,ি,স
খ,া,ও,য,়,া,&,প,া,ও,য,়,া,#,প,া,ব,ি,$,V,2,FUT,LGSPEC1	খ,া,ব,ি
খ,া,ও,য,়,া,&,প,া,ও,য,়,া,#,প,ে,ত,ে,ন,$,V,HAB,3,POL,PST	খ,ে,ত,ে,ন
খ,া,ও,য,়,া,&,প,া,ও,য,়,া,#,প,ে,য,়,ে,ছ,ি,ল,ি,$,V,PRF,2,PST,LGSPEC1	খ,ে,য,়,ে,ছ,ি,ল,ি
খ,া,ও,য,়,া,&,প,া,ও,য,়,া,#,প,ে,য,়,ে,ছ,ি,ল,া,ম,$,V,PRF,1,PST	খ,ে,য,়,ে,ছ,ি,ল,া,ম
খ,া,ও,য,়,া,&,প,া,ও,য,়,া,#,প,ে,ত,ে,$,V,HAB,3,INFM,PST	খ,ে,ত,ে
খ,া,ও,য,়,া,&,প,া,ও,য,়,া,#,প,া,চ,্,ছ,ে,$,V,PROG,2,POL,PRS	খ,া,চ,্,ছ,ে
খ,া,ও,য,়,া,&,প,া,ও,য,়,া,#,প,া,চ,্,ছ,ি,ল,ো,$,V,PROG,2,POL,PST	খ,া,চ,্,ছ,ি,ল,ো
খ,া,ও,য,়,া,&,প,া,ও,য,়,া,#,প,ে,য,়,ে,ছ,ি,ল,ো,$,V,PRF,2,POL,PST	খ,ে,য,়,ে,ছ,ি,ল,ো
খ,া,ও,য,়,া,&,প,া,ও,য,়,া,#,প,া,চ,্,ছ,ি,ল,ে,$,V,PROG,3,INFM,PST	খ,া,চ,্,ছ,ি,ল,ে
খ,া,ও,য,়,া,&,প,া,ও,য,়,া,#,প,ে,ল,া,ম,$,V,1,PST	খ,ে,ল,া,ম
খ,া,ও,য,়,া,&,প,া,ও,য,়,া,#,প,া,চ,্,ছ,ো,$,V,PROG,3,INFM,PRS	খ,া,চ,্,ছ,ো
খ,া,ও,য,়,া,&,প,া,ও,য,়,া,#,প,ে,য,়,ে,ছ,ি,ল,ে,$,V,PRF,3,INFM,PST	খ,ে,য,়,ে,ছ,ি,ল,ে
খ,া,ও,য,়,া,&,প,া,ও,য,়,া,#,প,ে,য,়,ে,ছ,ে,ন,$,V,PRF,3,POL,PRS	খ,ে,য,়,ে,ছ,ে,ন
খ,া,ও,য,়,া,&,প,া,ও,য,়,া,#,প,ে,য,়,ে,ছ,ি,ল,ে,ন,$,V,PRF,3,POL,PST	খ,ে,য,়,ে,ছ,ি,ল,ে,ন
খ,া,ও,য,়,া,&,প,া,ও,য,়,া,#,প,ে,ল,ে,ন,$,V,3,POL,PST	খ,ে,ল,ে,ন
খ,া,ও,য,়,া,&,প,া,ও,য,়,া,#,প,ে,ল,ে,$,V,3,INFM,PST	খ,ে,ল,ে
খ,া,ও,য,়,া,&,প,া,ও,য,়,া,#,প,া,চ,্,ছ,ি,স,$,V,PROG,2,PRS,LGSPEC1	খ,া,চ,্,ছ,ি,স
খ,া,ও,য,়,া,&,প,া,ও,য,়,া,#,প,া,ব,ে,$,V,3,INFM,FUT	খ,া,ব,ে
খ,া,ও,য,়,া,&,প,া,ও,য,়,া,#,প,া,ব,ে,$,V,2,POL,FUT	খ,া,ব,ে
খ,া,ও,য,়,া,&,প,া,ও,য,়,া,#,প,ে,ত,ে,$,V,NFIN	খ,ে,ত,ে
খ,া,ও,য,়,া,&,প,া,ও,য,়,া,#,প,ে,য,়,ে,ছ,ি,$,V,PRF,1,PRS	খ,ে,য,়,ে,ছ,ি
খ,া,ও,য,়,া,&,প,া,ও,য,়,া,#,প,ে,ল,ি,$,V,2,PST,LGSPEC1	খ,ে,ল,ি
খ,া,ও,য,়,া,&,প,া,ও,য,়,া,#,প,া,ন,$,V,3,POL,PRS	খ,া,ন
খ,া,ও,য,়,া,&,প,া,ও,য,়,া,#,প,ে,ত,ি,স,$,V,HAB,2,PST,LGSPEC1	খ,ে,ত,ি,স
খ,া,ও,য,়,া,&,প,া,ও,য,়,া,#,প,া,স,$,V,2,PRS,LGSPEC1	খ,া,স
খ,া,ও,য,়,া,&,প,া,ও,য,়,া,#,প,ে,য,়,ে,ছ,ে,$,V,PRF,2,POL,PRS	খ,ে,য,়,ে,ছ,ে
খ,া,ও,য,়,া,&,প,া,ও,য,়,া,#,প,া,ব,ে,ন,$,V,3,POL,FUT	খ,া,ব,ে,ন
ব,স,া,&,ব,ল,া,#,ব,ল,ছ,ে,ন,$,V,PROG,3,POL,PRS	ব,স,ছ,ে,ন
ব,স,া,&,ব,ল,া,#,ব,ল,ে,ছ,ি,ল,া,ম,$,V,PRF,1,PST	ব,স,ে,ছ,ি,ল,া,ম
ব,স,া,&,ব,ল,া,#,ব,ল,ত,া,ম,$,V,HAB,1,PST	ব,স,ত,া,ম
ব,স,া,&,ব,ল,া,#,ব,ল,ছ,ে,$,V,PROG,2,POL,PRS	ব,স,ছ,ে
ব,স,া,&,ব,ল,া,#,ব,ল,ব,ে,$,V,3,INFM,FUT	ব,স,ব,ে
ব,স,া,&,ব,ল,া,#,ব,ল,ে,ন,$,V,3,POL,PRS	ব,স,ে,ন
ব,স,া,&,ব,ল,া,#,ব,ল,ি,$,V,1,PRS	ব,স,ি
ব,স,া,&,ব,ল,া,#,ব,ল,ে,ছ,ি,$,V,PRF,1,PRS	ব,স,ে,ছ,ি
ব,স,া,&,ব,ল,া,#,ব,ল,ে,ছ,ি,স,$,V,PRF,2,PRS,LGSPEC1	ব,স,ে,ছ,ি,স
ব,স,া,&,ব,ল,া,#,ব,ল,ত,ি,স,$,V,HAB,2,PST,LGSPEC1	ব,স,ত,ি,স
ব,স,া,&,ব,ল,া,#,ব,ল,ে,ছ,ো,$,V,PRF,3,INFM,PRS	ব,স,ে,ছ,ো
ব,স,া,&,ব,ল,া,#,ব,ল,ত,ে,$,V,NFIN	ব,স,ত,ে
ব,স,া,&,ব,ল,া,#,ব,ল,্,ল,া,ম,$,V,1,PST	ব,স,ল,া,ম
ব,স,া,&,ব,ল,া,#,ব,ল,ে,ছ,ে,ন,$,V,PRF,3,POL,PRS	ব,স,ে,ছ,ে,ন
ব,স,া,&,ব,ল,া,#,ব,ল,ব,ো,$,V,1,FUT	ব,স,ব,ো
ব,স,া,&,ব,ল,া,#,ব,ল,্,ল,ে,$,V,3,INFM,PST	ব,স,ল,ে
ব,স,া,&,ব,ল,া,#,ব,ল,ব,ে,$,V,2,POL,FUT	ব,স,ব,ে
ব,স,া,&,ব,ল,া,#,ব,ল,ছ,ি,ল,ি,$,V,PROG,2,PST,LGSPEC1	ব,স,ছ,ি,ল,ি
ব,স,া,&,ব,ল,া,#,ব,ল,ত,ে,$,V,HAB,3,INFM,PST	ব,স,ত,ে
ব,স,া,&,ব,ল,া,#,ব,ল,ব,ে,ন,$,V,3,POL,FUT	ব,স,ব,ে,ন
ব,স,া,&,ব,ল,া,#,ব,ল,্,ল,ো,$,V,2,POL,PST	ব,স,ল,ো
ব,স,া,&,ব,ল,া,#,ব,ল,ছ,ি,ল,ে,$,V,PROG,3,INFM,PST	ব,স,ছ,ি,ল,ে
ব,স,া,&,ব,ল,া,#,ব,ল,ছ,ো,$,V,PROG,3,INFM,PRS	ব,স,ছ,ো
ব,স,া,&,ব,ল,া,#,ব,ল,ত,ো,$,V,HAB,2,POL,PST	ব,স,ত,ো
ব,স,া,&,ব,ল,া,#,ব,ল,ছ,ি,ল,ে,ন,$,V,PROG,3,POL,PST	ব,স,ছ,ি,ল,ে,ন
ব,স,া,&,ব,ল,া,#,ব,ল,ে,ছ,ি,ল,ে,ন,$,V,PRF,3,POL,PST	ব,স,ে,ছ,ি,ল,ে,ন
ব,স,া,&,ব,ল,া,#,ব,ল,ছ,ি,$,V,PROG,1,PRS	ব,স,ছ,ি
ব,স,া,&,ব,ল,া,#,ব,ল,ে,ছ,ি,ল,ি,$,V,PRF,2,PST,LGSPEC1	ব,স,ে,ছ,ি,ল,ি
ব,স,া,&,ব,ল,া,#,ব,ল,্,ল,ে,ন,$,V,3,POL,PST	ব,স,ল,ে,ন
ব,স,া,&,ব,ল,া,#,ব,ল,ছ,ি,ল,া,ম,$,V,PROG,1,PST	ব,স,ছ,ি,ল,া,ম
ব,স,া,&,ব,ল,া,#,ব,ল,ে,ছ,ি,ল,ে,$,V,PRF,3,INFM,PST	ব,স,ে,ছ,ি,ল,ে
ব,স,া,&,ব,ল,া,#,ব,ল,ে,$,V,2,POL,PRS	ব,স,ে
ব,স,া,&,ব,ল,া,#,ব,ল,ছ,ি,ল,ো,$,V,PROG,2,POL,PST	ব,স,ছ,ি,ল,ো
ব,স,া,&,ব,ল,া,#,ব,ল,্,ল,ি,$,V,2,PST,LGSPEC1	ব,স,ল,ি
ব,স,া,&,ব,ল,া,#,ব,ল,ে,ছ,ি,ল,ো,$,V,PRF,2,POL,PST	ব,স,ে,ছ,ি,ল,ো
ব,স,া,&,ব,ল,া,#,ব,ল,ে,ছ,ে,$,V,PRF,2,POL,PRS	ব,স,ে,ছ,ে
ব,স,া,&,ব,ল,া,#,ব,ল,ো,$,V,3,INFM,PRS	ব,স,ো
ব,স,া,&,ব,ল,া,#,ব,ল,ি,স,$,V,2,PRS,LGSPEC1	ব,স,ি,স
ব,স,া,&,ব,ল,া,#,ব,ল,ব,ি,$,V,2,FUT,LGSPEC1	ব,স,ব,ি
ব,স,া,&,ব,ল,া,#,ব,ল,ছ,ি,স,$,V,PROG,2,PRS,LGSPEC1	ব,স,ছ,ি,স
ব,স,া,&,ব,ল,া,#,ব,ল,ত,ে,ন,$,V,HAB,3,POL,PST	ব,স,ত,ে,ন
প,্,র,শ,্,ন, ,ক,র,া,&,প,্,র,ম,া,ণ, ,ক,র,া,#,প,্,র,ম,া,ণ, ,ক,র,ি,$,V,1,PRS	প,্,র,শ,্,ন, ,ক,র,ি
প,্,র,শ,্,ন, ,ক,র,া,&,প,্,র,ম,া,ণ, ,ক,র,া,#,প,্,র,ম,া,ণ, ,ক,র,ত,ে,$,V,HAB,3,INFM,PST	প,্,র,শ,্,ন, ,ক,র,ত,ে
প,্,র,শ,্,ন, ,ক,র,া,&,প,্,র,ম,া,ণ, ,ক,র,া,#,প,্,র,ম,া,ণ, ,ক,র,ব,ি,$,V,2,FUT,LGSPEC1	প,্,র,শ,্,ন, ,ক,র,ব,ি
প,্,র,শ,্,ন, ,ক,র,া,&,প,্,র,ম,া,ণ, ,ক,র,া,#,প,্,র,ম,া,ণ, ,ক,র,ত,ো,$,V,HAB,2,POL,PST	প,্,র,শ,্,ন, ,ক,র,ত,ো
প,্,র,শ,্,ন, ,ক,র,া,&,প,্,র,ম,া,ণ, ,ক,র,া,#,প,্,র,ম,া,ণ, ,ক,র,ি,স,$,V,2,PRS,LGSPEC1	প,্,র,শ,্,ন, ,ক,র,ি,স
প,্,র,শ,্,ন, ,ক,র,া,&,প,্,র,ম,া,ণ, ,ক,র,া,#,প,্,র,ম,া,ণ, ,ক,র,ে,ছ,ে,ন,$,V,PRF,3,POL,PRS	প,্,র,শ,্,ন, ,ক,র,ে,ছ,ে,ন
প,্,র,শ,্,ন, ,ক,র,া,&,প,্,র,ম,া,ণ, ,ক,র,া,#,প,্,র,ম,া,ণ, ,ক,র,ে,ছ,ি,ল,ো,$,V,PRF,2,POL,PST	প,্,র,শ,্,ন, ,ক,র,ে,ছ,ি,ল,ো
প,্,র,শ,্,ন, ,ক,র,া,&,প,্,র,ম,া,ণ, ,ক,র,া,#,প,্,র,ম,া,ণ, ,ক,র,ব,ে,$,V,2,POL,FUT	প,্,র,শ,্,ন, ,ক,র,ব,ে
প,্,র,শ,্,ন, ,ক,র,া,&,প,্,র,ম,া,ণ, ,ক,র,া,#,প,্,র,ম,া,ণ, ,ক,র,ল,া,ম,$,V,1,PST	প,্,র,শ,্,ন, ,ক,র,ল,া,ম
প,্,র,শ,্,ন, ,ক,র,া,&,প,্,র,ম,া,ণ, ,ক,র,া,#,প,্,র,ম,া,ণ, ,ক,র,ে,ছ,ি,স,$,V,PRF,2,PRS,LGSPEC1	প,্,র,শ,্,ন, ,ক,র,ে,ছ,ি,স
প,্,র,শ,্,ন, ,ক,র,া,&,প,্,র,ম,া,ণ, ,ক,র,া,#,প,্,র,ম,া,ণ, ,ক,র,ে,ছ,ো,$,V,PRF,3,INFM,PRS	প,্,র,শ,্,ন, ,ক,র,ে,ছ,ো
প,্,র,শ,্,ন, ,ক,র,া,&,প,্,র,ম,া,ণ, ,ক,র,া,#,প,্,র,ম,া,ণ, ,ক,র,ব,ো,$,V,1,FUT	প,্,র,শ,্,ন, ,ক,র,ব,ো
প,্,র,শ,্,ন, ,ক,র,া,&,প,্,র,ম,া,ণ, ,ক,র,া,#,প,্,র,ম,া,ণ, ,ক,র,ছ,ি,ল,ে,$,V,PROG,3,INFM,PST	প,্,র,শ,্,ন, ,ক,র,ছ,ি,ল,ে
প,্,র,শ,্,ন, ,ক,র,া,&,প,্,র,শ,া,ণ, ,ক,র,া,#,প,্,র,শ,া,ণ, ,ক,র,ব,ে,ন,$,V,3,POL,FUT	প,্,র,শ,্,ন, ,ক,র,ব,ে,ন
প,্,র,শ,্,ন, ,ক,র,া,&,প,্,র,ম,া,ণ, ,ক,র,া,#,প,্,র,ম,া,ণ, ,ক,র,ব,ে,$,V,3,INFM,FUT	প,্,র,শ,্,ন, ,ক,র,ব,ে
প,্,র,শ,্,ন, ,ক,র,া,&,প,্,র,ম,া,ণ, ,ক,র,া,#,প,্,র,ম,া,ণ, ,ক,র,ল,ে,$,V,3,INFM,PST	প,্,র,শ,্,ন, ,ক,র,ল,ে
প,্,র,শ,্,ন, ,ক,র,া,&,প,্,র,ম,া,ণ, ,ক,র,া,#,প,্,র,ম,া,ণ, ,ক,র,ত,া,ম,$,V,HAB,1,PST	প,্,র,শ,্,ন, ,ক,র,ত,া,ম
প,্,র,শ,্,ন, ,ক,র,া,&,প,্,র,ম,া,ণ, ,ক,র,া,#,প,্,র,ম,া,ণ, ,ক,র,ল,ে,ন,$,V,3,POL,PST	প,্,র,শ,্,ন, ,ক,র,ল,ে,ন
প,্,র,শ,্,ন, ,ক,র,া,&,প,্,র,ম,া,ণ, ,ক,র,া,#,প,্,র,ম,া,ণ, ,ক,র,ল,ো,$,V,2,POL,PST	প,্,র,শ,্,ন, ,ক,র,ল,ো
প,্,র,শ,্,ন, ,ক,র,া,&,প,্,র,ম,া,ণ, ,ক,র,া,#,প,্,র,ম,া,ণ, ,ক,র,ো,$,V,3,INFM,PRS	প,্,র,শ,্,ন, ,ক,র,ো
প,্,র,শ,্,ন, ,ক,র,া,&,প,্,র,ম,া,ণ, ,ক,র,া,#,প,্,র,ম,া,ণ, ,ক,র,ছ,ি,ল,ো,$,V,PROG,2,POL,PST	প,্,র,শ,্,ন, ,ক,র,ছ,ি,ল,ো
প,্,র,শ,্,ন, ,ক,র,া,&,প,্,র,ম,া,ণ, ,ক,র,া,#,প,্,র,ম,া,ণ, ,ক,র,ে,$,V,2,POL,PRS	প,্,র,শ,্,ন, ,ক,র,ে
প,্,র,শ,্,ন, ,ক,র,া,&,প,্,র,ম,া,ণ, ,ক,র,া,#,প,্,র,ম,া,ণ, ,ক,র,ে,ন,$,V,3,POL,PRS	প,্,র,শ,্,ন, ,ক,র,ে,ন
প,্,র,শ,্,ন, ,ক,র,া,&,প,্,র,ম,া,ণ, ,ক,র,া,#,প,্,র,ম,া,ণ, ,ক,র,ছ,ি,ল,া,ম,$,V,PROG,1,PST	প,্,র,শ,্,ন, ,ক,র,ছ,ি,ল,া,ম
প,্,র,শ,্,ন, ,ক,র,া,&,প,্,র,ম,া,ণ, ,ক,র,া,#,প,্,র,ম,া,ণ, ,ক,র,ে,ছ,ি,$,V,PRF,1,PRS	প,্,র,শ,্,ন, ,ক,র,ে,ছ,ি
প,্,র,শ,্,ন, ,ক,র,া,&,প,্,র,ম,া,ণ, ,ক,র,া,#,প,্,র,ম,া,ণ, ,ক,র,ছ,ি,স,$,V,PROG,2,PRS,LGSPEC1	প,্,র,শ,্,ন, ,ক,র,ছ,ি,স
প,্,র,শ,্,ন, ,ক,র,া,&,প,্,র,ম,া,ণ, ,ক,র,া,#,প,্,র,ম,া,ণ, ,ক,র,ত,ি,স,$,V,HAB,2,PST,LGSPEC1	প,্,র,শ,্,ন, ,ক,র,ত,ি,স
প,্,র,শ,্,ন, ,ক,র,া,&,প,্,র,ম,া,ণ, ,ক,র,া,#,প,্,র,ম,া,ণ, ,ক,র,ল,ি,$,V,2,PST,LGSPEC1	প,্,র,শ,্,ন, ,ক,র,ল,ি
প,্,র,শ,্,ন, ,ক,র,া,&,প,্,র,ম,া,ণ, ,ক,র,া,#,প,্,র,ম,া,ণ, ,ক,র,ে,ছ,ি,ল,ে,$,V,PRF,3,INFM,PST	প,্,র,শ,্,ন, ,ক,র,ে,ছ,ি,ল,ে
প,্,র,শ,্,ন, ,ক,র,া,&,প,্,র,ম,া,ণ, ,ক,র,া,#,প,্,র,ম,া,ণ, ,ক,র,ছ,ি,ল,ে,ন,$,V,PROG,3,POL,PST	প,্,র,শ,্,ন, ,ক,র,ছ,ি,ল,ে,ন
প,্,র,শ,্,ন, ,ক,র,া,&,প,্,র,ম,া,ণ, ,ক,র,া,#,প,্,র,ম,া,ণ, ,ক,র,ে,ছ,ে,$,V,PRF,2,POL,PRS	প,্,র,শ,্,ন, ,ক,র,ে,ছ,ে
প,্,র,শ,্,ন, ,ক,র,া,&,প,্,র,ম,া,ণ, ,ক,র,া,#,প,্,র,ম,া,ণ, ,ক,র,ছ,ি,ল,ি,$,V,PROG,2,PST,LGSPEC1	প,্,র,শ,্,ন, ,ক,র,ছ,ি,ল,ি
প,্,র,শ,্,ন, ,ক,র,া,&,প,্,র,ম,া,ণ, ,ক,র,া,#,প,্,র,ম,া,ণ, ,ক,র,ে,ছ,ি,ল,া,ম,$,V,PRF,1,PST	প,্,র,শ,্,ন, ,ক,র,ে,ছ,ি,ল,া,ম
প,্,র,শ,্,ন, ,ক,র,া,&,প,্,র,ম,া,ণ, ,ক,র,া,#,প,্,র,ম,া,ণ, ,ক,র,ছ,ি,$,V,PROG,1,PRS	প,্,র,শ,্,ন, ,ক,র,ছ,ি
প,্,র,শ,্,ন, ,ক,র,া,&,প,্,র,ম,া,ণ, ,ক,র,া,#,প,্,র,ম,া,ণ, ,ক,র,ছ,ে,ন,$,V,PROG,3,POL,PRS	প,্,র,শ,্,ন, ,ক,র,ছ,ে,ন
প,্,র,শ,্,ন, ,ক,র,া,&,প,্,র,ম,া,ণ, ,ক,র,া,#,প,্,র,ম,া,ণ, ,ক,র,ছ,ে,$,V,PROG,2,POL,PRS	প,্,র,শ,্,ন, ,ক,র,ছ,ে
প,্,র,শ,্,ন, ,ক,র,া,&,প,্,র,ম,া,ণ, ,ক,র,া,#,প,্,র,ম,া,ণ, ,ক,র,ছ,ো,$,V,PROG,3,INFM,PRS	প,্,র,শ,্,ন, ,ক,র,ছ,ো
প,্,র,শ,্,ন, ,ক,র,া,&,প,্,র,ম,া,ণ, ,ক,র,া,#,প,্,র,ম,া,ণ, ,ক,র,ে,ছ,ি,ল,ে,ন,$,V,PRF,3,POL,PST	প,্,র,শ,্,ন, ,ক,র,ে,ছ,ি,ল,ে,ন
প,্,র,শ,্,ন, ,ক,র,া,&,প,্,র,ম,া,ণ, ,ক,র,া,#,প,্,র,ম,া,ণ, ,ক,র,ত,ে,$,V,NFIN	প,্,র,শ,্,ন, ,ক,র,ত,ে
প,্,র,শ,্,ন, ,ক,র,া,&,প,্,র,ম,া,ণ, ,ক,র,া,#,প,্,র,ম,া,ণ, ,ক,র,ে,ছ,ি,ল,ি,$,V,PRF,2,PST,LGSPEC1	প,্,র,শ,্,ন, ,ক,র,ে,ছ,ি,ল,ি
প,্,র,শ,্,ন, ,ক,র,া,&,প,্,র,ম,া,ণ, ,ক,র,া,#,প,্,র,ম,া,ণ, ,ক,র,ত,ে,ন,$,V,HAB,3,POL,PST	প,্,র,শ,্,ন, ,ক,র,ত,ে,ন
উ,ল,্,ক,ি, ,আ,ঁ,ক,া,&,আ,ঁ,ক,া,#,আ,ঁ,ক,ছ,ি,ল,ে,$,V,PROG,3,INFM,PST	উ,ল,্,ক,ি, ,আ,ঁ,ক,ছ,ি,ল,ে
উ,ল,্,ক,ি, ,আ,ঁ,ক,া,&,আ,ঁ,ক,া,#,আ,ঁ,ক,ছ,ো,$,V,PROG,3,INFM,PRS	উ,ল,্,ক,ি, ,আ,ঁ,ক,ছ,ো
উ,ল,্,ক,ি, ,আ,ঁ,ক,া,&,আ,ঁ,ক,া,#,আ,ঁ,ক,ছ,ি,ল,ি,$,V,PROG,2,PST,LGSPEC1	উ,ল,্,ক,ি, ,আ,ঁ,ক,ছ,ি,ল,ি
উ,ল,্,ক,ি, ,আ,ঁ,ক,া,&,আ,ঁ,ক,া,#,এ,ঁ,ক,ে,ছ,ি,ল,ে,ন,$,V,PRF,3,POL,PST	উ,ল,্,ক,ি, ,এ,ঁ,ক,ে,ছ,ি,ল,ে,ন
উ,ল,্,ক,ি, ,আ,ঁ,ক,া,&,আ,ঁ,ক,া,#,আ,ঁ,ক,ে,ন,$,V,3,POL,PRS	উ,ল,্,ক,ি, ,আ,ঁ,ক,ে,ন
উ,ল,্,ক,ি, ,আ,ঁ,ক,া,&,আ,ঁ,ক,া,#,আ,ঁ,ক,ব,ে,$,V,2,POL,FUT	উ,ল,্,ক,ি, ,আ,ঁ,ক,ব,ে
উ,ল,্,ক,ি, ,আ,ঁ,ক,া,&,আ,ঁ,ক,া,#,এ,ঁ,ক,ে,ছ,ে,ন,$,V,PRF,3,POL,PRS	উ,ল,্,ক,ি, ,এ,ঁ,ক,ে,ছ,ে,ন
উ,ল,্,ক,ি, ,আ,ঁ,ক,া,&,আ,ঁ,ক,া,#,এ,ঁ,ক,ে,ছ,ি,$,V,PRF,1,PRS	উ,ল,্,ক,ি, ,এ,ঁ,ক,ে,ছ,ি
উ,ল,্,ক,ি, ,আ,ঁ,ক,া,&,আ,ঁ,ক,া,#,আ,ঁ,ক,ব,ে,ন,$,V,3,POL,FUT	উ,ল,্,ক,ি, ,আ,ঁ,ক,ব,ে,ন
উ,ল,্,ক,ি, ,আ,ঁ,ক,া,&,আ,ঁ,ক,া,#,আ,ঁ,ক,ব,ি,$,V,2,FUT,LGSPEC1	উ,ল,্,ক,ি, ,আ,ঁ,ক,ব,ি
উ,ল,্,ক,ি, ,আ,ঁ,ক,া,&,আ,ঁ,ক,া,#,আ,ঁ,ক,ি,স,$,V,2,PRS,LGSPEC1	উ,ল,্,ক,ি, ,আ,ঁ,ক,ি,স
উ,ল,্,ক,ি, ,আ,ঁ,ক,া,&,আ,ঁ,ক,া,#,আ,ঁ,ক,ল,ো,$,V,2,POL,PST	উ,ল,্,ক,ি, ,আ,ঁ,ক,ল,ো
উ,ল,্,ক,ি, ,আ,ঁ,ক,া,&,আ,ঁ,ক,া,#,এ,ঁ,ক,ে,ছ,ি,ল,া,ম,$,V,PRF,1,PST	উ,ল,্,ক,ি, ,এ,ঁ,ক,ে,ছ,ি,ল,া,ম
উ,ল,্,ক,ি, ,আ,ঁ,ক,া,&,আ,ঁ,ক,া,#,আ,ঁ,ক,ল,ে,ন,$,V,3,POL,PST	উ,ল,্,ক,ি, ,আ,ঁ,ক,ল,ে,ন
উ,ল,্,ক,ি, ,আ,ঁ,ক,া,&,আ,ঁ,ক,া,#,এ,ঁ,ক,ে,ছ,ি,স,$,V,PRF,2,PRS,LGSPEC1	উ,ল,্,ক,ি, ,এ,ঁ,ক,ে,ছ,ি,স
উ,ল,্,ক,ি, ,আ,ঁ,ক,া,&,আ,ঁ,ক,া,#,আ,ঁ,ক,ল,ি,$,V,2,PST,LGSPEC1	উ,ল,্,ক,ি, ,আ,ঁ,ক,ল,ি
উ,ল,্,ক,ি, ,আ,ঁ,ক,া,&,আ,ঁ,ক,া,#,আ,ঁ,ক,ছ,ি,$,V,PROG,1,PRS	উ,ল,্,ক,ি, ,আ,ঁ,ক,ছ,ি
উ,ল,্,ক,ি, ,আ,ঁ,ক,া,&,আ,ঁ,ক,া,#,আ,ঁ,ক,ব,ো,$,V,1,FUT	উ,ল,্,ক,ি, ,আ,ঁ,ক,ব,ো
উ,ল,্,ক,ি, ,আ,ঁ,ক,া,&,আ,ঁ,ক,া,#,এ,ঁ,ক,ে,ছ,ি,ল,ে,$,V,PRF,3,INFM,PST	উ,ল,্,ক,ি, ,এ,ঁ,ক,ে,ছ,ি,ল,ে
উ,ল,্,ক,ি, ,আ,ঁ,ক,া,&,আ,ঁ,ক,া,#,আ,ঁ,ক,ছ,ি,ল,ো,$,V,PROG,2,POL,PST	উ,ল,্,ক,ি, ,আ,ঁ,ক,ছ,ি,ল,ো
উ,ল,্,ক,ি, ,আ,ঁ,ক,া,&,আ,ঁ,ক,া,#,এ,ঁ,ক,ে,ছ,ে,$,V,PRF,2,POL,PRS	উ,ল,্,ক,ি, ,এ,ঁ,ক,ে,ছ,ে
উ,ল,্,ক,ি, ,আ,ঁ,ক,া,&,আ,ঁ,ক,া,#,আ,ঁ,ক,ি,$,V,1,PRS	উ,ল,্,ক,ি, ,আ,ঁ,ক,ি
উ,ল,্,ক,ি, ,আ,ঁ,ক,া,&,আ,ঁ,ক,া,#,আ,ঁ,ক,ত,ি,স,$,V,HAB,2,PST,LGSPEC1	উ,ল,্,ক,ি, ,আ,ঁ,ক,ত,ি,স
উ,ল,্,ক,ি, ,আ,ঁ,ক,া,&,আ,ঁ,ক,া,#,আ,ঁ,ক,ছ,ি,ল,ে,ন,$,V,PROG,3,POL,PST	উ,ল,্,ক,ি, ,আ,ঁ,ক,ছ,ি,ল,ে,ন
উ,ল,্,ক,ি, ,আ,ঁ,ক,া,&,আ,ঁ,ক,া,#,আ,ঁ,ক,ল,ে,$,V,3,INFM,PST	উ,ল,্,ক,ি, ,আ,ঁ,ক,ল,ে
উ,ল,্,ক,ি, ,আ,ঁ,ক,া,&,আ,ঁ,ক,া,#,আ,ঁ,ক,ত,া,ম,$,V,HAB,1,PST	উ,ল,্,ক,ি, ,আ,ঁ,ক,ত,া,ম
উ,ল,্,ক,ি, ,আ,ঁ,ক,া,&,আ,ঁ,ক,া,#,আ,ঁ,ক,ছ,ি,ল,া,ম,$,V,PROG,1,PST	উ,ল,্,ক,ি, ,আ,ঁ,ক,ছ,ি,ল,া,ম
উ,ল,্,ক,ি, ,আ,ঁ,ক,া,&,আ,ঁ,ক,া,#,আ,ঁ,ক,ব,ে,$,V,3,INFM,FUT	উ,ল,্,ক,ি, ,আ,ঁ,ক,ব,ে
উ,ল,্,ক,ি, ,আ,ঁ,ক,া,&,আ,ঁ,ক,া,#,আ,ঁ,ক,ত,ে,ন,$,V,HAB,3,POL,PST	উ,ল,্,ক,ি, ,আ,ঁ,ক,ত,ে,ন
উ,ল,্,ক,ি, ,আ,ঁ,ক,া,&,আ,ঁ,ক,া,#,আ,ঁ,ক,ত,ো,$,V,HAB,2,POL,PST	উ,ল,্,ক,ি, ,আ,ঁ,ক,ত,ো
উ,ল,্,ক,ি, ,আ,ঁ,ক,া,&,আ,ঁ,ক,া,#,আ,ঁ,ক,ে,$,V,2,POL,PRS	উ,ল,্,ক,ি, ,আ,ঁ,ক,ে
উ,ল,্,ক,ি, ,আ,ঁ,ক,া,&,আ,ঁ,ক,া,#,এ,ঁ,ক,ে,ছ,ো,$,V,PRF,3,INFM,PRS	উ,ল,্,ক,ি, ,এ,ঁ,ক,ে,ছ,ো
উ,ল,্,ক,ি, ,আ,ঁ,ক,া,&,আ,ঁ,ক,া,#,এ,ঁ,ক,ে,ছ,ি,ল,ি,$,V,PRF,2,PST,LGSPEC1	উ,ল,্,ক,ি, ,এ,ঁ,ক,ে,ছ,ি,ল,ি
উ,ল,্,ক,ি, ,আ,ঁ,ক,া,&,আ,ঁ,ক,া,#,আ,ঁ,ক,ছ,ে,$,V,PROG,2,POL,PRS	উ,ল,্,ক,ি, ,আ,ঁ,ক,ছ,ে
উ,ল,্,ক,ি, ,আ,ঁ,ক,া,&,আ,ঁ,ক,া,#,আ,ঁ,ক,ল,া,ম,$,V,1,PST	উ,ল,্,ক,ি, ,আ,ঁ,ক,ল,া,ম
উ,ল,্,ক,ি, ,আ,ঁ,ক,া,&,আ,ঁ,ক,া,#,আ,ঁ,ক,ত,ে,$,V,NFIN	উ,ল,্,ক,ি, ,আ,ঁ,ক,ত,ে
উ,ল,্,ক,ি, ,আ,ঁ,ক,া,&,আ,ঁ,ক,া,#,আ,ঁ,ক,ত,ে,$,V,HAB,3,INFM,PST	উ,ল,্,ক,ি, ,আ,ঁ,ক,ত,ে
উ,ল,্,ক,ি, ,আ,ঁ,ক,া,&,আ,ঁ,ক,া,#,আ,ঁ,ক,ছ,ে,ন,$,V,PROG,3,POL,PRS	উ,ল,্,ক,ি, ,আ,ঁ,ক,ছ,ে,ন
উ,ল,্,ক,ি, ,আ,ঁ,ক,া,&,আ,ঁ,ক,া,#,আ,ঁ,ক,ছ,ি,স,$,V,PROG,2,PRS,LGSPEC1	উ,ল,্,ক,ি, ,আ,ঁ,ক,ছ,ি,স
উ,ল,্,ক,ি, ,আ,ঁ,ক,া,&,আ,ঁ,ক,া,#,আ,ঁ,ক,ো,$,V,3,INFM,PRS	উ,ল,্,ক,ি, ,আ,ঁ,ক,ো
উ,ল,্,ক,ি, ,আ,ঁ,ক,া,&,আ,ঁ,ক,া,#,এ,ঁ,ক,ে,ছ,ি,ল,ো,$,V,PRF,2,POL,PST	উ,ল,্,ক,ি, ,এ,ঁ,ক,ে,ছ,ি,ল,ো
ক,ু,ক,ু,র,&,ম,ু,খ,#,ম,ু,খ,$,N,NOM,NDEF	ক,ু,ক,ু,র
ক,ু,ক,ু,র,&,ম,ু,খ,#,ম,ু,খ,গ,ু,ল,া,$,N,ACC,DEF,PL	ক,ু,ক,ু,র,দ,ে,র,ক,ে
ক,ু,ক,ু,র,&,ম,ু,খ,#,ম,ু,খ,গ,ু,ল,া,$,N,NOM,DEF,PL	ক,ু,ক,ু,র,ে,র,া
ক,ু,ক,ু,র,&,ম,ু,খ,#,ম,ু,খ,ট,া,$,N,NOM,DEF,SG	ক,ু,ক,ু,র,ট,া
ক,ু,ক,ু,র,&,ম,ু,খ,#,ম,ু,খ,ে,র,$,N,GEN,NDEF	ক,ু,ক,ু,র,ে,র
ক,ু,ক,ু,র,&,ম,ু,খ,#,ম,ু,খ,গ,ু,ল,া,র,$,N,GEN,DEF,PL	ক,ু,ক,ু,র,দ,ে,র
ক,ু,ক,ু,র,&,ম,ু,খ,#,ম,ু,খ,ট,া,$,N,ACC,DEF,SG	ক,ু,ক,ু,র,ট,া,ক,ে
ক,ু,ক,ু,র,&,ম,ু,খ,#,ম,ু,খ,ট,া,র,$,N,GEN,DEF,SG	ক,ু,ক,ু,র,ট,া,র
ক,ু,ক,ু,র,&,ম,ু,খ,#,ম,ু,খ,$,N,ACC,NDEF	ক,ু,ক,ু,র
ব,ন,্,ধ, ,ক,র,া,&,ব,ব,শ,ে,ষ, ,ক,র,া,#,ব,ব,শ,ে,ষ, ,ক,র,ব,ে,ন,$,V,3,POL,FUT	ব,ন,্,ধ, ,ক,র,ব,ে,ন
ব,ন,্,ধ, ,ক,র,া,&,ঙ,ি,ে,ে,ধ, ,ক,র,া,#,ঙ,ি,ে,ে,ধ, ,ক,র,ে,ছ,ি,ল,ে,ন,$,V,PRF,3,POL,PST	ব,ন,্,ধ, ,ক,র,ে,ছ,ি,ল,ে,ন
ব,ন,্,ধ, ,ক,র,া,&,ভ,স,ি,প, ,ক,র,া,#,ভ,স,ি,প, ,ক,র,ে,ন,$,V,3,POL,PRS	ব,ন,্,ধ, ,ক,র,ে,ন
ব,ন,্,ধ, ,ক,র,া,&,ব,ভ,্,খ, ,ক,র,া,#,ব,ভ,্,খ, ,ক,র,ে,ছ,ো,$,V,PRF,3,INFM,PRS	ব,ন,্,ধ, ,ক,র,ে,ছ,ো
ব,ন,্,ধ, ,ক,র,া,&,ঙ,ন,ু,ভ,ব, ,ক,র,া,#,ঙ,ন,ু,ভ,ব, ,ক,র,ছ,ি,ল,ি,$,V,PROG,2,PST,LGSPEC1	ব,ন,্,ধ, ,ক,র,ছ,ি,ল,ি
ব,ন,্,ধ, ,ক,র,া,&,ফ,ৃ,ে,ধ, ,ক,র,া,#,ফ,ৃ,ে,ধ, ,ক,র,ে,ছ,ে,ন,$,V,PRF,3,POL,PRS	ব,ন,্,ধ, ,ক,র,ে,ছ,ে,ন
ব,ন,্,ধ, ,ক,র,া,&,ব,ণ,ী,ে,ষ, ,ক,র,া,#,ব,ণ,ী,ে,ষ, ,ক,র,ত,ে,ন,$,V,HAB,3,POL,PST	ব,ন,্,ধ, ,ক,র,ত,ে,ন
ব,ন,্,ধ, ,ক,র,া,&,ী,া,ই,ধ, ,ক,র,া,#,ী,া,ই,ধ, ,ক,র,ছ,ি,ল,ো,$,V,PROG,2,POL,PST	ব,ন,্,ধ, ,ক,র,ছ,ি,ল,ো
ব,ন,্,ধ, ,ক,র,া,&,ঙ,ল,ই,ভ, ,ক,র,া,#,ঙ,ল,ই,ভ, ,ক,র,ে,ছ,ি,ল,ো,$,V,PRF,2,POL,PST	ব,ন,্,ধ, ,ক,র,ে,ছ,ি,ল,ো
ব,ন,্,ধ, ,ক,র,া,&,ব,ঢ,দ,ই,ষ, ,ক,র,া,#,ব,ঢ,দ,ই,ষ, ,ক,র,ছ,ে,ন,$,V,PROG,3,POL,PRS	ব,ন,্,ধ, ,ক,র,ছ,ে,ন
ব,ন,্,ধ, ,ক,র,া,&,র,ন,ু,ধ,ব, ,ক,র,া,#,র,ন,ু,ধ,ব, ,ক,র,ছ,ি,ল,া,ম,$,V,PROG,1,PST	ব,ন,্,ধ, ,ক,র,ছ,ি,ল,া,ম
ব,ন,্,ধ, ,ক,র,া,&,ঙ,ন,ু,ভ,ে, ,ক,র,া,#,ঙ,ন,ু,ভ,ে, ,ক,র,ল,ি,$,V,2,PST,LGSPEC1	ব,ন,্,ধ, ,ক,র,ল,ি
ব,ন,্,ধ, ,ক,র,া,&,ব,ি,শ,ে,ঘ, ,ক,র,া,#,ব,ি,শ,ে,ঘ, ,ক,র,ে,ছ,ি,ল,ে,$,V,PRF,3,INFM,PST	ব,ন,্,ধ, ,ক,র,ে,ছ,ি,ল,ে
ব,ন,্,ধ, ,ক,র,া,&,ব,্,া,ব,ধ,া,র, ,ক,র,া,#,ব,্,া,ব,ধ,া,র, ,ক,র,ো,$,V,3,INFM,PRS	ব,ন,্,ধ, ,ক,র,ো
ব,ন,্,ধ, ,ক,র,া,&,অ,ন,ু,়,শ, ,ক,র,া,#,অ,ন,ু,়,শ, ,ক,র,ল,ে,$,V,3,INFM,PST	ব,ন,্,ধ, ,ক,র,ল,ে
ব,ন,্,ধ, ,ক,র,া,&,ষ,ন,ু,ভ,ু, ,ক,র,া,#,ষ,ন,ু,ভ,ু, ,ক,র,ে,ছ,ে,$,V,PRF,2,POL,PRS	ব,ন,্,ধ, ,ক,র,ে,ছ,ে
ব,ন,্,ধ, ,ক,র,া,&,ক,ন,ু,ৃ,ু, ,ক,র,া,#,ক,ন,ু,ৃ,ু, ,ক,র,ছ,ি,ল,ে,ন,$,V,PROG,3,POL,PST	ব,ন,্,ধ, ,ক,র,ছ,ি,ল,ে,ন
ব,ন,্,ধ, ,ক,র,া,&,ব,দ,শ,ে,ষ, ,ক,র,া,#,ব,দ,শ,ে,ষ, ,ক,র,ব,ি,$,V,2,FUT,LGSPEC1	ব,ন,্,ধ, ,ক,র,ব,ি
ব,ন,্,ধ, ,ক,র,া,&,ট,ণ,ক,ব, ,ক,র,া,#,ট,ণ,ক,ব, ,ক,র,ল,ো,$,V,2,POL,PST	ব,ন,্,ধ, ,ক,র,ল,ো
ব,ন,্,ধ, ,ক,র,া,&,ব,ষ,ল,ে,ে, ,ক,র,া,#,ব,ষ,ল,ে,ে, ,ক,র,ছ,ি,স,$,V,PROG,2,PRS,LGSPEC1	ব,ন,্,ধ, ,ক,র,ছ,ি,স
ব,ন,্,ধ, ,ক,র,া,&,ব,্,়,স,্,া,র, ,ক,র,া,#,ব,্,়,স,্,া,র, ,ক,র,ত,ে,$,V,HAB,3,INFM,PST	ব,ন,্,ধ, ,ক,র,ত,ে
ব,ন,্,ধ, ,ক,র,া,&,া,ন,ু,ভ,ী, ,ক,র,া,#,া,ন,ু,ভ,ী, ,ক,র,ে,ছ,ি,$,V,PRF,1,PRS	ব,ন,্,ধ, ,ক,র,ে,ছ,ি
ব,ন,্,ধ, ,ক,র,া,&,ব,ি,শ,ে,ষ, ,ক,র,া,#,ব,ি,শ,ে,ষ, ,ক,র,ি,$,V,1,PRS	ব,ন,্,ধ, ,ক,র,ি
ব,ন,্,ধ, ,ক,র,া,&,ক,ন,ু,র,ব, ,ক,র,া,#,ক,ন,ু,র,ব, ,ক,র,ছ,ো,$,V,PROG,3,INFM,PRS	ব,ন,্,ধ, ,ক,র,ছ,ো
ব,ন,্,ধ, ,ক,র,া,&,প,ো,ন,ম,া,ণ, ,ক,র,া,#,প,ো,ন,ম,া,ণ, ,ক,র,ত,ো,$,V,HAB,2,POL,PST	ব,ন,্,ধ, ,ক,র,ত,ো
ব,ন,্,ধ, ,ক,র,া,&,ব,প,়,ও,ষ, ,ক,র,া,#,ব,প,়,ও,ষ, ,ক,র,ছ,ে,$,V,PROG,2,POL,PRS	ব,ন,্,ধ, ,ক,র,ছ,ে
ব,ন,্,ধ, ,ক,র,া,&,ব,প,ু,ল,ষ, ,ক,র,া,#,ব,প,ু,ল,ষ, ,ক,র,ে,$,V,2,POL,PRS	ব,ন,্,ধ, ,ক,র,ে
ব,ন,্,ধ, ,ক,র,া,&,ব,ি,এ,দ,আ, ,ক,র,া,#,ব,ি,এ,দ,আ, ,ক,র,ব,ে,$,V,2,POL,FUT	ব,ন,্,ধ, ,ক,র,ব,ে
ব,ন,্,ধ, ,ক,র,া,&,ট,ন,ই,ঢ, ,ক,র,া,#,ট,ন,ই,ঢ, ,ক,র,ছ,ি,ল,ে,$,V,PROG,3,INFM,PST	ব,ন,্,ধ, ,ক,র,ছ,ি,ল,ে
ব,ন,্,ধ, ,ক,র,া,&,প,ন,এ,ো,া,ণ, ,ক,র,া,#,প,ন,এ,ো,া,ণ, ,ক,র,ে,ছ,ি,ল,ি,$,V,PRF,2,PST,LGSPEC1	ব,ন,্,ধ, ,ক,র,ে,ছ,ি,ল,ি
ব,ন,্,ধ, ,ক,র,া,&,অ,ন,ু,্,ধ, ,ক,র,া,#,অ,ন,ু,্,ধ, ,ক,র,ে,ছ,ি,ল,া,ম,$,V,PRF,1,PST	ব,ন,্,ধ, ,ক,র,ে,ছ,ি,ল,া,ম
ব,ন,্,ধ, ,ক,র,া,&,ব,ণ,শ,ে,ষ, ,ক,র,া,#,ব,ণ,শ,ে,ষ, ,ক,র,ে,ছ,ি,স,$,V,PRF,2,PRS,LGSPEC1	ব,ন,্,ধ, ,ক,র,ে,ছ,ি,স
ব,ন,্,ধ, ,ক,র,া,&,ব,ি,শ,ে,ষ, ,ক,র,া,#,ব,ি,শ,ে,ষ, ,ক,র,ব,ো,$,V,1,FUT	ব,ন,্,ধ, ,ক,র,ব,ো
ব,ন,্,ধ, ,ক,র,া,&,ভ,ন,ু,ভ,ব, ,ক,র,া,#,ভ,ন,ু,ভ,ব, ,ক,র,ছ,ি,$,V,PROG,1,PRS	ব,ন,্,ধ, ,ক,র,ছ,ি
ব,ন,্,ধ, ,ক,র,া,&,ড,স,ই,জ, ,ক,র,া,#,ড,স,ই,জ, ,ক,র,ত,া,ম,$,V,HAB,1,PST	ব,ন,্,ধ, ,ক,র,ত,া,ম
ব,ন,্,ধ, ,ক,র,া,&,ট,স,ী,স, ,ক,র,া,#,ট,স,ী,স, ,ক,র,ত,ে,$,V,NFIN	ব,ন,্,ধ, ,ক,র,ত,ে
ব,ন,্,ধ, ,ক,র,া,&,ব,ি,শ,ে,ন, ,ক,র,া,#,ব,ি,শ,ে,ন, ,ক,র,ি,স,$,V,2,PRS,LGSPEC1	ব,ন,্,ধ, ,ক,র,ি,স
ব,ন,্,ধ, ,ক,র,া,&,ো,ন,ু,ভ,ি, ,ক,র,া,#,ো,ন,ু,ভ,ি, ,ক,র,ত,ি,স,$,V,HAB,2,PST,LGSPEC1	ব,ন,্,ধ, ,ক,র,ত,ি,স
ব,ন,্,ধ, ,ক,র,া,&,ড,ু,ণ,স, ,ক,র,া,#,ড,ু,ণ,স, ,ক,র,ল,া,ম,$,V,1,PST	ব,ন,্,ধ, ,ক,র,ল,া,ম
ব,ন,্,ধ, ,ক,র,া,&,ব,ি,শ,ে,ষ, ,ক,র,া,#,ব,ি,শ,ে,ষ, ,ক,র,ল,ে,ন,$,V,3,POL,PST	ব,ন,্,ধ, ,ক,র,ল,ে,ন
ব,ন,্,ধ, ,ক,র,া,&,ে,ন,ি,ে,ষ, ,ক,র,া,#,ে,ন,ি,ে,ষ, ,ক,র,ব,ে,$,V,3,INFM,FUT	ব,ন,্,ধ, ,ক,র,ব,ে
য,া,ও,য,়,া,&,চ,া,ও,য,়,া,#,চ,ে,য,়,ে,ছ,ি,স,$,V,PRF,2,PRS,LGSPEC1	গ,ি,য,়,ে,ছ,ি,স
য,া,ও,য,়,া,&,চ,া,ও,য,়,া,#,চ,া,স,$,V,2,PRS,LGSPEC1	য,া,স
য,া,ও,য,়,া,&,চ,া,ও,য,়,া,#,চ,ে,ত,ে,$,V,NFIN	য,ে,ত,ে
য,া,ও,য,়,া,&,চ,া,ও,য,়,া,#,চ,া,চ,্,ছ,ি,ল,ো,$,V,PROG,2,POL,PST	য,া,চ,্,ছ,ি,ল,ো
য,া,ও,য,়,া,&,চ,া,ও,য,়,া,#,চ,ে,ল,ি,$,V,2,PST,LGSPEC1	গ,ে,ল,ি
য,া,ও,য,়,া,&,চ,া,ও,য,়,া,#,চ,ে,ল,ে,$,V,3,INFM,PST	গ,ে,ল,ে
য,া,ও,য,়,া,&,চ,া,ও,য,়,া,#,চ,া,চ,্,ছ,ে,ন,$,V,PROG,3,POL,PRS	য,া,চ,্,ছ,ে,ন
য,া,ও,য,়,া,&,চ,া,ও,য,়,া,#,চ,ে,য,়,ে,ছ,ি,ল,ো,$,V,PRF,2,POL,PST	গ,ি,য,়,ে,ছ,ি,ল,ো
য,া,ও,য,়,া,&,চ,া,ও,য,়,া,#,চ,ে,ল,া,ম,$,V,1,PST	গ,ে,ল,া,ম
য,া,ও,য,়,া,&,চ,া,ও,য,়,া,#,চ,ে,য,়,ে,ছ,ো,$,V,PRF,3,INFM,PRS	গ,ি,য,়,ে,ছ,ো
য,া,ও,য,়,া,&,চ,া,ও,য,়,া,#,চ,া,য,়,$,V,2,POL,PRS	য,া,য,়
য,া,ও,য,়,া,&,চ,া,ও,য,়,া,#,চ,ে,ত,ে,$,V,HAB,3,INFM,PST	য,ে,ত,ে
য,া,ও,য,়,া,&,চ,া,ও,য,়,া,#,চ,ে,ত,ি,স,$,V,HAB,2,PST,LGSPEC1	য,ে,ত,ি,স
য,া,ও,য,়,া,&,চ,া,ও,য,়,া,#,চ,া,ই,$,V,1,PRS	য,া,ই
য,া,ও,য,়,া,&,চ,া,ও,য,়,া,#,চ,া,চ,্,ছ,ি,স,$,V,PROG,2,PRS,LGSPEC1	য,া,চ,্,ছ,ি,স
য,া,ও,য,়,া,&,চ,া,ও,য,়,া,#,চ,া,ব,ে,$,V,3,INFM,FUT	য,া,ব,ে
য,া,ও,য,়,া,&,চ,া,ও,য,়,া,#,চ,া,ও,$,V,3,INFM,PRS	য,া,ও
য,া,ও,য,়,া,&,চ,া,ও,য,়,া,#,চ,ে,ত,া,ম,$,V,HAB,1,PST	য,ে,ত,া,ম
য,া,ও,য,়,া,&,চ,া,ও,য,়,া,#,চ,ে,য,়,ে,ছ,ে,$,V,PRF,2,POL,PRS	গ,ি,য,়,ে,ছ,ে
য,া,ও,য,়,া,&,চ,া,ও,য,়,া,#,চ,ে,ল,ে,ন,$,V,3,POL,PST	গ,ে,ল,ে,ন
য,া,ও,য,়,া,&,চ,া,ও,য,়,া,#,চ,া,চ,্,ছ,ি,ল,ে,$,V,PROG,3,INFM,PST	য,া,চ,্,ছ,ি,ল,ে
য,া,ও,য,়,া,&,চ,া,ও,য,়,া,#,চ,া,চ,্,ছ,ি,$,V,PROG,1,PRS	য,া,চ,্,ছ,ি
য,া,ও,য,়,া,&,চ,া,ও,য,়,া,#,চ,ে,ত,ো,$,V,HAB,2,POL,PST	য,ে,ত,ো
য,া,ও,য,়,া,&,চ,া,ও,য,়,া,#,চ,া,ন,$,V,3,POL,PRS	য,া,ন
য,া,ও,য,়,া,&,চ,া,ও,য,়,া,#,চ,া,ব,ো,$,V,1,FUT	য,া,ব,ো
য,া,ও,য,়,া,&,চ,া,ও,য,়,া,#,চ,া,চ,্,ছ,ি,ল,ি,$,V,PROG,2,PST,LGSPEC1	য,া,চ,্,ছ,ি,ল,ি
য,া,ও,য,়,া,&,চ,া,ও,য,়,া,#,চ,া,চ,্,ছ,ি,ল,া,ম,$,V,PROG,1,PST	য,া,চ,্,ছ,ি,ল,া,ম
য,া,ও,য,়,া,&,চ,া,ও,য,়,া,#,চ,া,চ,্,ছ,ে,$,V,PROG,2,POL,PRS	য,া,চ,্,ছ,ে
য,া,ও,য,়,া,&,চ,া,ও,য,়,া,#,চ,া,ব,ে,$,V,2,POL,FUT	য,া,ব,ে
য,া,ও,য,়,া,&,চ,া,ও,য,়,া,#,চ,া,চ,্,ছ,ি,ল,ে,ন,$,V,PROG,3,POL,PST	য,া,চ,্,ছ,ি,ল,ে,ন
য,া,ও,য,়,া,&,চ,া,ও,য,়,া,#,চ,ে,য,়,ে,ছ,ি,ল,ি,$,V,PRF,2,PST,LGSPEC1	গ,ি,য,়,ে,ছ,ি,ল,ি
য,া,ও,য,়,া,&,চ,া,ও,য,়,া,#,চ,ে,য,়,ে,ছ,ি,ল,ে,$,V,PRF,3,INFM,PST	গ,ি,য,়,ে,ছ,ি,ল,ে
য,া,ও,য,়,া,&,চ,া,ও,য,়,া,#,চ,ে,ত,ে,ন,$,V,HAB,3,POL,PST	য,ে,ত,ে,ন
য,া,ও,য,়,া,&,চ,া,ও,য,়,া,#,চ,া,ব,ে,ন,$,V,3,POL,FUT	য,া,ব,ে,ন
য,া,ও,য,়,া,&,চ,া,ও,য,়,া,#,চ,ে,য,়,ে,ছ,ি,ল,া,ম,$,V,PRF,1,PST	গ,ি,য,়,ে,ছ,ি,ল,া,ম
য,া,ও,য,়,া,&,চ,া,ও,য,়,া,#,চ,া,চ,্,ছ,ো,$,V,PROG,3,INFM,PRS	য,া,চ,্,ছ,ো
য,া,ও,য,়,া,&,চ,া,ও,য,়,া,#,চ,া,ব,ি,$,V,2,FUT,LGSPEC1	য,া,ব,ি
য,া,ও,য,়,া,&,চ,া,ও,য,়,া,#,চ,ে,য,়,ে,ছ,ে,ন,$,V,PRF,3,POL,PRS	গ,ি,য,়,ে,ছ,ে,ন
য,া,ও,য,়,া,&,চ,া,ও,য,়,া,#,চ,ে,য,়,ে,ছ,ি,ল,ে,ন,$,V,PRF,3,POL,PST	গ,ি,য,়,ে,ছ,ি,ল,ে,ন
য,া,ও,য,়,া,&,চ,া,ও,য,়,া,#,চ,ে,ল,ো,$,V,2,POL,PST	গ,ে,ল,ো
য,া,ও,য,়,া,&,চ,া,ও,য,়,া,#,চ,ে,য,়,ে,ছ,ি,$,V,PRF,1,PRS	গ,ি,য,়,ে,ছ,ি
খ,ো,ঁ,জ,া,&,ব,ো,ঝ,া,#,ব,ু,ঝ,ল,া,ম,$,V,1,PST	খ,ু,ঁ,জ,ল,া,ম
খ,ো,ঁ,জ,া,&,ব,ো,ঝ,া,#,ব,ু,ঝ,ছ,ি,স,$,V,PROG,2,PRS,LGSPEC1	খ,ু,ঁ,জ,ছ,ি,স
খ,ো,ঁ,জ,া,&,ঠ,ে,জ,া,#,ঠ,ে,জ,ে,ছ,ে,$,V,PRF,2,POL,PRS	খ,ু,ঁ,জ,ে,ছ,ে
খ,ো,ঁ,জ,া,&,ব,ো,ঝ,া,#,ব,ু,ঝ,ত,ো,$,V,HAB,2,POL,PST	খ,ু,ঁ,জ,ত,ো
খ,ো,ঁ,জ,া,&,ব,ো,ঝ,া,#,ব,ু,ঝ,ছ,ে,$,V,PROG,2,POL,PRS	খ,ু,ঁ,জ,ছ,ে
খ,ো,ঁ,জ,া,&,ন,ও,জ,া,#,ন,ও,জ,ে,$,V,2,POL,PRS	খ,ো,ঁ,জ,ে
খ,ো,ঁ,জ,া,&,ব,ো,ঝ,া,#,ব,ু,ঝ,ব,ে,$,V,3,INFM,FUT	খ,ু,ঁ,জ,ব,ে
খ,ো,ঁ,জ,া,&,ব,ো,ঝ,া,#,ব,ু,ঝ,ত,ে,$,V,HAB,3,INFM,PST	খ,ু,ঁ,জ,ত,ে
খ,ো,ঁ,জ,া,&,ব,ো,ঝ,া,#,ব,ু,ঝ,ব,ি,$,V,2,FUT,LGSPEC1	খ,ু,ঁ,জ,ব,ি
খ,ো,ঁ,জ,া,&,ব,ো,ঝ,া,#,ব,ু,ঝ,ে,ছ,ি,$,V,PRF,1,PRS	খ,ু,ঁ,জ,ে,ছ,ি
খ,ো,ঁ,জ,া,&,ব,ো,ঝ,া,#,ব,ু,ঝ,ত,া,ম,$,V,HAB,1,PST	খ,ু,ঁ,জ,ত,া,ম
খ,ো,ঁ,জ,া,&,ব,ো,ঝ,া,#,ব,ু,ঝ,ত,ে,$,V,NFIN	খ,ু,ঁ,জ,ত,ে
খ,ো,ঁ,জ,া,&,ব,ো,ঝ,া,#,ব,ু,ঝ,ত,ি,স,$,V,HAB,2,PST,LGSPEC1	খ,ু,ঁ,জ,ত,ি,স
খ,ো,ঁ,জ,া,&,ব,ো,ঝ,া,#,ব,ু,ঝ,ব,ে,$,V,2,POL,FUT	খ,ু,ঁ,জ,ব,ে
খ,ো,ঁ,জ,া,&,ব,ো,ঝ,া,#,ব,ু,ঝ,ল,ে,ন,$,V,3,POL,PST	খ,ু,ঁ,জ,ল,ে,ন
খ,ো,ঁ,জ,া,&,ঠ,ো,ঝ,া,#,ঠ,ো,ঝ,ো,$,V,3,INFM,PRS	খ,ো,ঁ,জ,ো
খ,ো,ঁ,জ,া,&,ব,ো,ঝ,া,#,ব,ু,ঝ,ছ,ি,ল,ে,$,V,PROG,3,INFM,PST	খ,ু,ঁ,জ,ছ,ি,ল,ে
খ,ো,ঁ,জ,া,&,ব,ো,ঝ,া,#,ব,ু,ঝ,ে,ছ,ি,ল,ে,$,V,PRF,3,INFM,PST	খ,ু,ঁ,জ,ে,ছ,ি,ল,ে
খ,ো,ঁ,জ,া,&,ব,ো,ঝ,া,#,ব,ু,ঝ,ছ,ো,$,V,PROG,3,INFM,PRS	খ,ু,ঁ,জ,ছ,ো
খ,ো,ঁ,জ,া,&,ব,ো,ঝ,া,#,ব,ু,ঝ,ত,ে,ন,$,V,HAB,3,POL,PST	খ,ু,ঁ,জ,ত,ে,ন
খ,ো,ঁ,জ,া,&,ব,ো,ঝ,া,#,ব,ু,ঝ,ছ,ি,ল,া,ম,$,V,PROG,1,PST	খ,ু,ঁ,জ,ছ,ি,ল,া,ম
খ,ো,ঁ,জ,া,&,ব,ো,ঝ,া,#,ব,ু,ঝ,ে,ছ,ে,ন,$,V,PRF,3,POL,PRS	খ,ু,ঁ,জ,ে,ছ,ে,ন
খ,ো,ঁ,জ,া,&,ব,ো,ঝ,া,#,ব,ো,ঝ,ে,ন,$,V,3,POL,PRS	খ,ো,ঁ,জ,ে,ন
খ,ো,ঁ,জ,া,&,ব,ো,ঝ,া,#,ব,ু,ঝ,ছ,ি,ল,ে,ন,$,V,PROG,3,POL,PST	খ,ু,ঁ,জ,ছ,ি,ল,ে,ন
খ,ো,ঁ,জ,া,&,ব,ো,ঝ,া,#,ব,ু,ঝ,ছ,ি,ল,ো,$,V,PROG,2,POL,PST	খ,ু,ঁ,জ,ছ,ি,ল,ো
খ,ো,ঁ,জ,া,&,ব,ো,ঝ,া,#,ব,ু,ঝ,ল,ে,$,V,3,INFM,PST	খ,ু,ঁ,জ,ল,ে
খ,ো,ঁ,জ,া,&,ব,ো,ঝ,া,#,ব,ু,ঝ,ে,ছ,ি,ল,ি,$,V,PRF,2,PST,LGSPEC1	খ,ু,ঁ,জ,ে,ছ,ি,ল,ি
খ,ো,ঁ,জ,া,&,ো,ম,জ,া,#,ো,ম,জ,ে,ছ,ি,ল,ো,$,V,PRF,2,POL,PST	খ,ু,ঁ,জ,ে,ছ,ি,ল,ো
খ,ো,ঁ,জ,া,&,ব,ো,ঝ,া,#,ব,ু,ঝ,ব,ো,$,V,1,FUT	খ,ু,ঁ,জ,ব,ো
খ,ো,ঁ,জ,া,&,ব,ো,ঝ,া,#,ব,ু,ঝ,ে,ছ,ো,$,V,PRF,3,INFM,PRS	খ,ু,ঁ,জ,ে,ছ,ো
খ,ো,ঁ,জ,া,&,ন,ঁ,জ,া,#,ন,ঁ,জ,ল,ি,$,V,2,PST,LGSPEC1	খ,ু,ঁ,জ,ল,ি
খ,ো,ঁ,জ,া,&,ব,ো,ঝ,া,#,ব,ু,ঝ,ছ,ি,ল,ি,$,V,PROG,2,PST,LGSPEC1	খ,ু,ঁ,জ,ছ,ি,ল,ি
খ,ো,ঁ,জ,া,&,ব,ো,ঝ,া,#,ব,ু,ঝ,ছ,ে,ন,$,V,PROG,3,POL,PRS	খ,ু,ঁ,জ,ছ,ে,ন
খ,ো,ঁ,জ,া,&,ব,ো,ঝ,া,#,ব,ু,ঝ,ি,স,$,V,2,PRS,LGSPEC1	খ,ু,ঁ,জ,ি,স
খ,ো,ঁ,জ,া,&,ব,ো,ঝ,া,#,ব,ু,ঝ,ে,ছ,ি,স,$,V,PRF,2,PRS,LGSPEC1	খ,ু,ঁ,জ,ে,ছ,ি,স
খ,ো,ঁ,জ,া,&,ব,ো,ঝ,া,#,ব,ু,ঝ,ব,ে,ন,$,V,3,POL,FUT	খ,ু,ঁ,জ,ব,ে,ন
খ,ো,ঁ,জ,া,&,ব,ো,ঝ,া,#,ব,ু,ঝ,ে,ছ,ি,ল,ে,ন,$,V,PRF,3,POL,PST	খ,ু,ঁ,জ,ে,ছ,ি,ল,ে,ন
খ,ো,ঁ,জ,া,&,ব,ো,ঝ,া,#,ব,ু,ঝ,ল,ো,$,V,2,POL,PST	খ,ু,ঁ,জ,ল,ো
খ,ো,ঁ,জ,া,&,ব,ো,ঝ,া,#,ব,ু,ঝ,ছ,ি,$,V,PROG,1,PRS	খ,ু,ঁ,জ,ছ,ি
খ,ো,ঁ,জ,া,&,ব,ো,ঝ,া,#,ব,ু,ঝ,ি,$,V,1,PRS	খ,ু,ঁ,জ,ি
খ,ো,ঁ,জ,া,&,ব,ো,ঝ,া,#,ব,ু,ঝ,ে,ছ,ি,ল,া,ম,$,V,PRF,1,PST	খ,ু,ঁ,জ,ে,ছ,ি,ল,া,ম
দ,ে,শ,&,দ,ে,হ,#,দ,ে,হ,ট,া,র,$,N,GEN,DEF,SG	দ,ে,শ,ট,া,র
দ,ে,শ,&,দ,ে,হ,#,দ,ে,হ,ট,া,$,N,ACC,DEF,SG	দ,ে,শ,ট,া
দ,ে,শ,&,দ,ে,ী,#,দ,ে,ী,গ,ু,ল,া,$,N,ACC,DEF,PL	দ,ে,শ,গ,ু,ল,া
দ,ে,শ,&,দ,ে,হ,#,দ,ে,হ,গ,ু,ল,া,র,$,N,GEN,DEF,PL	দ,ে,শ,গ,ু,ল,া,র
দ,ে,শ,&,দ,ে,হ,#,দ,ে,হ,ে,র,$,N,GEN,NDEF	দ,ে,শ,ে,র
দ,ে,শ,&,দ,ে,হ,#,দ,ে,হ,ট,া,ত,ে,$,N,LOC,DEF,SG	দ,ে,শ,ট,া,ত,ে
দ,ে,শ,&,দ,ে,হ,#,দ,ে,হ,$,N,ACC,NDEF	দ,ে,শ
দ,ে,শ,&,দ,ে,হ,#,দ,ে,হ,ে,$,N,LOC,NDEF	দ,ে,শ,ে
দ,ে,শ,&,দ,ে,ো,#,দ,ে,ো,ট,া,$,N,NOM,DEF,SG	দ,ে,শ,ট,া
দ,ে,শ,&,দ,ে,ব,#,দ,ে,ব,গ,ু,ল,া,ত,ে,$,N,LOC,DEF,PL	দ,ে,শ,গ,ু,ল,া,ত,ে
দ,ে,শ,&,দ,ে,হ,#,দ,ে,হ,গ,ু,ল,া,$,N,NOM,DEF,PL	দ,ে,শ,গ,ু,ল,া
দ,ে,শ,&,দ,ে,হ,#,দ,ে,হ,$,N,NOM,NDEF	দ,ে,শ
ধ,ন,&,জ,ন,্,ম,#,জ,ন,্,ম,ে,$,N,LOC,NDEF	ধ,ন,ে
ধ,ন,&,জ,ন,্,ম,#,জ,ন,্,ম,ট,া,ত,ে,$,N,LOC,DEF,SG	ধ,ন,ট,া,ত,ে
ধ,ন,&,জ,ন,্,ম,#,জ,ন,্,ম,ে,র,$,N,GEN,NDEF	ধ,ন,ে,র
ধ,ন,&,জ,ন,্,ম,#,জ,ন,্,ম,গ,ু,ল,া,ত,ে,$,N,LOC,DEF,PL	ধ,ন,গ,ু,ল,া,ত,ে
ধ,ন,&,ধ,ো,ন,#,ধ,ো,ন,$,N,ACC,NDEF	ধ,ন
ধ,ন,&,জ,ন,্,ম,#,জ,ন,্,ম,গ,ু,ল,া,র,$,N,GEN,DEF,PL	ধ,ন,গ,ু,ল,া,র
ধ,ন,&,জ,ন,্,ম,#,জ,ন,্,ম,ট,া,$,N,ACC,DEF,SG	ধ,ন,ট,া
ধ,ন,&,জ,ন,্,ম,#,জ,ন,্,ম,ট,া,$,N,NOM,DEF,SG	ধ,ন,ট,া
ধ,ন,&,জ,ন,্,ম,#,জ,ন,্,ম,$,N,NOM,NDEF	ধ,ন
ধ,ন,&,জ,ন,্,ম,#,জ,ন,্,ম,গ,ু,ল,া,$,N,NOM,DEF,PL	ধ,ন,গ,ু,ল,া
ধ,ন,&,জ,ন,্,ম,#,জ,ন,্,ম,গ,ু,ল,া,$,N,ACC,DEF,PL	ধ,ন,গ,ু,ল,া
ধ,ন,&,জ,ন,্,ম,#,জ,ন,্,ম,ট,া,র,$,N,GEN,DEF,SG	ধ,ন,ট,া,র
শ,ি,খ,া,ন,ো,&,প,া,ঠ,া,ন,ো,#,প,া,ঠ,া,য,়,$,V,2,POL,PRS	শ,ি,খ,া,য,়
শ,ি,খ,া,ন,ো,&,প,া,ঠ,া,ন,ো,#,প,া,ঠ,ি,য,়,ে,ছ,ি,ল,া,ম,$,V,PRF,1,PST	শ,ি,খ,ি,য,়,ে,ছ,ি,ল,া,ম
শ,ি,খ,া,ন,ো,&,প,া,ঠ,া,ন,ো,#,প,া,ঠ,া,চ,্,ছ,ি,স,$,V,PROG,2,PRS,LGSPEC1	শ,ি,খ,া,চ,্,ছ,ি,স
শ,ি,খ,া,ন,ো,&,প,া,ঠ,া,ন,ো,#,প,া,ঠ,ি,য,়,ে,ছ,ো,$,V,PRF,3,INFM,PRS	শ,ি,খ,ি,য,়,ে,ছ,ো
শ,ি,খ,া,ন,ো,&,প,া,ঠ,া,ন,ো,#,প,া,ঠ,া,ল,ে,ন,$,V,3,POL,PST	শ,ি,খ,া,ল,ে,ন
শ,ি,খ,া,ন,ো,&,প,া,ঠ,া,ন,ো,#,প,া,ঠ,ি,য,়,ে,ছ,ি,স,$,V,PRF,2,PRS,LGSPEC1	শ,ি,খ,ি,য,়,ে,ছ,ি,স
শ,ি,খ,া,ন,ো,&,প,া,ঠ,া,ন,ো,#,প,া,ঠ,া,চ,্,ছ,ো,$,V,PROG,3,INFM,PRS	শ,ি,খ,া,চ,্,ছ,ো
শ,ি,খ,া,ন,ো,&,প,া,ঠ,া,ন,ো,#,প,া,ঠ,া,চ,্,ছ,ি,ল,ো,$,V,PROG,2,POL,PST	শ,ি,খ,া,চ,্,ছ,ি,ল,ো
শ,ি,খ,া,ন,ো,&,প,া,ঠ,া,ন,ো,#,প,া,ঠ,া,স,$,V,2,PRS,LGSPEC1	শ,ি,খ,া,স
শ,ি,খ,া,ন,ো,&,প,া,ঠ,া,ন,ো,#,প,া,ঠ,া,ও,$,V,3,INFM,PRS	শ,ি,খ,া,ও
শ,ি,খ,া,ন,ো,&,প,া,ঠ,া,ন,ো,#,প,া,ঠ,া,ব,ে,ন,$,V,3,POL,FUT	শ,ি,খ,া,ব,ে,ন
শ,ি,খ,া,ন,ো,&,প,া,ঠ,া,ন,ো,#,প,া,ঠ,ি,য,়,ে,ছ,ি,ল,ে,ন,$,V,PRF,3,POL,PST	শ,ি,খ,ি,য,়,ে,ছ,ি,ল,ে,ন
শ,ি,খ,া,ন,ো,&,ঙ,ু,খ,া,ন,ো,#,ঙ,ু,খ,ি,য,়,ে,ছ,ি,ল,ে,$,V,PRF,3,INFM,PST	শ,ি,খ,ি,য,়,ে,ছ,ি,ল,ে
শ,ি,খ,া,ন,ো,&,প,া,ঠ,া,ন,ো,#,প,া,ঠ,া,ব,ে,$,V,3,INFM,FUT	শ,ি,খ,া,ব,ে
শ,ি,খ,া,ন,ো,&,প,া,ঠ,া,ন,ো,#,প,া,ঠ,া,ব,ো,$,V,1,FUT	শ,ি,খ,া,ব,ো
শ,ি,খ,া,ন,ো,&,প,া,ঠ,া,ন,ো,#,প,া,ঠ,া,ত,ে,$,V,HAB,3,INFM,PST	শ,ি,খ,া,ত,ে
শ,ি,খ,া,ন,ো,&,প,া,ঠ,া,ন,ো,#,প,া,ঠ,া,ত,ে,ন,$,V,HAB,3,POL,PST	শ,ি,খ,া,ত,ে,ন
শ,ি,খ,া,ন,ো,&,প,া,ঠ,া,ন,ো,#,প,া,ঠ,া,ল,ি,$,V,2,PST,LGSPEC1	শ,ি,খ,া,ল,ি
শ,ি,খ,া,ন,ো,&,প,া,ঠ,া,ন,ো,#,প,া,ঠ,া,চ,্,ছ,ি,ল,া,ম,$,V,PROG,1,PST	শ,ি,খ,া,চ,্,ছ,ি,ল,া,ম
শ,ি,খ,া,ন,ো,&,প,া,ঠ,া,ন,ো,#,প,া,ঠ,া,চ,্,ছ,ি,ল,ে,$,V,PROG,3,INFM,PST	শ,ি,খ,া,চ,্,ছ,ি,ল,ে
শ,ি,খ,া,ন,ো,&,প,া,ঠ,া,ন,ো,#,প,া,ঠ,া,ব,ি,$,V,2,FUT,LGSPEC1	শ,ি,খ,া,ব,ি
শ,ি,খ,া,ন,ো,&,প,ী,ঠ,া,ন,ো,#,প,ী,ঠ,া,চ,্,ছ,ি,ল,ে,ন,$,V,PROG,3,POL,PST	শ,ি,খ,া,চ,্,ছ,ি,ল,ে,ন
শ,ি,খ,া,ন,ো,&,প,া,ঠ,া,ন,ো,#,প,া,ঠ,া,ই,$,V,1,PRS	শ,ি,খ,া,ই
শ,ি,খ,া,ন,ো,&,প,া,ঠ,া,ন,ো,#,প,া,ঠ,া,ত,া,ম,$,V,HAB,1,PST	শ,ি,খ,া,ত,া,ম
শ,ি,খ,া,ন,ো,&,প,া,ঠ,া,ন,ো,#,প,া,ঠ,া,চ,্,ছ,ে,$,V,PROG,2,POL,PRS	শ,ি,খ,া,চ,্,ছ,ে
শ,ি,খ,া,ন,ো,&,প,া,ঠ,া,ন,ো,#,প,া,ঠ,া,চ,্,ছ,ি,$,V,PROG,1,PRS	শ,ি,খ,া,চ,্,ছ,ি
শ,ি,খ,া,ন,ো,&,প,া,ঠ,া,ন,ো,#,প,া,ঠ,ি,য,়,ে,ছ,ি,ল,ো,$,V,PRF,2,POL,PST	শ,ি,খ,ি,য,়,ে,ছ,ি,ল,ো
শ,ি,খ,া,ন,ো,&,প,া,ঠ,া,ন,ো,#,প,া,ঠ,া,ব,ে,$,V,2,POL,FUT	শ,ি,খ,া,ব,ে
শ,ি,খ,া,ন,ো,&,প,া,ঠ,া,ন,ো,#,প,া,ঠ,া,ন,$,V,3,POL,PRS	শ,ি,খ,া,ন
শ,ি,খ,া,ন,ো,&,প,া,ঠ,া,ন,ো,#,প,া,ঠ,া,ল,া,ম,$,V,1,PST	শ,ি,খ,া,ল,া,ম
শ,ি,খ,া,ন,ো,&,প,া,ঠ,া,ন,ো,#,প,া,ঠ,ি,য,়,ে,ছ,ি,$,V,PRF,1,PRS	শ,ি,খ,ি,য,়,ে,ছ,ি
শ,ি,খ,া,ন,ো,&,প,া,ঠ,া,ন,ো,#,প,া,ঠ,া,ত,ো,$,V,HAB,2,POL,PST	শ,ি,খ,া,ত,ো
শ,ি,খ,া,ন,ো,&,প,া,ঠ,া,ন,ো,#,প,া,ঠ,া,ল,ে,$,V,3,INFM,PST	শ,ি,খ,া,ল,ে
শ,ি,খ,া,ন,ো,&,প,া,ঠ,া,ন,ো,#,প,া,ঠ,া,ল,ো,$,V,2,POL,PST	শ,ি,খ,া,ল,ো
শ,ি,খ,া,ন,ো,&,উ,ু,খ,া,ন,ো,#,উ,ু,খ,া,চ,্,ছ,ে,ন,$,V,PROG,3,POL,PRS	শ,ি,খ,া,চ,্,ছ,ে,ন
শ,ি,খ,া,ন,ো,&,প,া,ঠ,া,ন,ো,#,প,া,ঠ,ি,য,়,ে,ছ,ে,$,V,PRF,2,POL,PRS	শ,ি,খ,ি,য,়,ে,ছ,ে
শ,ি,খ,া,ন,ো,&,প,া,ঠ,া,ন,ো,#,প,া,ঠ,া,চ,্,ছ,ি,ল,ি,$,V,PROG,2,PST,LGSPEC1	শ,ি,খ,া,চ,্,ছ,ি,ল,ি
শ,ি,খ,া,ন,ো,&,প,া,ঠ,া,ন,ো,#,প,া,ঠ,া,ত,ে,$,V,NFIN	শ,ি,খ,া,ত,ে
শ,ি,খ,া,ন,ো,&,প,া,ঠ,া,ন,ো,#,প,া,ঠ,ি,য,়,ে,ছ,ে,ন,$,V,PRF,3,POL,PRS	শ,ি,খ,ি,য,়,ে,ছ,ে,ন
শ,ি,খ,া,ন,ো,&,ই,ক,গ,া,ন,ো,#,ই,ক,গ,ি,য,়,ে,ছ,ি,ল,ি,$,V,PRF,2,PST,LGSPEC1	শ,ি,খ,ি,য,়,ে,ছ,ি,ল,ি
শ,ি,খ,া,ন,ো,&,উ,া,খ,া,ন,ো,#,উ,া,খ,া,ত,ি,স,$,V,HAB,2,PST,LGSPEC1	শ,ি,খ,া,ত,ি,স
হ,া,ঁ,ট,া,&,হ,ও,য,়,া,#,হ,ন,$,V,3,POL,PRS	হ,া,ঁ,ট,ে,ন
হ,া,ঁ,ট,া,&,হ,ও,য,়,া,#,হ,য,়,ে,ছ,ি,ল,ি,$,V,PRF,2,PST,LGSPEC1	হ,ে,ঁ,ট,ে,ছ,ি,ল,ি
হ,া,ঁ,ট,া,&,হ,ও,য,়,া,#,হ,ব,ে,ন,$,V,3,POL,FUT	হ,া,ঁ,ট,ব,ে,ন
হ,া,ঁ,ট,া,&,হ,ও,য,়,া,#,হ,য,়,ে,ছ,ি,ল,ে,ন,$,V,PRF,3,POL,PST	হ,ে,ঁ,ট,ে,ছ,ি,ল,ে,ন
হ,া,ঁ,ট,া,&,হ,ও,য,়,া,#,হ,স,$,V,2,PRS,LGSPEC1	হ,া,ঁ,ট,ি,স
হ,া,ঁ,ট,া,&,হ,ও,য,়,া,#,হ,য,়,ে,ছ,ি,ল,ে,$,V,PRF,3,INFM,PST	হ,ে,ঁ,ট,ে,ছ,ি,ল,ে
হ,া,ঁ,ট,া,&,হ,ও,য,়,া,#,হ,ত,া,ম,$,V,HAB,1,PST	হ,া,ঁ,ট,ত,া,ম
হ,া,ঁ,ট,া,&,হ,ও,য,়,া,#,হ,য,়,ে,ছ,ি,$,V,PRF,1,PRS	হ,ে,ঁ,ট,ে,ছ,ি
হ,া,ঁ,ট,া,&,হ,ও,য,়,া,#,হ,য,়,ে,ছ,ি,ল,া,ম,$,V,PRF,1,PST	হ,ে,ঁ,ট,ে,ছ,ি,ল,া,ম
হ,া,ঁ,ট,া,&,হ,র,ট,া,#,হ,র,ট,ছ,ি,$,V,PROG,1,PRS	হ,া,ঁ,ট,ছ,ি
হ,া,ঁ,ট,া,&,হ,ও,য,়,া,#,হ,চ,্,ছ,ি,ল,ে,$,V,PROG,3,INFM,PST	হ,া,ঁ,ট,ছ,ি,ল,ে
হ,া,ঁ,ট,া,&,হ,ও,য,়,া,#,হ,ত,ে,ন,$,V,HAB,3,POL,PST	হ,া,ঁ,ট,ত,ে,ন
হ,া,ঁ,ট,া,&,হ,ও,য,়,া,#,হ,ল,ে,$,V,3,INFM,PST	হ,া,ঁ,ট,ল,ে
হ,া,ঁ,ট,া,&,হ,ও,য,়,া,#,হ,ব,ি,$,V,2,FUT,LGSPEC1	হ,া,ঁ,ট,ব,ি
হ,া,ঁ,ট,া,&,হ,া,ট,া,#,হ,া,ট,ত,ি,স,$,V,HAB,2,PST,LGSPEC1	হ,া,ঁ,ট,ত,ি,স
হ,া,ঁ,ট,া,&,হ,ও,য,়,া,#,হ,চ,্,ছ,ি,ল,ো,$,V,PROG,2,POL,PST	হ,া,ঁ,ট,ছ,ি,ল,ো
হ,া,ঁ,ট,া,&,ষ,া,ঁ,া,#,ষ,া,ঁ,ল,ো,$,V,2,POL,PST	হ,া,ঁ,ট,ল,ো
হ,া,ঁ,ট,া,&,হ,ও,য,়,া,#,হ,ল,ে,ন,$,V,3,POL,PST	হ,া,ঁ,ট,ল,ে,ন
হ,া,ঁ,ট,া,&,হ,ও,য,়,া,#,হ,য,়,ে,ছ,ো,$,V,PRF,3,INFM,PRS	হ,ে,ঁ,ট,ে,ছ,ো
হ,া,ঁ,ট,া,&,হ,ও,য,়,া,#,হ,য,়,ে,ছ,ি,স,$,V,PRF,2,PRS,LGSPEC1	হ,ে,ঁ,ট,ে,ছ,ি,স
হ,া,ঁ,ট,া,&,ষ,া,ঁ,া,#,ষ,া,ঁ,ছ,ে,$,V,PROG,2,POL,PRS	হ,া,ঁ,ট,ছ,ে
হ,া,ঁ,ট,া,&,হ,ও,য,়,া,#,হ,চ,্,ছ,ো,$,V,PROG,3,INFM,PRS	হ,া,ঁ,ট,ছ,ো
হ,া,ঁ,ট,া,&,হ,ও,য,়,া,#,হ,ব,ো,$,V,1,FUT	হ,া,ঁ,ট,ব,ো
হ,া,ঁ,ট,া,&,হ,ও,য,়,া,#,হ,য,়,$,V,2,POL,PRS	হ,া,ঁ,ট,ে
হ,া,ঁ,ট,া,&,হ,ও,য,়,া,#,হ,য,়,ে,ছ,ে,ন,$,V,PRF,3,POL,PRS	হ,ে,ঁ,ট,ে,ছ,ে,ন
হ,া,ঁ,ট,া,&,হ,ও,য,়,া,#,হ,ত,ে,$,V,NFIN	হ,া,ঁ,ট,ত,ে
হ,া,ঁ,ট,া,&,র,া,ঁ,া,#,র,া,ঁ,ত,ো,$,V,HAB,2,POL,PST	হ,া,ঁ,ট,ত,ো
হ,া,ঁ,ট,া,&,হ,ও,য,়,া,#,হ,চ,্,ছ,ি,ল,ে,ন,$,V,PROG,3,POL,PST	হ,া,ঁ,ট,ছ,ি,ল,ে,ন
হ,া,ঁ,ট,া,&,হ,ও,য,়,া,#,হ,ব,ে,$,V,3,INFM,FUT	হ,া,ঁ,ট,ব,ে
হ,া,ঁ,ট,া,&,হ,ও,য,়,া,#,হ,ল,া,ম,$,V,1,PST	হ,া,ঁ,ট,ল,া,ম
হ,া,ঁ,ট,া,&,হ,ও,য,়,া,#,হ,চ,্,ছ,ি,ল,া,ম,$,V,PROG,1,PST	হ,া,ঁ,ট,ছ,ি,ল,া,ম
হ,া,ঁ,ট,া,&,হ,ও,য,়,া,#,হ,ল,ি,$,V,2,PST,LGSPEC1	হ,া,ঁ,ট,ল,ি
হ,া,ঁ,ট,া,&,হ,ও,য,়,া,#,হ,ব,ে,$,V,2,POL,FUT	হ,া,ঁ,ট,ব,ে
হ,া,ঁ,ট,া,&,হ,ও,য,়,া,#,হ,ই,$,V,1,PRS	হ,া,ঁ,ট,ি
হ,া,ঁ,ট,া,&,হ,ও,য,়,া,#,হ,ও,$,V,3,INFM,PRS	হ,া,ঁ,ট,ো
হ,া,ঁ,ট,া,&,হ,ও,য,়,া,#,হ,চ,্,ছ,ে,ন,$,V,PROG,3,POL,PRS	হ,া,ঁ,ট,ছ,ে,ন
হ,া,ঁ,ট,া,&,ণ,ঁ,ট,া,#,ণ,ঁ,ট,ছ,ি,ল,ি,$,V,PROG,2,PST,LGSPEC1	হ,া,ঁ,ট,ছ,ি,ল,ি
হ,া,ঁ,ট,া,&,হ,া,ট,া,#,হ,া,ট,ছ,ি,স,$,V,PROG,2,PRS,LGSPEC1	হ,া,ঁ,ট,ছ,ি,স
হ,া,ঁ,ট,া,&,হ,ও,য,়,া,#,হ,য,়,ে,ছ,ি,ল,ো,$,V,PRF,2,POL,PST	হ,ে,ঁ,ট,ে,ছ,ি,ল,ো
হ,া,ঁ,ট,া,&,হ,ঁ,ট,া,#,হ,ঁ,ট,ত,ে,$,V,HAB,3,INFM,PST	হ,া,ঁ,ট,ত,ে
হ,া,ঁ,ট,া,&,হ,ও,য,়,া,#,হ,য,়,ে,ছ,ে,$,V,PRF,2,POL,PRS	হ,ে,ঁ,ট,ে,ছ,ে
প,র,া,&,ক,র,া,#,ক,র,ছ,ি,$,V,PROG,1,PRS	প,র,ছ,ি
প,র,া,&,ক,র,া,#,ক,র,ে,ছ,ি,ল,ে,ন,$,V,PRF,3,POL,PST	প,র,ে,ছ,ি,ল,ে,ন
প,র,া,&,ক,র,া,#,ক,র,ছ,ি,ল,ে,ন,$,V,PROG,3,POL,PST	প,র,ছ,ি,ল,ে,ন
প,র,া,&,ক,র,া,#,ক,র,ত,ে,$,V,NFIN	প,র,ত,ে
প,র,া,&,ক,র,া,#,ক,র,ত,া,ম,$,V,HAB,1,PST	প,র,ত,া,ম
প,র,া,&,ক,র,া,#,ক,র,ল,া,ম,$,V,1,PST	প,র,ল,া,ম
প,র,া,&,ক,র,া,#,ক,র,ে,ছ,ি,ল,া,ম,$,V,PRF,1,PST	প,র,ে,ছ,ি,ল,া,ম
প,র,া,&,ক,র,া,#,ক,র,ছ,ি,স,$,V,PROG,2,PRS,LGSPEC1	প,র,ছ,ি,স
প,র,া,&,ক,র,া,#,ক,র,ল,ে,ন,$,V,3,POL,PST	প,র,ল,ে,ন
প,র,া,&,ক,র,া,#,ক,র,ে,ছ,ি,ল,ে,$,V,PRF,3,INFM,PST	প,র,ে,ছ,ি,ল,ে
প,র,া,&,ক,র,া,#,ক,র,ে,ছ,ে,ন,$,V,PRF,3,POL,PRS	প,র,ে,ছ,ে,ন
প,র,া,&,ক,র,া,#,ক,র,ত,ে,$,V,HAB,3,INFM,PST	প,র,ত,ে
প,র,া,&,ক,র,া,#,ক,র,ব,ে,ন,$,V,3,POL,FUT	প,র,ব,ে,ন
প,র,া,&,ক,র,া,#,ক,র,ত,ো,$,V,HAB,2,POL,PST	প,র,ত,ো
প,র,া,&,ক,র,া,#,ক,র,ছ,ি,ল,ি,$,V,PROG,2,PST,LGSPEC1	প,র,ছ,ি,ল,ি
প,র,া,&,ক,র,া,#,ক,র,ে,ছ,ে,$,V,PRF,2,POL,PRS	প,র,ে,ছ,ে
প,র,া,&,ক,র,া,#,ক,র,ো,$,V,3,INFM,PRS	প,র,ো
প,র,া,&,ক,র,া,#,ক,র,ব,ো,$,V,1,FUT	প,র,ব,ো
প,র,া,&,ক,র,া,#,ক,র,ত,ি,স,$,V,HAB,2,PST,LGSPEC1	প,র,ত,ি,স
প,র,া,&,ক,র,া,#,ক,র,ে,ছ,ি,$,V,PRF,1,PRS	প,র,ে,ছ,ি
প,র,া,&,ক,র,া,#,ক,র,ি,স,$,V,2,PRS,LGSPEC1	প,র,ি,স
প,র,া,&,ক,র,া,#,ক,র,ব,ে,$,V,3,INFM,FUT	প,র,ব,ে
প,র,া,&,ক,র,া,#,ক,র,ে,ন,$,V,3,POL,PRS	প,র,ে,ন
প,র,া,&,ক,র,া,#,ক,র,ে,ছ,ো,$,V,PRF,3,INFM,PRS	প,র,ে,ছ,ো
প,র,া,&,ক,র,া,#,ক,র,ছ,ি,ল,ে,$,V,PROG,3,INFM,PST	প,র,ছ,ি,ল,ে
প,র,া,&,ক,র,া,#,ক,র,ল,ি,$,V,2,PST,LGSPEC1	প,র,ল,ি
প,র,া,&,ক,র,া,#,ক,র,ে,ছ,ি,ল,ো,$,V,PRF,2,POL,PST	প,র,ে,ছ,ি,ল,ো
প,র,া,&,ক,র,া,#,ক,র,ে,$,V,2,POL,PRS	প,র,ে
প,র,া,&,ক,র,া,#,ক,র,ছ,ে,$,V,PROG,2,POL,PRS	প,র,ছ,ে
প,র,া,&,ক,র,া,#,ক,র,ছ,ি,ল,া,ম,$,V,PROG,1,PST	প,র,ছ,ি,ল,া,ম
প,র,া,&,ক,র,া,#,ক,র,ে,ছ,ি,ল,ি,$,V,PRF,2,PST,LGSPEC1	প,র,ে,ছ,ি,ল,ি
প,র,া,&,ক,র,া,#,ক,র,ি,$,V,1,PRS	প,র,ি
প,র,া,&,ক,র,া,#,ক,র,ছ,ি,ল,ো,$,V,PROG,2,POL,PST	প,র,ছ,ি,ল,ো
প,র,া,&,ক,র,া,#,ক,র,ল,ে,$,V,3,INFM,PST	প,র,ল,ে
প,র,া,&,ক,র,া,#,ক,র,ব,ি,$,V,2,FUT,LGSPEC1	প,র,ব,ি
প,র,া,&,ক,র,া,#,ক,র,ল,ো,$,V,2,POL,PST	প,র,ল,ো
প,র,া,&,ক,র,া,#,ক,র,ত,ে,ন,$,V,HAB,3,POL,PST	প,র,ত,ে,ন
প,র,া,&,ক,র,া,#,ক,র,ছ,ো,$,V,PROG,3,INFM,PRS	প,র,ছ,ো
প,র,া,&,ক,র,া,#,ক,র,ে,ছ,ি,স,$,V,PRF,2,PRS,LGSPEC1	প,র,ে,ছ,ি,স
প,র,া,&,ক,র,া,#,ক,র,ব,ে,$,V,2,POL,FUT	প,র,ব,ে
প,র,া,&,ক,র,া,#,ক,র,ছ,ে,ন,$,V,PROG,3,POL,PRS	প,র,ছ,ে,ন
