q,a,b,e,ż,&,k,i,b,e,r,#,t,i,k,b,r,u,$,V,IPFV,FIN,PL,2,PST	t,a,q,b,ż,u
q,a,b,e,ż,&,k,i,b,e,r,#,k,b,i,r,t,u,$,V,PRF,FIN,PL,2,PST	q,b,i,ż,t,u
q,a,b,e,ż,&,p,a,f,e,ż,#,p,a,f,e,ż,$,V,PRF,FIN,MASC,SG,3,PST	q,a,b,e,ż
q,a,b,e,ż,&,k,i,b,e,r,#,i,k,b,r,u,$,V,FIN,IMP,PL,1	a,q,b,ż,u
q,a,b,e,ż,&,q,a,b,a,v,#,a,q,b,a,v,$,V,FIN,IMP,SG,2	a,q,b,e,ż
q,a,b,e,ż,&,k,i,b,e,r,#,k,i,b,r,u,$,V,PRF,FIN,PL,3,PST	q,a,b,ż,u
q,a,b,e,ż,&,q,a,o,e,m,#,j,a,q,o,e,m,$,V,IPFV,FIN,MASC,SG,3,PST	j,a,q,b,e,ż
q,a,b,e,ż,&,q,a,b,a,f,#,n,a,q,b,a,f,$,V,IPFV,FIN,SG,1,PST	n,a,q,b,e,ż
q,a,b,e,ż,&,q,a,h,e,b,#,t,a,q,h,e,b,$,V,IPFV,FIN,FEM,SG,3,PST	t,a,q,b,e,ż
q,a,b,e,ż,&,q,a,e,h,ħ,#,q,e,h,ħ,n,a,$,V,PRF,FIN,PL,1,PST	q,b,i,ż,n,a
q,a,b,e,ż,&,k,i,b,e,r,#,j,i,k,b,r,u,$,V,IPFV,FIN,PL,3,PST	j,a,q,b,ż,u
q,a,b,e,ż,&,k,i,b,e,r,#,n,i,k,b,r,u,$,V,IPFV,FIN,PL,1,PST	n,a,q,b,ż,u
q,a,b,e,ż,&,u,a,b,ż,#,u,a,b,ż,e,j,t,$,V,PRF,FIN,SG,2,PST	q,b,i,ż,t
q,a,b,e,ż,&,k,i,b,e,r,#,k,b,i,r,t,$,V,PRF,FIN,SG,1,PST	q,b,i,ż,t
q,a,b,e,ż,&,q,a,q,e,#,q,a,q,e,e,t,$,V,PRF,FIN,FEM,SG,3,PST	q,a,b,ż,e,t
q,a,b,e,ż,&,q,a,s,e,m,#,t,a,q,s,e,m,$,V,IPFV,FIN,SG,2,PST	t,a,q,b,e,ż
x,t,a,r,a,&,t,a,r,#,i,t,t,i,r,$,V,IPFV,FIN,SG,2,PST	t,i,x,t,r,i
x,t,a,r,a,&,t,a,r,#,i,n,t,i,r,$,V,IPFV,FIN,SG,1,PST	n,i,x,t,r,i
x,t,a,r,a,&,t,a,r,#,t,i,r,u,$,V,FIN,IMP,PL,1	i,x,t,r,u
x,t,a,r,a,&,t,a,r,#,i,t,t,i,r,u,$,V,IPFV,FIN,PL,2,PST	t,i,x,t,r,u
x,t,a,r,a,&,t,a,r,#,t,a,r,$,V,PRF,FIN,MASC,SG,3,PST	x,t,a,r,a
x,t,a,r,a,&,t,a,r,#,t,i,r,t,$,V,PRF,FIN,SG,2,PST	x,t,r,a,j,t
x,t,a,r,a,&,t,a,r,#,t,i,r,t,$,V,PRF,FIN,SG,1,PST	x,t,r,a,j,t
x,t,a,r,a,&,t,a,r,#,t,i,r,$,V,FIN,IMP,SG,2	i,x,t,r,i
x,t,a,r,a,&,t,a,r,#,i,n,t,i,r,u,$,V,IPFV,FIN,PL,1,PST	n,i,x,t,r,u
x,t,a,r,a,&,t,a,r,#,t,a,r,u,$,V,PRF,FIN,PL,3,PST	x,t,r,a,w
x,t,a,r,a,&,t,a,r,#,t,i,r,n,a,$,V,PRF,FIN,PL,1,PST	x,t,r,a,j,n,a
x,t,a,r,a,&,t,a,r,#,i,t,i,r,u,$,V,IPFV,FIN,PL,3,PST	j,i,x,t,r,u
x,t,a,r,a,&,x,t,a,r,#,x,t,a,r,e,t,$,V,PRF,FIN,FEM,SG,3,PST	x,t,r,a,t
x,t,a,r,a,&,t,a,r,#,i,t,i,r,$,V,IPFV,FIN,MASC,SG,3,PST	j,i,x,t,r,i
x,t,a,r,a,&,t,a,r,#,i,t,t,i,r,$,V,IPFV,FIN,FEM,SG,3,PST	t,i,x,t,r,i
x,t,a,r,a,&,t,a,r,#,t,i,r,t,u,$,V,PRF,FIN,PL,2,PST	x,t,r,a,j,t,u
r,i,k,e,b,&,s,i,k,e,r,#,t,i,s,k,r,u,$,V,IPFV,FIN,PL,2,PST	t,i,r,k,b,u
r,i,k,e,b,&,s,i,k,e,r,#,n,i,s,k,r,u,$,V,IPFV,FIN,PL,1,PST	n,i,r,k,b,u
r,i,k,e,b,&,r,i,d,e,b,#,r,i,d,b,u,$,V,PRF,FIN,PL,3,PST	r,i,k,b,u
r,i,k,e,b,&,s,i,k,e,r,#,s,i,k,e,r,$,V,PRF,FIN,MASC,SG,3,PST	r,i,k,e,b
r,i,k,e,b,&,s,i,k,e,r,#,s,k,i,r,t,$,V,PRF,FIN,SG,2,PST	r,k,i,b,t
r,i,k,e,b,&,s,i,k,e,r,#,t,i,s,k,e,r,$,V,IPFV,FIN,SG,2,PST	t,i,r,k,e,b
r,i,k,e,b,&,s,i,k,e,r,#,j,i,s,k,e,r,$,V,IPFV,FIN,MASC,SG,3,PST	j,i,r,k,e,b
r,i,k,e,b,&,s,i,k,e,r,#,i,s,k,r,u,$,V,FIN,IMP,PL,1	i,r,k,b,u
r,i,k,e,b,&,s,i,k,e,r,#,s,k,i,r,t,$,V,PRF,FIN,SG,1,PST	r,k,i,b,t
r,i,k,e,b,&,s,i,k,e,r,#,n,i,s,k,e,r,$,V,IPFV,FIN,SG,1,PST	n,i,r,k,e,b
r,i,k,e,b,&,s,i,k,e,r,#,s,k,i,r,t,u,$,V,PRF,FIN,PL,2,PST	r,k,i,b,t,u
r,i,k,e,b,&,r,i,g,e,b,#,r,i,g,b,e,t,$,V,PRF,FIN,FEM,SG,3,PST	r,i,k,b,e,t
r,i,k,e,b,&,s,i,k,e,r,#,j,i,s,k,r,u,$,V,IPFV,FIN,PL,3,PST	j,i,r,k,b,u
r,i,k,e,b,&,s,i,k,e,r,#,t,i,s,k,e,r,$,V,IPFV,FIN,FEM,SG,3,PST	t,i,r,k,e,b
r,i,k,e,b,&,s,i,k,e,r,#,s,k,i,r,n,a,$,V,PRF,FIN,PL,1,PST	r,k,i,b,n,a
r,i,k,e,b,&,s,i,k,e,r,#,i,s,k,e,r,$,V,FIN,IMP,SG,2	i,r,k,e,b
p,e,j,j,e,p,&,b,e,r,r,e,d,#,i,n,b,e,r,r,e,d,$,V,IPFV,FIN,SG,1,PST	i,n,p,e,j,j,e,p
p,e,j,j,e,p,&,b,e,j,s,e,d,#,i,n,b,e,j,s,d,u,$,V,IPFV,FIN,PL,1,PST	i,n,p,e,j,p,u
p,e,j,j,e,p,&,k,e,j,e,a,#,k,e,j,e,a,$,V,PRF,FIN,MASC,SG,3,PST	p,e,j,j,e,p
p,e,j,j,e,p,&,b,e,q,j,e,d,#,t,b,e,q,j,d,u,$,V,IPFV,FIN,PL,2,PST	t,p,e,j,p,u
p,e,j,j,e,p,&,b,e,r,r,e,d,#,i,b,e,r,r,e,d,$,V,IPFV,FIN,MASC,SG,3,PST	i,p,e,j,j,e,p
p,e,j,j,e,p,&,e,j,j,e,n,#,e,j,j,n,u,$,V,FIN,IMP,PL,1	p,e,j,p,u
p,e,j,j,e,p,&,p,m,j,e,v,#,t,p,m,j,e,v,$,V,IPFV,FIN,SG,2,PST	t,p,e,j,j,e,p
p,e,j,j,e,p,&,x,e,g,t,e,p,#,x,g,t,e,p,t,$,V,PRF,FIN,SG,1,PST	p,e,j,j,i,p,t
p,e,j,j,e,p,&,e,j,m,e,n,#,e,j,m,i,n,t,u,$,V,PRF,FIN,PL,2,PST	p,e,j,j,i,p,t,u
p,e,j,j,e,p,&,b,e,r,r,e,d,#,i,b,e,r,r,d,u,$,V,IPFV,FIN,PL,3,PST	i,p,e,j,p,u
p,e,j,j,e,p,&,b,e,r,r,e,d,#,t,b,e,r,r,e,d,$,V,IPFV,FIN,FEM,SG,3,PST	t,p,e,j,j,e,p
p,e,j,j,e,p,&,p,e,r,r,e,d,#,p,e,r,r,d,e,t,$,V,PRF,FIN,FEM,SG,3,PST	p,e,j,p,e,t
p,e,j,j,e,p,&,e,j,m,e,n,#,e,j,m,i,n,n,a,$,V,PRF,FIN,PL,1,PST	p,e,j,j,i,p,n,a
p,e,j,j,e,p,&,e,j,g,e,n,#,e,j,g,i,n,t,$,V,PRF,FIN,SG,2,PST	p,e,j,j,i,p,t
p,e,j,j,e,p,&,b,e,r,r,e,d,#,i,n,b,e,r,r,e,d,$,V,IPFV,FIN,SG,1,PST	n,p,e,j,j,e,p
p,e,j,j,e,p,&,b,e,j,j,p,#,i,b,j,j,p,$,V,FIN,IMP,SG,2	p,e,j,j,e,p
p,e,j,j,e,p,&,b,e,j,e,e,d,#,b,e,j,e,d,u,$,V,PRF,FIN,PL,3,PST	p,e,j,p,u
e,ż,e,r,ċ,i,t,a,&,i,x,g,ċ,e,t,a,#,i,x,g,ċ,e,t,a,$,V,PRF,FIN,MASC,SG,3,PST	e,ż,e,r,ċ,i,t,a
e,ż,e,r,ċ,i,t,a,&,i,d,n,e,r,ċ,p,i,v,a,#,i,d,n,e,r,ċ,p,i,v,i,$,V,FIN,IMP,SG,2	e,ż,e,r,ċ,i,t,a
e,ż,e,r,ċ,i,t,a,&,i,d,d,e,r,p,ċ,i,v,a,#,i,d,d,e,r,p,ċ,i,v,e,j,t,$,V,PRF,FIN,SG,2,PST	e,ż,e,r,ċ,i,t,a,j,t
e,ż,e,r,ċ,i,t,a,&,s,w,i,ċ,q,h,a,#,s,w,i,ċ,q,h,a,j,t,u,$,V,PRF,FIN,PL,2,PST	e,ż,e,r,ċ,i,t,a,j,t,u
e,ż,e,r,ċ,i,t,a,&,b,e,r,ċ,e,d,#,i,n,b,e,r,ċ,d,u,$,V,IPFV,FIN,PL,1,PST	n,e,ż,e,r,ċ,i,t,a,w
e,ż,e,r,ċ,i,t,a,&,a,m,ċ,i,ż,a,#,a,m,ċ,i,ż,a,j,n,a,$,V,PRF,FIN,PL,1,PST	e,ż,e,r,ċ,i,t,a,j,n,a
e,ż,e,r,ċ,i,t,a,&,x,e,g,ċ,i,l,#,t,i,x,g,ċ,i,l,$,V,IPFV,FIN,FEM,SG,3,PST	t,e,ż,e,r,ċ,i,t,a
e,ż,e,r,ċ,i,t,a,&,ż,ż,ċ,a,t,#,ż,ż,ċ,t,u,$,V,PRF,FIN,PL,3,PST	e,ż,e,r,ċ,i,t,a,w
e,ż,e,r,ċ,i,t,a,&,b,e,ċ,l,t,#,n,i,b,ċ,l,t,$,V,IPFV,FIN,SG,1,PST	n,e,ż,e,r,ċ,i,t,a
e,ż,e,r,ċ,i,t,a,&,e,',r,ċ,e,d,#,i,e,',r,ċ,d,u,$,V,IPFV,FIN,PL,3,PST	j,e,ż,e,r,ċ,i,t,a,w
e,ż,e,r,ċ,i,t,a,&,i,d,d,e,ż,r,ċ,i,v,a,#,t,i,d,d,e,ż,r,ċ,i,v,u,$,V,IPFV,FIN,PL,2,PST	t,e,ż,e,r,ċ,i,t,a,w
e,ż,e,r,ċ,i,t,a,&,t,ż,e,l,ċ,e,m,#,t,ż,e,l,ċ,i,m,t,$,V,PRF,FIN,SG,1,PST	e,ż,e,r,ċ,i,t,a,j,t
e,ż,e,r,ċ,i,t,a,&,h,ċ,n,t,a,#,t,h,ċ,n,t,a,$,V,IPFV,FIN,SG,2,PST	t,e,ż,e,r,ċ,i,t,a
e,ż,e,r,ċ,i,t,a,&,k,a,n,ċ,a,#,k,a,n,ċ,a,w,$,V,FIN,IMP,PL,1	e,ż,e,r,ċ,i,t,a,w
e,ż,e,r,ċ,i,t,a,&,t,ħ,ċ,t,a,#,t,ħ,ċ,t,a,t,$,V,PRF,FIN,FEM,SG,3,PST	e,ż,e,r,ċ,i,t,a,t
e,ż,e,r,ċ,i,t,a,&,t,e,q,ċ,q,#,j,i,t,q,ċ,q,$,V,IPFV,FIN,MASC,SG,3,PST	j,e,ż,e,r,ċ,i,t,a
g,ħ,o,r,o,k,&,ħ,o,r,o,m,#,j,o,ħ,o,r,m,u,$,V,IPFV,FIN,PL,3,PST	j,o,g,ħ,r,k,u
g,ħ,o,r,o,k,&,g,ħ,a,e,o,l,#,t,a,g,ħ,e,o,l,$,V,IPFV,FIN,FEM,SG,3,PST	t,o,g,ħ,r,o,k
g,ħ,o,r,o,k,&,g,ħ,o,s,a,q,#,g,ħ,o,s,a,q,t,$,V,PRF,FIN,SG,1,PST	g,ħ,o,r,o,k,t
g,ħ,o,r,o,k,&,g,ħ,a,r,a,r,#,g,ħ,a,r,a,r,n,a,$,V,PRF,FIN,PL,1,PST	g,ħ,o,r,o,k,n,a
g,ħ,o,r,o,k,&,ħ,o,n,o,q,#,n,o,ħ,o,n,q,u,$,V,IPFV,FIN,PL,1,PST	n,o,g,ħ,r,k,u
g,ħ,o,r,o,k,&,ħ,o,n,o,q,#,o,ħ,o,n,q,u,$,V,FIN,IMP,PL,1	o,g,ħ,r,k,u
g,ħ,o,r,o,k,&,ħ,o,n,o,q,#,ħ,n,o,q,t,u,$,V,PRF,FIN,PL,2,PST	g,ħ,o,r,o,k,t,u
g,ħ,o,r,o,k,&,ħ,o,r,o,h,#,ħ,r,o,h,t,$,V,PRF,FIN,SG,2,PST	g,ħ,o,r,o,k,t
g,ħ,o,r,o,k,&,ħ,o,r,o,f,#,ħ,o,r,o,f,$,V,PRF,FIN,MASC,SG,3,PST	g,ħ,o,r,o,k
g,ħ,o,r,o,k,&,g,ħ,a,t,o,q,#,t,a,g,ħ,t,o,q,$,V,IPFV,FIN,SG,2,PST	t,o,g,ħ,r,o,k
g,ħ,o,r,o,k,&,ħ,o,r,o,k,#,o,ħ,r,o,k,$,V,FIN,IMP,SG,2	o,g,ħ,r,o,k
g,ħ,o,r,o,k,&,g,ħ,a,l,a,k,#,n,a,g,ħ,l,a,k,$,V,IPFV,FIN,SG,1,PST	n,o,g,ħ,r,o,k
g,ħ,o,r,o,k,&,ħ,o,n,o,q,#,t,o,ħ,o,n,q,u,$,V,IPFV,FIN,PL,2,PST	t,o,g,ħ,r,k,u
g,ħ,o,r,o,k,&,g,ħ,u,r,a,q,#,g,ħ,u,r,q,e,t,$,V,PRF,FIN,FEM,SG,3,PST	g,ħ,o,r,k,o,t
g,ħ,o,r,o,k,&,g,ħ,a,r,a,r,#,j,a,g,ħ,r,a,r,$,V,IPFV,FIN,MASC,SG,3,PST	j,o,g,ħ,r,o,k
g,ħ,o,r,o,k,&,ħ,o,n,o,q,#,ħ,o,n,q,u,$,V,PRF,FIN,PL,3,PST	g,ħ,o,r,k,u
ħ,a,s,e,b,&,ħ,a,b,b,#,j,ħ,o,b,b,u,$,V,IPFV,FIN,PL,3,PST	j,a,ħ,s,b,u
ħ,a,s,e,b,&,ħ,a,b,b,#,t,ħ,o,b,b,$,V,IPFV,FIN,FEM,SG,3,PST	t,a,ħ,s,e,b
ħ,a,s,e,b,&,ħ,a,b,b,#,ħ,a,b,b,e,t,$,V,PRF,FIN,FEM,SG,3,PST	ħ,a,s,b,e,t
ħ,a,s,e,b,&,ħ,a,b,b,#,ħ,o,b,b,$,V,FIN,IMP,SG,2	a,ħ,s,e,b
ħ,a,s,e,b,&,ħ,a,b,b,#,ħ,o,b,b,u,$,V,FIN,IMP,PL,1	a,ħ,s,b,u
ħ,a,s,e,b,&,ħ,a,b,b,#,ħ,a,b,b,$,V,PRF,FIN,MASC,SG,3,PST	ħ,a,s,e,b
ħ,a,s,e,b,&,ħ,a,n,e,b,#,ħ,n,e,b,t,$,V,PRF,FIN,SG,2,PST	ħ,s,i,b,t
ħ,a,s,e,b,&,ħ,a,b,b,#,ħ,a,b,b,u,$,V,PRF,FIN,PL,3,PST	ħ,a,s,b,u
ħ,a,s,e,b,&,ħ,a,b,b,#,ħ,a,b,b,e,j,t,$,V,PRF,FIN,SG,1,PST	ħ,s,i,b,t
ħ,a,s,e,b,&,ħ,a,b,b,#,t,ħ,o,b,b,$,V,IPFV,FIN,SG,2,PST	t,a,ħ,s,e,b
ħ,a,s,e,b,&,ħ,a,b,b,#,j,ħ,o,b,b,$,V,IPFV,FIN,MASC,SG,3,PST	j,a,ħ,s,e,b
ħ,a,s,e,b,&,ħ,a,b,b,#,ħ,a,b,b,e,j,t,u,$,V,PRF,FIN,PL,2,PST	ħ,s,i,b,t,u
ħ,a,s,e,b,&,ħ,a,b,b,#,t,ħ,o,b,b,u,$,V,IPFV,FIN,PL,2,PST	t,a,ħ,s,b,u
ħ,a,s,e,b,&,ħ,a,b,b,#,n,ħ,o,b,b,u,$,V,IPFV,FIN,PL,1,PST	n,a,ħ,s,b,u
ħ,a,s,e,b,&,ħ,a,b,b,#,ħ,a,b,b,e,j,n,a,$,V,PRF,FIN,PL,1,PST	ħ,s,i,b,n,a
ħ,a,s,e,b,&,ħ,a,b,b,#,n,ħ,o,b,b,$,V,IPFV,FIN,SG,1,PST	n,a,ħ,s,e,b
i,v,v,j,o,l,a,&,s,h,i,m,o,l,a,#,s,h,i,m,o,l,a,j,n,a,$,V,PRF,FIN,PL,1,PST	i,v,v,j,o,l,a,j,n,a
i,v,v,j,o,l,a,&,i,m,',o,h,t,a,#,i,m,',o,h,t,a,$,V,FIN,IMP,SG,2	i,v,v,j,o,l,a
i,v,v,j,o,l,a,&,i,u,g,q,o,t,a,#,i,u,g,q,o,t,a,j,t,u,$,V,PRF,FIN,PL,2,PST	i,v,v,j,o,l,a,j,t,u
i,v,v,j,o,l,a,&,ħ,o,j,o,a,#,j,o,ħ,j,o,a,$,V,IPFV,FIN,MASC,SG,3,PST	j,i,v,v,j,o,l,a
i,v,v,j,o,l,a,&,i,m,p,o,o,l,a,#,i,m,p,o,o,l,a,w,$,V,FIN,IMP,PL,1	i,v,v,j,o,l,a,w
i,v,v,j,o,l,a,&,s,t,',j,u,l,a,#,t,i,s,t,',j,u,l,a,w,$,V,IPFV,FIN,PL,2,PST	t,i,v,v,j,o,l,a,w
i,v,v,j,o,l,a,&,s,t,i,m,u,l,a,#,s,t,i,m,u,l,a,t,$,V,PRF,FIN,FEM,SG,3,PST	i,v,v,j,o,l,a,t
i,v,v,j,o,l,a,&,s,t,i,m,u,l,a,#,t,i,s,t,i,m,u,l,a,$,V,IPFV,FIN,FEM,SG,3,PST	t,i,v,v,j,o,l,a
i,v,v,j,o,l,a,&,v,v,e,a,#,v,v,e,a,$,V,PRF,FIN,MASC,SG,3,PST	i,v,v,j,o,l,a
i,v,v,j,o,l,a,&,s,t,i,j,h,l,a,#,n,i,s,t,i,j,h,l,a,w,$,V,IPFV,FIN,PL,1,PST	n,i,v,v,j,o,l,a,w
i,v,v,j,o,l,a,&,i,m,j,o,t,e,a,#,n,i,m,j,o,t,e,a,$,V,IPFV,FIN,SG,1,PST	n,i,v,v,j,o,l,a
i,v,v,j,o,l,a,&,i,ż,b,x,o,f,a,#,i,ż,b,x,o,f,a,j,t,$,V,PRF,FIN,SG,2,PST	i,v,v,j,o,l,a,j,t
i,v,v,j,o,l,a,&,s,v,i,u,l,l,a,#,t,i,s,v,i,u,l,l,a,$,V,IPFV,FIN,SG,2,PST	t,i,v,v,j,o,l,a
i,v,v,j,o,l,a,&,i,v,t,l,j,e,v,h,a,#,j,i,v,t,l,j,e,v,h,a,w,$,V,IPFV,FIN,PL,3,PST	j,i,v,v,j,o,l,a,w
i,v,v,j,o,l,a,&,i,v,b,',t,t,a,#,i,v,b,',t,t,a,j,t,$,V,PRF,FIN,SG,1,PST	i,v,v,j,o,l,a,j,t
i,v,v,j,o,l,a,&,s,d,v,g,k,l,a,#,s,d,v,g,k,l,a,w,$,V,PRF,FIN,PL,3,PST	i,v,v,j,o,l,a,w
s,a,b,&,t,a,r,#,i,t,t,i,r,u,$,V,IPFV,FIN,PL,2,PST	i,s,s,i,b,u
s,a,b,&,t,a,r,#,t,i,r,n,a,$,V,PRF,FIN,PL,1,PST	s,i,b,n,a
s,a,b,&,t,a,r,#,i,t,t,i,r,$,V,IPFV,FIN,FEM,SG,3,PST	i,s,s,i,b
s,a,b,&,t,a,r,#,t,i,r,t,$,V,PRF,FIN,SG,1,PST	s,i,b,t
s,a,b,&,t,a,r,#,i,t,i,r,$,V,IPFV,FIN,MASC,SG,3,PST	i,s,i,b
s,a,b,&,t,a,r,#,t,i,r,t,$,V,PRF,FIN,SG,2,PST	s,i,b,t
s,a,b,&,s,a,u,#,k,i,e,n, ,s,a,u,$,V,PRF,FIN,MASC,SG,3,PST	s,a,b
s,a,b,&,t,a,r,#,t,i,r,u,$,V,FIN,IMP,PL,1	s,i,b,u
s,a,b,&,t,a,r,#,t,i,r,t,u,$,V,PRF,FIN,PL,2,PST	s,i,b,t,u
s,a,b,&,t,a,r,#,t,i,r,$,V,FIN,IMP,SG,2	s,i,b
s,a,b,&,t,a,r,#,i,n,t,i,r,$,V,IPFV,FIN,SG,1,PST	i,n,s,i,b
s,a,b,&,t,a,r,#,i,t,t,i,r,$,V,IPFV,FIN,SG,2,PST	i,s,s,i,b
s,a,b,&,t,a,r,#,i,t,i,r,u,$,V,IPFV,FIN,PL,3,PST	i,s,i,b,u
s,a,b,&,t,a,r,#,t,a,r,u,$,V,PRF,FIN,PL,3,PST	s,a,b,u
s,a,b,&,t,a,r,#,i,n,t,i,r,u,$,V,IPFV,FIN,PL,1,PST	i,n,s,i,b,u
s,a,b,&,ż,a,b,#,ż,a,b,e,t,$,V,PRF,FIN,FEM,SG,3,PST	s,a,b,e,t
g,ħ,a,ż,e,l,&,g,ħ,a,m,e,l,#,j,a,g,ħ,m,e,l,$,V,IPFV,FIN,MASC,SG,3,PST	j,a,g,ħ,ż,e,l
g,ħ,a,ż,e,l,&,g,ħ,a,m,e,l,#,g,ħ,a,m,i,l,t,$,V,PRF,FIN,SG,1,PST	g,ħ,a,ż,i,l,t
g,ħ,a,ż,e,l,&,g,ħ,a,m,e,l,#,j,a,g,ħ,m,l,u,$,V,IPFV,FIN,PL,3,PST	j,a,g,ħ,ż,l,u
g,ħ,a,ż,e,l,&,g,ħ,a,m,e,l,#,g,ħ,a,m,e,l,$,V,PRF,FIN,MASC,SG,3,PST	g,ħ,a,ż,e,l
g,ħ,a,ż,e,l,&,g,ħ,a,m,e,l,#,g,ħ,a,m,i,l,t,u,$,V,PRF,FIN,PL,2,PST	g,ħ,a,ż,i,l,t,u
g,ħ,a,ż,e,l,&,g,ħ,a,m,e,l,#,g,ħ,a,m,i,l,n,a,$,V,PRF,FIN,PL,1,PST	g,ħ,a,ż,i,l,n,a
g,ħ,a,ż,e,l,&,g,ħ,a,m,e,l,#,n,a,g,ħ,m,e,l,$,V,IPFV,FIN,SG,1,PST	n,a,g,ħ,ż,e,l
g,ħ,a,ż,e,l,&,g,ħ,a,m,e,l,#,a,g,ħ,m,e,l,$,V,FIN,IMP,SG,2	a,g,ħ,ż,e,l
g,ħ,a,ż,e,l,&,g,ħ,a,m,e,l,#,g,ħ,a,m,l,e,t,$,V,PRF,FIN,FEM,SG,3,PST	g,ħ,a,ż,l,e,t
g,ħ,a,ż,e,l,&,g,ħ,a,m,e,l,#,a,g,ħ,m,l,u,$,V,FIN,IMP,PL,1	a,g,ħ,ż,l,u
g,ħ,a,ż,e,l,&,g,ħ,a,m,e,l,#,t,a,g,ħ,m,e,l,$,V,IPFV,FIN,FEM,SG,3,PST	t,a,g,ħ,ż,e,l
g,ħ,a,ż,e,l,&,g,ħ,a,m,e,l,#,t,a,g,ħ,m,l,u,$,V,IPFV,FIN,PL,2,PST	t,a,g,ħ,ż,l,u
g,ħ,a,ż,e,l,&,g,ħ,a,m,e,l,#,t,a,g,ħ,m,e,l,$,V,IPFV,FIN,SG,2,PST	t,a,g,ħ,ż,e,l
g,ħ,a,ż,e,l,&,g,ħ,a,m,e,l,#,n,a,g,ħ,m,l,u,$,V,IPFV,FIN,PL,1,PST	n,a,g,ħ,ż,l,u
g,ħ,a,ż,e,l,&,g,ħ,a,m,e,l,#,g,ħ,a,m,i,l,t,$,V,PRF,FIN,SG,2,PST	g,ħ,a,ż,i,l,t
g,ħ,a,ż,e,l,&,g,ħ,a,m,e,l,#,g,ħ,a,m,l,u,$,V,PRF,FIN,PL,3,PST	g,ħ,a,ż,l,u
d,a,ħ,a,k,&,d,a,ħ,a,l,#,j,i,d,ħ,o,l,$,V,IPFV,FIN,MASC,SG,3,PST	j,i,d,ħ,a,k
d,a,ħ,a,k,&,d,a,ħ,a,l,#,d,ħ,a,l,t,u,$,V,PRF,FIN,PL,2,PST	d,ħ,a,k,t,u
d,a,ħ,a,k,&,d,a,ħ,a,l,#,d,ħ,a,l,t,$,V,PRF,FIN,SG,2,PST	d,ħ,a,k,t
d,a,ħ,a,k,&,d,a,ħ,a,l,#,j,i,d,ħ,l,u,$,V,IPFV,FIN,PL,3,PST	j,i,d,ħ,k,u
d,a,ħ,a,k,&,d,a,ħ,a,l,#,d,ħ,a,l,n,a,$,V,PRF,FIN,PL,1,PST	d,ħ,a,k,n,a
d,a,ħ,a,k,&,d,a,ħ,a,l,#,d,ħ,a,l,t,$,V,PRF,FIN,SG,1,PST	d,ħ,a,k,t
d,a,ħ,a,k,&,d,a,ħ,a,l,#,t,i,d,ħ,l,u,$,V,IPFV,FIN,PL,2,PST	t,i,d,ħ,k,u
d,a,ħ,a,k,&,d,a,ħ,a,l,#,d,a,ħ,a,l,$,V,PRF,FIN,MASC,SG,3,PST	d,a,ħ,a,k
d,a,ħ,a,k,&,d,a,ħ,a,l,#,i,d,ħ,o,l,$,V,FIN,IMP,SG,2	i,d,ħ,a,k
d,a,ħ,a,k,&,d,a,ħ,a,l,#,i,d,ħ,l,u,$,V,FIN,IMP,PL,1	i,d,ħ,k,u
d,a,ħ,a,k,&,d,a,ħ,a,l,#,d,a,ħ,l,e,t,$,V,PRF,FIN,FEM,SG,3,PST	d,a,ħ,k,e,t
d,a,ħ,a,k,&,d,a,ħ,a,l,#,t,i,d,ħ,o,l,$,V,IPFV,FIN,FEM,SG,3,PST	t,i,d,ħ,a,k
d,a,ħ,a,k,&,d,a,ħ,a,l,#,d,a,ħ,l,u,$,V,PRF,FIN,PL,3,PST	d,a,ħ,k,u
d,a,ħ,a,k,&,d,a,ħ,a,l,#,n,i,d,ħ,l,u,$,V,IPFV,FIN,PL,1,PST	n,i,d,ħ,k,u
d,a,ħ,a,k,&,d,a,ħ,a,l,#,n,i,d,ħ,o,l,$,V,IPFV,FIN,SG,1,PST	n,i,d,ħ,a,k
d,a,ħ,a,k,&,d,a,ħ,a,l,#,t,i,d,ħ,o,l,$,V,IPFV,FIN,SG,2,PST	t,i,d,ħ,a,k
ġ,a,b,a,r,&,d,a,f,a,r,#,n,i,d,f,o,r,$,V,IPFV,FIN,SG,1,PST	n,i,ġ,b,o,r
ġ,a,b,a,r,&,d,a,f,a,r,#,t,i,d,f,o,r,$,V,IPFV,FIN,SG,2,PST	t,i,ġ,b,o,r
ġ,a,b,a,r,&,d,a,f,a,r,#,t,i,d,f,r,u,$,V,IPFV,FIN,PL,2,PST	t,i,ġ,b,r,u
ġ,a,b,a,r,&,ġ,a,m,a,t,#,ġ,a,m,t,u,$,V,PRF,FIN,PL,3,PST	ġ,a,b,r,u
ġ,a,b,a,r,&,ġ,a,g,a,l,#,ġ,a,g,l,e,t,$,V,PRF,FIN,FEM,SG,3,PST	ġ,a,b,r,e,t
ġ,a,b,a,r,&,ġ,a,a,a,l,#,ġ,a,a,a,l,n,a,$,V,PRF,FIN,PL,1,PST	ġ,b,a,r,n,a
ġ,a,b,a,r,&,d,a,f,a,r,#,i,d,f,o,r,$,V,FIN,IMP,SG,2	i,ġ,b,o,r
ġ,a,b,a,r,&,d,a,f,a,r,#,d,f,a,r,t,$,V,PRF,FIN,SG,2,PST	ġ,b,a,r,t
ġ,a,b,a,r,&,d,a,f,a,r,#,d,f,a,r,t,$,V,PRF,FIN,SG,1,PST	ġ,b,a,r,t
ġ,a,b,a,r,&,d,a,f,a,r,#,j,i,d,f,o,r,$,V,IPFV,FIN,MASC,SG,3,PST	j,i,ġ,b,o,r
ġ,a,b,a,r,&,d,a,f,a,r,#,n,i,d,f,r,u,$,V,IPFV,FIN,PL,1,PST	n,i,ġ,b,r,u
ġ,a,b,a,r,&,d,a,f,a,r,#,t,i,d,f,o,r,$,V,IPFV,FIN,FEM,SG,3,PST	t,i,ġ,b,o,r
ġ,a,b,a,r,&,ġ,a,r,a,#,ġ,a,r,a,$,V,PRF,FIN,MASC,SG,3,PST	ġ,a,b,a,r
ġ,a,b,a,r,&,d,a,f,a,r,#,i,d,f,r,u,$,V,FIN,IMP,PL,1	i,ġ,b,r,u
ġ,a,b,a,r,&,ġ,a,b,i,#,ġ,a,b,i,e,j,t,u,$,V,PRF,FIN,PL,2,PST	ġ,b,a,r,t,u
ġ,a,b,a,r,&,d,a,f,a,r,#,j,i,d,f,r,u,$,V,IPFV,FIN,PL,3,PST	j,i,ġ,b,r,u
g,i,d,e,b,&,g,i,d,e,m,#,g,d,i,m,n,a,$,V,PRF,FIN,PL,1,PST	g,d,i,b,n,a
g,i,d,e,b,&,g,i,d,e,m,#,j,i,g,d,e,m,$,V,IPFV,FIN,MASC,SG,3,PST	j,i,g,d,e,b
g,i,d,e,b,&,g,i,d,e,m,#,i,g,d,e,m,$,V,FIN,IMP,SG,2	i,g,d,e,b
g,i,d,e,b,&,g,i,d,e,m,#,t,i,g,d,m,u,$,V,IPFV,FIN,PL,2,PST	t,i,g,d,b,u
g,i,d,e,b,&,g,i,d,e,m,#,n,i,g,d,m,u,$,V,IPFV,FIN,PL,1,PST	n,i,g,d,b,u
g,i,d,e,b,&,g,i,d,e,m,#,g,d,i,m,t,$,V,PRF,FIN,SG,1,PST	g,d,i,b,t
g,i,d,e,b,&,g,i,d,e,m,#,g,i,d,e,m,$,V,PRF,FIN,MASC,SG,3,PST	g,i,d,e,b
g,i,d,e,b,&,g,i,d,e,m,#,g,d,i,m,t,$,V,PRF,FIN,SG,2,PST	g,d,i,b,t
g,i,d,e,b,&,g,i,d,e,m,#,t,i,g,d,e,m,$,V,IPFV,FIN,FEM,SG,3,PST	t,i,g,d,e,b
g,i,d,e,b,&,g,i,d,e,m,#,g,d,i,m,t,u,$,V,PRF,FIN,PL,2,PST	g,d,i,b,t,u
g,i,d,e,b,&,g,i,d,e,m,#,g,i,d,m,e,t,$,V,PRF,FIN,FEM,SG,3,PST	g,i,d,b,e,t
g,i,d,e,b,&,g,i,d,e,m,#,t,i,g,d,e,m,$,V,IPFV,FIN,SG,2,PST	t,i,g,d,e,b
g,i,d,e,b,&,g,i,d,e,m,#,n,i,g,d,e,m,$,V,IPFV,FIN,SG,1,PST	n,i,g,d,e,b
g,i,d,e,b,&,g,i,d,e,m,#,i,g,d,m,u,$,V,FIN,IMP,PL,1	i,g,d,b,u
g,i,d,e,b,&,g,i,d,e,m,#,j,i,g,d,m,u,$,V,IPFV,FIN,PL,3,PST	j,i,g,d,b,u
g,i,d,e,b,&,g,i,d,e,m,#,g,i,d,m,u,$,V,PRF,FIN,PL,3,PST	g,i,d,b,u
i,n,d,i,k,a,&,a,m,m,i,k,a,#,a,m,m,i,k,a,j,t,$,V,PRF,FIN,SG,2,PST	i,n,d,i,k,a,j,t
i,n,d,i,k,a,&,a,n,b,i,r,a,#,n,a,n,b,i,r,a,$,V,IPFV,FIN,SG,1,PST	n,i,n,d,i,k,a
i,n,d,i,k,a,&,b,e,d,a,#,t,i,b,d,a,$,V,IPFV,FIN,FEM,SG,3,PST	t,i,n,d,i,k,a
i,n,d,i,k,a,&,a,m,ħ,i,k,a,#,a,m,ħ,i,k,a,j,n,a,$,V,PRF,FIN,PL,1,PST	i,n,d,i,k,a,j,n,a
i,n,d,i,k,a,&,i,a,d,h,j,i,a,#,i,a,d,h,j,i,a,w,$,V,FIN,IMP,PL,1	i,n,d,i,k,a,w
i,n,d,i,k,a,&,b,e,d,a,#,n,i,b,d,e,w,$,V,IPFV,FIN,PL,1,PST	n,i,n,d,i,k,a,w
i,n,d,i,k,a,&,i,m,b,s,h,k,a,#,t,i,m,b,s,h,k,a,$,V,IPFV,FIN,SG,2,PST	t,i,n,d,i,k,a
i,n,d,i,k,a,&,a,n,m,i,r,a,#,t,a,n,m,i,r,a,w,$,V,IPFV,FIN,PL,2,PST	t,i,n,d,i,k,a,w
i,n,d,i,k,a,&,k,i,k,a,#,k,i,k,a,$,V,PRF,FIN,MASC,SG,3,PST	i,n,d,i,k,a
i,n,d,i,k,a,&,b,e,d,a,#,i,b,d,a,$,V,FIN,IMP,SG,2	i,n,d,i,k,a
i,n,d,i,k,a,&,b,e,d,a,#,j,i,b,d,a,$,V,IPFV,FIN,MASC,SG,3,PST	j,i,n,d,i,k,a
i,n,d,i,k,a,&,b,e,d,a,#,b,d,e,w,$,V,PRF,FIN,PL,3,PST	i,n,d,i,k,a,w
i,n,d,i,k,a,&,b,e,d,a,#,j,i,b,d,e,w,$,V,IPFV,FIN,PL,3,PST	j,i,n,d,i,k,a,w
i,n,d,i,k,a,&,a,n,d,v,r,a,#,a,n,d,v,r,a,j,t,$,V,PRF,FIN,SG,1,PST	i,n,d,i,k,a,j,t
i,n,d,i,k,a,&,b,e,d,a,#,b,d,e,j,t,u,$,V,PRF,FIN,PL,2,PST	i,n,d,i,k,a,j,t,u
i,n,d,i,k,a,&,n,i,b,a,#,n,i,b,a,e,t,$,V,PRF,FIN,FEM,SG,3,PST	i,n,d,i,k,a,t
t,a,&,t,a,r,#,i,t,t,i,r,$,V,IPFV,FIN,FEM,SG,3,PST	t,a,g,ħ,t,i
t,a,&,t,a,r,#,i,t,i,r,$,V,IPFV,FIN,MASC,SG,3,PST	j,a,g,ħ,t,i
t,a,&,t,a,r,#,t,i,r,t,$,V,PRF,FIN,SG,2,PST	t,a,j,t
t,a,&,t,a,r,#,i,t,t,i,r,u,$,V,IPFV,FIN,PL,2,PST	t,a,g,ħ,t,u
t,a,&,t,a,r,#,t,i,r,n,a,$,V,PRF,FIN,PL,1,PST	t,a,j,n,a
t,a,&,t,a,r,#,i,t,i,r,u,$,V,IPFV,FIN,PL,3,PST	j,a,g,ħ,t,u
t,a,&,t,a,r,#,t,i,r,t,u,$,V,PRF,FIN,PL,2,PST	t,a,j,t,u
t,a,&,t,a,r,#,i,n,t,i,r,$,V,IPFV,FIN,SG,1,PST	n,a,g,ħ,t,i
t,a,&,t,a,r,#,t,a,r,$,V,PRF,FIN,MASC,SG,3,PST	t,a
t,a,&,t,a,r,#,i,n,t,i,r,u,$,V,IPFV,FIN,PL,1,PST	n,a,g,ħ,t,u
t,a,&,t,a,r,#,i,t,t,i,r,$,V,IPFV,FIN,SG,2,PST	t,a,g,ħ,t,i
t,a,&,t,a,r,#,t,i,r,t,$,V,PRF,FIN,SG,1,PST	t,a,j,t
t,a,&,t,a,r,#,t,a,r,u,$,V,PRF,FIN,PL,3,PST	t,a,w
t,a,&,t,a,r,#,t,i,r,$,V,FIN,IMP,SG,2	a,g,ħ,t,i
t,a,&,t,a,r,#,t,a,r,e,t,$,V,PRF,FIN,FEM,SG,3,PST	t,a,t
t,a,&,t,a,r,#,t,i,r,u,$,V,FIN,IMP,PL,1	a,g,ħ,t,u
s,i,k,e,t,&,s,i,k,e,r,#,s,k,i,r,n,a,$,V,PRF,FIN,PL,1,PST	s,k,i,t,n,a
s,i,k,e,t,&,s,i,k,e,r,#,n,i,s,k,r,u,$,V,IPFV,FIN,PL,1,PST	n,i,s,k,t,u
s,i,k,e,t,&,s,i,k,e,r,#,i,s,k,r,u,$,V,FIN,IMP,PL,1	i,s,k,t,u
s,i,k,e,t,&,s,i,k,e,r,#,s,i,k,r,e,t,$,V,PRF,FIN,FEM,SG,3,PST	s,i,k,t,e,t
s,i,k,e,t,&,s,i,k,e,r,#,s,i,k,r,u,$,V,PRF,FIN,PL,3,PST	s,i,k,t,u
s,i,k,e,t,&,s,i,k,e,r,#,s,k,i,r,t,$,V,PRF,FIN,SG,1,PST	s,k,i,t,t
s,i,k,e,t,&,s,i,k,e,r,#,s,k,i,r,t,$,V,PRF,FIN,SG,2,PST	s,k,i,t,t
s,i,k,e,t,&,s,i,k,e,r,#,t,i,s,k,e,r,$,V,IPFV,FIN,FEM,SG,3,PST	t,i,s,k,o,t
s,i,k,e,t,&,s,i,k,e,r,#,j,i,s,k,e,r,$,V,IPFV,FIN,MASC,SG,3,PST	j,i,s,k,o,t
s,i,k,e,t,&,s,i,k,e,r,#,i,s,k,e,r,$,V,FIN,IMP,SG,2	i,s,k,o,t
s,i,k,e,t,&,s,i,k,e,r,#,t,i,s,k,r,u,$,V,IPFV,FIN,PL,2,PST	t,i,s,k,t,u
s,i,k,e,t,&,s,i,k,e,r,#,s,k,i,r,t,u,$,V,PRF,FIN,PL,2,PST	s,k,i,t,t,u
s,i,k,e,t,&,s,i,k,e,r,#,t,i,s,k,e,r,$,V,IPFV,FIN,SG,2,PST	t,i,s,k,o,t
s,i,k,e,t,&,s,i,k,e,r,#,n,i,s,k,e,r,$,V,IPFV,FIN,SG,1,PST	n,i,s,k,o,t
s,i,k,e,t,&,s,i,k,e,r,#,j,i,s,k,r,u,$,V,IPFV,FIN,PL,3,PST	j,i,s,k,t,u
s,i,k,e,t,&,s,i,k,e,r,#,s,i,k,e,r,$,V,PRF,FIN,MASC,SG,3,PST	s,i,k,e,t
s,e,r,a,q,&,ħ,a,r,a,q,#,j,a,ħ,r,q,u,$,V,IPFV,FIN,PL,3,PST	j,i,s,i,r,q,u
s,e,r,a,q,&,ħ,a,r,a,q,#,n,a,ħ,r,a,q,$,V,IPFV,FIN,SG,1,PST	n,i,s,r,a,q
s,e,r,a,q,&,ħ,a,r,a,q,#,ħ,r,a,q,n,a,$,V,PRF,FIN,PL,1,PST	s,r,a,q,n,a
s,e,r,a,q,&,ħ,a,r,a,q,#,t,a,ħ,r,a,q,$,V,IPFV,FIN,FEM,SG,3,PST	t,i,s,r,a,q
s,e,r,a,q,&,ħ,a,r,a,q,#,a,ħ,r,q,u,$,V,FIN,IMP,PL,1	i,s,i,r,q,u
s,e,r,a,q,&,s,e,l,a,q,#,s,e,l,q,e,t,$,V,PRF,FIN,FEM,SG,3,PST	s,e,r,q,e,t
s,e,r,a,q,&,ħ,a,r,a,q,#,ħ,r,a,q,t,$,V,PRF,FIN,SG,2,PST	s,r,a,q,t
s,e,r,a,q,&,ħ,a,r,a,q,#,ħ,r,a,q,t,u,$,V,PRF,FIN,PL,2,PST	s,r,a,q,t,u
s,e,r,a,q,&,ħ,a,r,a,q,#,ħ,a,r,q,u,$,V,PRF,FIN,PL,3,PST	s,e,r,q,u
s,e,r,a,q,&,ħ,a,r,a,q,#,ħ,a,r,a,q,$,V,PRF,FIN,MASC,SG,3,PST	s,e,r,a,q
s,e,r,a,q,&,ħ,a,r,a,q,#,n,a,ħ,r,q,u,$,V,IPFV,FIN,PL,1,PST	n,i,s,i,r,q,u
s,e,r,a,q,&,ħ,a,r,a,q,#,t,a,ħ,r,a,q,$,V,IPFV,FIN,SG,2,PST	t,i,s,r,a,q
s,e,r,a,q,&,ħ,a,r,a,q,#,ħ,r,a,q,t,$,V,PRF,FIN,SG,1,PST	s,r,a,q,t
s,e,r,a,q,&,s,e,r,a,l,#,j,i,s,r,a,l,$,V,IPFV,FIN,MASC,SG,3,PST	j,i,s,r,a,q
s,e,r,a,q,&,ħ,a,r,a,q,#,a,ħ,r,a,q,$,V,FIN,IMP,SG,2	i,s,r,a,q
s,e,r,a,q,&,ħ,a,r,a,q,#,t,a,ħ,r,q,u,$,V,IPFV,FIN,PL,2,PST	t,i,s,i,r,q,u
k,i,e,n,&,k,i,e,l,#,t,i,e,k,l,u,$,V,IPFV,FIN,PL,2,PST	t,k,u,n,u
k,i,e,n,&,k,i,e,l,#,n,i,e,k,l,u,$,V,IPFV,FIN,PL,1,PST	n,k,u,n,u
k,i,e,n,&,k,i,e,l,#,n,i,e,k,o,l,$,V,IPFV,FIN,SG,1,PST	i,n,k,u,n
k,i,e,n,&,k,i,e,l,#,k,i,l,t,$,V,PRF,FIN,SG,1,PST	k,o,n,t
k,i,e,n,&,k,i,e,l,#,t,i,e,k,o,l,$,V,IPFV,FIN,FEM,SG,3,PST	t,k,u,n
k,i,e,n,&,k,i,e,l,#,t,i,e,k,o,l,$,V,IPFV,FIN,SG,2,PST	t,k,u,n
k,i,e,n,&,k,i,e,l,#,k,u,l,$,V,FIN,IMP,SG,2	k,u,n
k,i,e,n,&,k,i,e,l,#,k,i,l,t,u,$,V,PRF,FIN,PL,2,PST	k,o,n,t,u
k,i,e,n,&,k,i,e,l,#,k,u,l,u,$,V,FIN,IMP,PL,1	k,u,n,u
k,i,e,n,&,k,i,e,l,#,k,i,e,l,$,V,PRF,FIN,MASC,SG,3,PST	k,i,e,n
k,i,e,n,&,k,i,e,l,#,k,i,l,t,$,V,PRF,FIN,SG,2,PST	k,o,n,t
k,i,e,n,&,k,i,e,l,#,j,i,e,k,l,u,$,V,IPFV,FIN,PL,3,PST	i,k,u,n,u
k,i,e,n,&,k,i,e,l,#,k,i,e,l,e,t,$,V,PRF,FIN,FEM,SG,3,PST	k,i,e,n,e,t
k,i,e,n,&,k,i,e,l,#,k,i,e,l,u,$,V,PRF,FIN,PL,3,PST	k,i,e,n,u
k,i,e,n,&,k,i,e,l,#,k,i,l,n,a,$,V,PRF,FIN,PL,1,PST	k,o,n,n,a
k,i,e,n,&,k,i,e,l,#,j,i,e,k,o,l,$,V,IPFV,FIN,MASC,SG,3,PST	i,k,u,n
n,i,ż,e,l,&,b,i,d,e,l,#,i,b,d,l,u,$,V,FIN,IMP,PL,1	i,n,ż,l,u
n,i,ż,e,l,&,b,i,d,e,l,#,b,d,i,l,t,u,$,V,PRF,FIN,PL,2,PST	n,ż,i,l,t,u
n,i,ż,e,l,&,n,ż,e,l,#,n,ż,e,l,e,t,$,V,PRF,FIN,FEM,SG,3,PST	n,i,ż,l,e,t
n,i,ż,e,l,&,b,i,ż,e,l,#,t,i,b,ż,e,l,$,V,IPFV,FIN,FEM,SG,3,PST	t,i,n,ż,e,l
n,i,ż,e,l,&,b,i,d,e,l,#,t,i,b,d,e,l,$,V,IPFV,FIN,SG,2,PST	t,i,n,ż,e,l
n,i,ż,e,l,&,b,i,d,e,l,#,n,i,b,d,l,u,$,V,IPFV,FIN,PL,1,PST	n,i,n,ż,l,u
n,i,ż,e,l,&,b,i,d,e,l,#,b,d,i,l,n,a,$,V,PRF,FIN,PL,1,PST	n,ż,i,l,n,a
n,i,ż,e,l,&,b,i,d,e,l,#,b,i,d,e,l,$,V,PRF,FIN,MASC,SG,3,PST	n,i,ż,e,l
n,i,ż,e,l,&,b,i,d,e,l,#,n,i,b,d,e,l,$,V,IPFV,FIN,SG,1,PST	n,i,n,ż,e,l
n,i,ż,e,l,&,b,i,d,e,l,#,i,b,d,e,l,$,V,FIN,IMP,SG,2	i,n,ż,e,l
n,i,ż,e,l,&,d,i,ż,e,l,#,d,i,ż,l,u,$,V,PRF,FIN,PL,3,PST	n,i,ż,l,u
n,i,ż,e,l,&,b,i,d,e,l,#,j,i,b,d,l,u,$,V,IPFV,FIN,PL,3,PST	j,i,n,ż,l,u
n,i,ż,e,l,&,b,i,d,e,l,#,j,i,b,d,e,l,$,V,IPFV,FIN,MASC,SG,3,PST	j,i,n,ż,e,l
n,i,ż,e,l,&,b,i,d,e,l,#,b,d,i,l,t,$,V,PRF,FIN,SG,1,PST	n,ż,i,l,t
n,i,ż,e,l,&,b,i,d,e,l,#,b,d,i,l,t,$,V,PRF,FIN,SG,2,PST	n,ż,i,l,t
n,i,ż,e,l,&,b,i,d,e,l,#,t,i,b,d,l,u,$,V,IPFV,FIN,PL,2,PST	t,i,n,ż,l,u
r,a,&,ħ,a,#,t,i,e,ħ,u,$,V,IPFV,FIN,FEM,SG,3,PST	t,a,r,a
r,a,&,ħ,a,#,n,i,e,ħ,u,$,V,IPFV,FIN,SG,1,PST	n,a,r,a
r,a,&,ħ,a,#,j,i,e,ħ,d,u,$,V,IPFV,FIN,PL,3,PST	j,a,r,a,w
r,a,&,ħ,a,#,ħ,u,d,u,$,V,FIN,IMP,PL,1	a,r,a,w
r,a,&,ħ,a,#,ħ,u,$,V,FIN,IMP,SG,2	a,r,a
r,a,&,ħ,a,#,ħ,a,d,t,$,V,PRF,FIN,SG,2,PST	r,a,j,t
r,a,&,ħ,a,#,j,i,e,ħ,u,$,V,IPFV,FIN,MASC,SG,3,PST	j,a,r,a
r,a,&,ħ,a,#,t,i,e,ħ,u,$,V,IPFV,FIN,SG,2,PST	t,a,r,a
r,a,&,ħ,a,#,ħ,a,$,V,PRF,FIN,MASC,SG,3,PST	r,a
r,a,&,ħ,a,#,ħ,a,d,n,a,$,V,PRF,FIN,PL,1,PST	r,a,j,n,a
r,a,&,ħ,a,#,ħ,a,d,t,$,V,PRF,FIN,SG,1,PST	r,a,j,t
r,a,&,ħ,a,#,ħ,a,d,t,u,$,V,PRF,FIN,PL,2,PST	r,a,j,t,u
r,a,&,ħ,a,#,n,i,e,ħ,d,u,$,V,IPFV,FIN,PL,1,PST	n,a,r,a,w
r,a,&,ħ,a,#,ħ,a,d,u,$,V,PRF,FIN,PL,3,PST	r,a,w
r,a,&,ħ,a,#,ħ,a,d,e,t,$,V,PRF,FIN,FEM,SG,3,PST	r,a,t
r,a,&,ħ,a,#,t,i,e,ħ,d,u,$,V,IPFV,FIN,PL,2,PST	t,a,r,a,w
f,e,h,e,m,&,f,e,h,a,ħ,#,f,h,a,ħ,t,$,V,PRF,FIN,SG,1,PST	f,h,i,m,t
f,e,h,e,m,&,f,e,t,h,v,#,i,f,t,h,v,$,V,FIN,IMP,SG,2	i,f,h,e,m
f,e,h,e,m,&,h,f,m,e,n,#,h,f,m,n,u,$,V,FIN,IMP,PL,1	i,f,h,m,u
f,e,h,e,m,&,f,e,t,u,m,#,f,t,u,m,t,u,$,V,PRF,FIN,PL,2,PST	f,h,i,m,t,u
f,e,h,e,m,&,f,f,e,e,d,#,f,f,e,d,e,t,$,V,PRF,FIN,FEM,SG,3,PST	f,e,h,m,e,t
f,e,h,e,m,&,x,e,h,e,n,#,j,x,e,h,n,u,$,V,IPFV,FIN,PL,3,PST	j,i,f,h,m,u
f,e,h,e,m,&,f,e,t,a,ħ,#,f,t,a,ħ,n,a,$,V,PRF,FIN,PL,1,PST	f,h,i,m,n,a
f,e,h,e,m,&,f,i,h,e,m,#,f,i,h,e,m,$,V,PRF,FIN,MASC,SG,3,PST	f,e,h,e,m
f,e,h,e,m,&,g,i,e,e,m,#,t,i,g,e,e,m,$,V,IPFV,FIN,SG,2,PST	t,i,f,h,e,m
f,e,h,e,m,&,f,e,e,a,ħ,#,n,i,f,e,a,ħ,$,V,IPFV,FIN,SG,1,PST	n,i,f,h,e,m
f,e,h,e,m,&,f,e,t,a,ħ,#,f,t,a,ħ,t,$,V,PRF,FIN,SG,2,PST	f,h,i,m,t
f,e,h,e,m,&,f,e,q,e,ħ,#,t,i,f,q,e,ħ,$,V,IPFV,FIN,FEM,SG,3,PST	t,i,f,h,e,m
f,e,h,e,m,&,f,e,',h,m,#,j,i,f,',h,m,$,V,IPFV,FIN,MASC,SG,3,PST	j,i,f,h,e,m
f,e,h,e,m,&,f,e,t,a,ħ,#,n,i,f,t,ħ,u,$,V,IPFV,FIN,PL,1,PST	n,i,f,h,m,u
f,e,h,e,m,&,f,e,t,a,ħ,#,t,i,f,t,ħ,u,$,V,IPFV,FIN,PL,2,PST	t,i,f,h,m,u
f,e,h,e,m,&,h,i,e,e,#,h,i,e,e,u,$,V,PRF,FIN,PL,3,PST	f,e,h,m,u
q,a,l,&,t,a,r,#,i,t,t,i,r,u,$,V,IPFV,FIN,PL,2,PST	t,g,ħ,i,d,u
q,a,l,&,t,a,r,#,t,i,r,u,$,V,FIN,IMP,PL,1	g,ħ,i,d,u
q,a,l,&,w,a,l,#,w,a,l,u,$,V,IPFV,FIN,PL,3,PST	j,g,ħ,i,d,u
q,a,l,&,t,a,r,#,i,t,t,i,r,$,V,IPFV,FIN,SG,2,PST	t,g,ħ,i,d
q,a,l,&,t,a,r,#,i,t,i,r,$,V,IPFV,FIN,MASC,SG,3,PST	j,g,ħ,i,d
q,a,l,&,t,a,r,#,i,n,t,i,r,u,$,V,IPFV,FIN,PL,1,PST	n,g,ħ,i,d,u
q,a,l,&,t,a,r,#,t,i,r,n,a,$,V,PRF,FIN,PL,1,PST	g,ħ,e,d,n,a
q,a,l,&,q,a,r,#,q,a,r,e,t,$,V,PRF,FIN,FEM,SG,3,PST	q,a,l,e,t
q,a,l,&,j,a,l,#,k,i,e,n,u, ,j,a,l,u,$,V,PRF,FIN,PL,3,PST	q,a,l,u
q,a,l,&,t,a,r,#,t,i,r,t,$,V,PRF,FIN,SG,2,PST	g,ħ,e,d,t
q,a,l,&,t,a,r,#,i,t,t,i,r,$,V,IPFV,FIN,FEM,SG,3,PST	t,g,ħ,i,d
q,a,l,&,t,a,r,#,t,i,r,t,u,$,V,PRF,FIN,PL,2,PST	g,ħ,e,d,t,u
q,a,l,&,t,a,r,#,t,i,r,t,$,V,PRF,FIN,SG,1,PST	g,ħ,e,d,t
q,a,l,&,t,a,r,#,t,i,r,$,V,FIN,IMP,SG,2	g,ħ,i,d
q,a,l,&,t,a,r,#,i,n,t,i,r,$,V,IPFV,FIN,SG,1,PST	n,g,ħ,i,d
q,a,l,&,r,a,l,#,r,a,l,$,V,PRF,FIN,MASC,SG,3,PST	q,a,l
