k,u,n,d,a,&,b,u,d,a,#,m,u,c,h,a,b,u,d,a,$,V,PL,2,FUT	m,u,c,h,a,k,u,n,d,a
k,u,n,d,a,&,b,u,d,a,#,t,i,r,i,k,u,b,u,d,a,$,V,PROG,PL,1,PRS	t,i,r,i,k,u,k,u,n,d,a
k,u,n,d,a,&,b,u,d,a,#,w,a,b,u,d,a,$,V,SG,2,HOD	w,a,k,u,n,d,a
k,u,n,d,a,&,b,u,d,a,#,n,d,a,k,a,b,u,d,a,$,V,SG,1,PST	n,d,a,k,a,k,u,n,d,a
k,u,n,d,a,&,b,u,d,a,#,t,i,n,o,b,u,d,a,$,V,PL,1,PRS	t,i,n,o,k,u,n,d,a
k,u,n,d,a,&,b,u,d,a,#,t,i,c,h,a,b,u,d,a,$,V,PL,1,FUT	t,i,c,h,a,k,u,n,d,a
k,u,n,d,a,&,k,u,n,a,#,a,n,o,k,u,n,a,$,V,SG,3,PRS	a,n,o,k,u,n,d,a
k,u,n,d,a,&,b,u,d,a,#,u,c,h,a,b,u,d,a,$,V,SG,2,FUT	u,c,h,a,k,u,n,d,a
k,u,n,d,a,&,b,u,d,a,#,n,d,i,r,i,k,u,b,u,d,a,$,V,PROG,SG,1,PRS	n,d,i,r,i,k,u,k,u,n,d,a
k,u,n,d,a,&,b,u,d,a,#,u,r,i,k,u,b,u,d,a,$,V,PROG,SG,2,PRS	u,r,i,k,u,k,u,n,d,a
k,u,n,d,a,&,u,n,d,a,#,a,k,a,u,n,d,a,$,V,SG,3,PST	a,k,a,k,u,n,d,a
k,u,n,d,a,&,b,u,d,a,#,n,d,i,n,o,b,u,d,a,$,V,SG,1,PRS	n,d,i,n,o,k,u,n,d,a
k,u,n,d,a,&,b,u,d,a,#,m,u,n,o,b,u,d,a,$,V,PL,2,PRS	m,u,n,o,k,u,n,d,a
k,u,n,d,a,&,b,u,d,a,#,u,n,o,b,u,d,a,$,V,SG,2,PRS	u,n,o,k,u,n,d,a
k,u,n,d,a,&,b,u,d,a,#,w,a,k,a,b,u,d,a,$,V,SG,2,PST	w,a,k,a,k,u,n,d,a
k,u,n,d,a,&,b,u,d,a,#,v,a,r,i,k,u,b,u,d,a,$,V,PROG,PL,3,PRS	v,a,r,i,k,u,k,u,n,d,a
k,u,n,d,a,&,b,u,d,a,#,a,b,u,d,a,$,V,SG,3,HOD	a,k,u,n,d,a
k,u,n,d,a,&,b,u,d,a,#,v,a,b,u,d,a,$,V,PL,3,HOD	v,a,k,u,n,d,a
k,u,n,d,a,&,b,u,d,a,#,n,d,i,c,h,a,b,u,d,a,$,V,SG,1,FUT	n,d,i,c,h,a,k,u,n,d,a
k,u,n,d,a,&,b,u,d,a,#,m,a,k,a,b,u,d,a,$,V,PL,2,PST	m,a,k,a,k,u,n,d,a
k,u,n,d,a,&,b,u,d,a,#,a,c,h,a,b,u,d,a,$,V,SG,3,FUT	a,c,h,a,k,u,n,d,a
k,u,n,d,a,&,b,u,d,a,#,a,r,i,k,u,b,u,d,a,$,V,PROG,SG,3,PRS	a,r,i,k,u,k,u,n,d,a
k,u,n,d,a,&,b,u,d,a,#,t,a,b,u,d,a,$,V,PL,1,HOD	t,a,k,u,n,d,a
k,u,n,d,a,&,b,u,d,a,#,v,a,n,o,b,u,d,a,$,V,PL,3,PRS	v,a,n,o,k,u,n,d,a
k,u,n,d,a,&,b,u,d,a,#,t,a,k,a,b,u,d,a,$,V,PL,1,PST	t,a,k,a,k,u,n,d,a
k,u,n,d,a,&,b,u,d,a,#,v,a,c,h,a,b,u,d,a,$,V,PL,3,FUT	v,a,c,h,a,k,u,n,d,a
k,u,n,d,a,&,b,u,d,a,#,n,d,a,b,u,d,a,$,V,SG,1,HOD	n,d,a,k,u,n,d,a
k,u,n,d,a,&,b,u,d,a,#,m,a,b,u,d,a,$,V,PL,2,HOD	m,a,k,u,n,d,a
k,u,n,d,a,&,b,u,d,a,#,v,a,k,a,b,u,d,a,$,V,PL,3,PST	v,a,k,a,k,u,n,d,a
k,u,n,d,a,&,b,u,d,a,#,m,u,r,i,k,u,b,u,d,a,$,V,PROG,PL,2,PRS	m,u,r,i,k,u,k,u,n,d,a
b,v,u,m,a,&,b,v,u,n,z,a,#,m,u,c,h,a,b,v,u,n,z,a,$,V,PL,2,FUT	m,u,c,h,a,b,v,u,m,a
b,v,u,m,a,&,b,v,u,n,z,a,#,n,d,i,c,h,a,b,v,u,n,z,a,$,V,SG,1,FUT	n,d,i,c,h,a,b,v,u,m,a
b,v,u,m,a,&,b,v,u,n,z,a,#,a,n,o,b,v,u,n,z,a,$,V,SG,3,PRS	a,n,o,b,v,u,m,a
b,v,u,m,a,&,b,v,u,n,z,a,#,t,i,n,o,b,v,u,n,z,a,$,V,PL,1,PRS	t,i,n,o,b,v,u,m,a
b,v,u,m,a,&,b,v,u,n,z,a,#,v,a,k,a,b,v,u,n,z,a,$,V,PL,3,PST	v,a,k,a,b,v,u,m,a
b,v,u,m,a,&,b,v,u,n,z,a,#,n,d,a,k,a,b,v,u,n,z,a,$,V,SG,1,PST	n,d,a,k,a,b,v,u,m,a
b,v,u,m,a,&,b,v,u,n,z,a,#,t,a,k,a,b,v,u,n,z,a,$,V,PL,1,PST	t,a,k,a,b,v,u,m,a
b,v,u,m,a,&,b,v,u,n,z,a,#,u,c,h,a,b,v,u,n,z,a,$,V,SG,2,FUT	u,c,h,a,b,v,u,m,a
b,v,u,m,a,&,b,v,u,n,z,a,#,u,n,o,b,v,u,n,z,a,$,V,SG,2,PRS	u,n,o,b,v,u,m,a
b,v,u,m,a,&,b,v,u,n,z,a,#,a,k,a,b,v,u,n,z,a,$,V,SG,3,PST	a,k,a,b,v,u,m,a
b,v,u,m,a,&,b,v,u,n,z,a,#,m,a,b,v,u,n,z,a,$,V,PL,2,HOD	m,a,b,v,u,m,a
b,v,u,m,a,&,b,v,u,n,z,a,#,n,d,i,n,o,b,v,u,n,z,a,$,V,SG,1,PRS	n,d,i,n,o,b,v,u,m,a
b,v,u,m,a,&,b,v,u,n,z,a,#,m,a,k,a,b,v,u,n,z,a,$,V,PL,2,PST	m,a,k,a,b,v,u,m,a
b,v,u,m,a,&,b,v,u,n,m,a,#,v,a,b,v,u,n,m,a,$,V,PL,3,HOD	v,a,b,v,u,m,a
b,v,u,m,a,&,b,v,u,n,z,a,#,u,r,i,k,u,b,v,u,n,z,a,$,V,PROG,SG,2,PRS	u,r,i,k,u,b,v,u,m,a
b,v,u,m,a,&,b,v,u,n,z,a,#,a,r,i,k,u,b,v,u,n,z,a,$,V,PROG,SG,3,PRS	a,r,i,k,u,b,v,u,m,a
b,v,u,m,a,&,b,v,u,n,z,a,#,t,i,c,h,a,b,v,u,n,z,a,$,V,PL,1,FUT	t,i,c,h,a,b,v,u,m,a
b,v,u,m,a,&,b,v,u,n,z,a,#,a,c,h,a,b,v,u,n,z,a,$,V,SG,3,FUT	a,c,h,a,b,v,u,m,a
b,v,u,m,a,&,b,v,u,n,z,a,#,v,a,r,i,k,u,b,v,u,n,z,a,$,V,PROG,PL,3,PRS	v,a,r,i,k,u,b,v,u,m,a
b,v,u,m,a,&,b,v,u,n,z,a,#,a,b,v,u,n,z,a,$,V,SG,3,HOD	a,b,v,u,m,a
b,v,u,m,a,&,b,v,u,n,z,a,#,m,u,n,o,b,v,u,n,z,a,$,V,PL,2,PRS	m,u,n,o,b,v,u,m,a
b,v,u,m,a,&,b,v,u,n,z,a,#,n,d,a,b,v,u,n,z,a,$,V,SG,1,HOD	n,d,a,b,v,u,m,a
b,v,u,m,a,&,b,v,u,n,z,a,#,w,a,k,a,b,v,u,n,z,a,$,V,SG,2,PST	w,a,k,a,b,v,u,m,a
b,v,u,m,a,&,b,v,u,n,z,a,#,v,a,c,h,a,b,v,u,n,z,a,$,V,PL,3,FUT	v,a,c,h,a,b,v,u,m,a
b,v,u,m,a,&,b,v,u,n,z,a,#,t,i,r,i,k,u,b,v,u,n,z,a,$,V,PROG,PL,1,PRS	t,i,r,i,k,u,b,v,u,m,a
b,v,u,m,a,&,b,v,u,n,z,a,#,n,d,i,r,i,k,u,b,v,u,n,z,a,$,V,PROG,SG,1,PRS	n,d,i,r,i,k,u,b,v,u,m,a
b,v,u,m,a,&,b,v,u,n,z,a,#,t,a,b,v,u,n,z,a,$,V,PL,1,HOD	t,a,b,v,u,m,a
b,v,u,m,a,&,b,v,u,n,z,a,#,w,a,b,v,u,n,z,a,$,V,SG,2,HOD	w,a,b,v,u,m,a
b,v,u,m,a,&,b,v,u,n,z,a,#,v,a,n,o,b,v,u,n,z,a,$,V,PL,3,PRS	v,a,n,o,b,v,u,m,a
b,v,u,m,a,&,b,v,u,n,z,a,#,m,u,r,i,k,u,b,v,u,n,z,a,$,V,PROG,PL,2,PRS	m,u,r,i,k,u,b,v,u,m,a
d,z,i,d,z,i,s,a,&,d,z,i,d,z,a,#,v,a,d,z,i,d,z,a,$,V,PL,3,HOD	v,a,d,z,i,d,z,i,s,a
d,z,i,d,z,i,s,a,&,d,z,i,d,z,a,#,n,d,i,r,i,k,u,d,z,i,d,z,a,$,V,PROG,SG,1,PRS	n,d,i,r,i,k,u,d,z,i,d,z,i,s,a
d,z,i,d,z,i,s,a,&,d,z,i,d,z,a,#,v,a,c,h,a,d,z,i,d,z,a,$,V,PL,3,FUT	v,a,c,h,a,d,z,i,d,z,i,s,a
d,z,i,d,z,i,s,a,&,d,z,i,d,z,a,#,v,a,n,o,d,z,i,d,z,a,$,V,PL,3,PRS	v,a,n,o,d,z,i,d,z,i,s,a
d,z,i,d,z,i,s,a,&,d,z,i,d,z,a,#,a,d,z,i,d,z,a,$,V,SG,3,HOD	a,d,z,i,d,z,i,s,a
d,z,i,d,z,i,s,a,&,d,z,i,d,z,a,#,a,n,o,d,z,i,d,z,a,$,V,SG,3,PRS	a,n,o,d,z,i,d,z,i,s,a
d,z,i,d,z,i,s,a,&,d,z,i,d,z,a,#,n,d,i,n,o,d,z,i,d,z,a,$,V,SG,1,PRS	n,d,i,n,o,d,z,i,d,z,i,s,a
d,z,i,d,z,i,s,a,&,d,z,i,d,z,a,#,n,d,i,c,h,a,d,z,i,d,z,a,$,V,SG,1,FUT	n,d,i,c,h,a,d,z,i,d,z,i,s,a
d,z,i,d,z,i,s,a,&,d,z,i,d,z,a,#,m,u,n,o,d,z,i,d,z,a,$,V,PL,2,PRS	m,u,n,o,d,z,i,d,z,i,s,a
d,z,i,d,z,i,s,a,&,d,z,i,d,z,a,#,v,a,k,a,d,z,i,d,z,a,$,V,PL,3,PST	v,a,k,a,d,z,i,d,z,i,s,a
d,z,i,d,z,i,s,a,&,d,z,i,d,z,a,#,n,d,a,k,a,d,z,i,d,z,a,$,V,SG,1,PST	n,d,a,k,a,d,z,i,d,z,i,s,a
d,z,i,d,z,i,s,a,&,d,z,i,d,z,a,#,w,a,k,a,d,z,i,d,z,a,$,V,SG,2,PST	w,a,k,a,d,z,i,d,z,i,s,a
d,z,i,d,z,i,s,a,&,d,z,i,d,z,a,#,m,a,d,z,i,d,z,a,$,V,PL,2,HOD	m,a,d,z,i,d,z,i,s,a
d,z,i,d,z,i,s,a,&,d,z,i,d,z,a,#,t,i,n,o,d,z,i,d,z,a,$,V,PL,1,PRS	t,i,n,o,d,z,i,d,z,i,s,a
d,z,i,d,z,i,s,a,&,d,z,i,d,z,a,#,t,a,d,z,i,d,z,a,$,V,PL,1,HOD	t,a,d,z,i,d,z,i,s,a
d,z,i,d,z,i,s,a,&,d,z,i,d,z,a,#,v,a,r,i,k,u,d,z,i,d,z,a,$,V,PROG,PL,3,PRS	v,a,r,i,k,u,d,z,i,d,z,i,s,a
d,z,i,d,z,i,s,a,&,d,z,i,d,z,a,#,u,n,o,d,z,i,d,z,a,$,V,SG,2,PRS	u,n,o,d,z,i,d,z,i,s,a
d,z,i,d,z,i,s,a,&,d,z,i,d,z,a,#,m,a,k,a,d,z,i,d,z,a,$,V,PL,2,PST	m,a,k,a,d,z,i,d,z,i,s,a
d,z,i,d,z,i,s,a,&,d,z,i,d,z,a,#,t,i,c,h,a,d,z,i,d,z,a,$,V,PL,1,FUT	t,i,c,h,a,d,z,i,d,z,i,s,a
d,z,i,d,z,i,s,a,&,d,z,i,d,z,a,#,m,u,r,i,k,u,d,z,i,d,z,a,$,V,PROG,PL,2,PRS	m,u,r,i,k,u,d,z,i,d,z,i,s,a
d,z,i,d,z,i,s,a,&,d,z,i,d,z,a,#,u,r,i,k,u,d,z,i,d,z,a,$,V,PROG,SG,2,PRS	u,r,i,k,u,d,z,i,d,z,i,s,a
d,z,i,d,z,i,s,a,&,d,z,i,d,z,a,#,m,u,c,h,a,d,z,i,d,z,a,$,V,PL,2,FUT	m,u,c,h,a,d,z,i,d,z,i,s,a
d,z,i,d,z,i,s,a,&,d,z,i,d,z,a,#,a,c,h,a,d,z,i,d,z,a,$,V,SG,3,FUT	a,c,h,a,d,z,i,d,z,i,s,a
d,z,i,d,z,i,s,a,&,d,z,i,d,z,a,#,a,r,i,k,u,d,z,i,d,z,a,$,V,PROG,SG,3,PRS	a,r,i,k,u,d,z,i,d,z,i,s,a
d,z,i,d,z,i,s,a,&,d,z,i,d,z,a,#,n,d,a,d,z,i,d,z,a,$,V,SG,1,HOD	n,d,a,d,z,i,d,z,i,s,a
d,z,i,d,z,i,s,a,&,d,z,i,d,z,a,#,t,a,k,a,d,z,i,d,z,a,$,V,PL,1,PST	t,a,k,a,d,z,i,d,z,i,s,a
d,z,i,d,z,i,s,a,&,d,z,i,d,z,a,#,t,i,r,i,k,u,d,z,i,d,z,a,$,V,PROG,PL,1,PRS	t,i,r,i,k,u,d,z,i,d,z,i,s,a
d,z,i,d,z,i,s,a,&,d,z,i,d,z,a,#,w,a,d,z,i,d,z,a,$,V,SG,2,HOD	w,a,d,z,i,d,z,i,s,a
d,z,i,d,z,i,s,a,&,d,z,i,d,z,a,#,a,k,a,d,z,i,d,z,a,$,V,SG,3,PST	a,k,a,d,z,i,d,z,i,s,a
d,z,i,d,z,i,s,a,&,d,z,i,d,z,a,#,u,c,h,a,d,z,i,d,z,a,$,V,SG,2,FUT	u,c,h,a,d,z,i,d,z,i,s,a
k,o,k,a,&,k,o,n,a,#,n,d,i,r,i,k,u,k,o,n,a,$,V,PROG,SG,1,PRS	n,d,i,r,i,k,u,k,o,k,a
k,o,k,a,&,s,e,k,a,#,a,n,o,s,e,k,a,$,V,SG,3,PRS	a,n,o,k,o,k,a
k,o,k,a,&,k,o,n,a,#,t,a,k,o,n,a,$,V,PL,1,HOD	t,a,k,o,k,a
k,o,k,a,&,s,e,k,a,#,u,n,o,s,e,k,a,$,V,SG,2,PRS	u,n,o,k,o,k,a
k,o,k,a,&,k,f,k,a,#,a,k,f,k,a,$,V,SG,3,HOD	a,k,o,k,a
k,o,k,a,&,s,e,k,a,#,m,u,c,h,a,s,e,k,a,$,V,PL,2,FUT	m,u,c,h,a,k,o,k,a
k,o,k,a,&,d,k,o,k,a,#,t,i,r,i,k,u,d,k,o,k,a,$,V,PROG,PL,1,PRS	t,i,r,i,k,u,k,o,k,a
k,o,k,a,&,w,o,k,a,#,w,a,w,o,k,a,$,V,SG,2,HOD	w,a,k,o,k,a
k,o,k,a,&,f,o,k,a,#,v,a,k,a,f,o,k,a,$,V,PL,3,PST	v,a,k,a,k,o,k,a
k,o,k,a,&,w,o,k,a,#,w,a,k,a,w,o,k,a,$,V,SG,2,PST	w,a,k,a,k,o,k,a
k,o,k,a,&,s,e,k,a,#,n,d,i,c,h,a,s,e,k,a,$,V,SG,1,FUT	n,d,i,c,h,a,k,o,k,a
k,o,k,a,&,s,e,k,a,#,m,a,k,a,s,e,k,a,$,V,PL,2,PST	m,a,k,a,k,o,k,a
k,o,k,a,&,s,e,k,a,#,m,a,s,e,k,a,$,V,PL,2,HOD	m,a,k,o,k,a
k,o,k,a,&,s,o,k,a,#,v,a,n,o,s,o,k,a,$,V,PL,3,PRS	v,a,n,o,k,o,k,a
k,o,k,a,&,w,o,k,a,#,v,a,w,o,k,a,$,V,PL,3,HOD	v,a,k,o,k,a
k,o,k,a,&,k,s,k,a,#,t,i,c,h,a,k,s,k,a,$,V,PL,1,FUT	t,i,c,h,a,k,o,k,a
k,o,k,a,&,s,e,k,a,#,t,a,k,a,s,e,k,a,$,V,PL,1,PST	t,a,k,a,k,o,k,a
k,o,k,a,&,s,e,k,a,#,u,r,i,k,u,s,e,k,a,$,V,PROG,SG,2,PRS	u,r,i,k,u,k,o,k,a
k,o,k,a,&,s,e,k,a,#,m,u,n,o,s,e,k,a,$,V,PL,2,PRS	m,u,n,o,k,o,k,a
k,o,k,a,&,s,e,k,a,#,a,k,a,s,e,k,a,$,V,SG,3,PST	a,k,a,k,o,k,a
k,o,k,a,&,n,o,k,a,#,a,r,i,k,u,n,o,k,a,$,V,PROG,SG,3,PRS	a,r,i,k,u,k,o,k,a
k,o,k,a,&,s,e,k,a,#,n,d,a,k,a,s,e,k,a,$,V,SG,1,PST	n,d,a,k,a,k,o,k,a
k,o,k,a,&,s,e,k,a,#,v,a,c,h,a,s,e,k,a,$,V,PL,3,FUT	v,a,c,h,a,k,o,k,a
k,o,k,a,&,s,e,k,a,#,a,c,h,a,s,e,k,a,$,V,SG,3,FUT	a,c,h,a,k,o,k,a
k,o,k,a,&,s,e,k,a,#,n,d,a,s,e,k,a,$,V,SG,1,HOD	n,d,a,k,o,k,a
k,o,k,a,&,s,e,k,a,#,n,d,i,n,o,s,e,k,a,$,V,SG,1,PRS	n,d,i,n,o,k,o,k,a
k,o,k,a,&,s,e,k,a,#,v,a,r,i,k,u,s,e,k,a,$,V,PROG,PL,3,PRS	v,a,r,i,k,u,k,o,k,a
k,o,k,a,&,s,e,k,a,#,t,i,n,o,s,e,k,a,$,V,PL,1,PRS	t,i,n,o,k,o,k,a
k,o,k,a,&,s,e,k,a,#,m,u,r,i,k,u,s,e,k,a,$,V,PROG,PL,2,PRS	m,u,r,i,k,u,k,o,k,a
k,o,k,a,&,s,e,k,a,#,u,c,h,a,s,e,k,a,$,V,SG,2,FUT	u,c,h,a,k,o,k,a
i,p,a,&,i,s,a,#,m,u,c,h,a,i,s,a,$,V,PL,2,FUT	m,u,c,h,a,p,a
i,p,a,&,i,s,a,#,m,u,n,o,i,s,a,$,V,PL,2,PRS	m,u,n,o,p,a
i,p,a,&,i,s,a,#,t,a,i,s,a,$,V,PL,1,HOD	t,a,p,a
i,p,a,&,i,s,a,#,t,a,k,a,i,s,a,$,V,PL,1,PST	t,a,k,a,p,a
i,p,a,&,i,s,a,#,t,i,n,o,i,s,a,$,V,PL,1,PRS	t,i,n,o,p,a
i,p,a,&,i,s,a,#,a,i,s,a,$,V,SG,3,HOD	a,p,a
i,p,a,&,i,s,a,#,t,i,r,i,k,u,i,s,a,$,V,PROG,PL,1,PRS	t,i,r,i,k,u,p,a
i,p,a,&,i,s,a,#,v,a,k,a,i,s,a,$,V,PL,3,PST	v,a,k,a,p,a
i,p,a,&,i,s,a,#,u,r,i,k,u,i,s,a,$,V,PROG,SG,2,PRS	u,r,i,k,u,p,a
i,p,a,&,i,s,a,#,t,i,c,h,a,i,s,a,$,V,PL,1,FUT	t,i,c,h,a,p,a
i,p,a,&,i,s,a,#,a,c,h,a,i,s,a,$,V,SG,3,FUT	a,c,h,a,p,a
i,p,a,&,i,s,a,#,a,r,i,k,u,i,s,a,$,V,PROG,SG,3,PRS	a,r,i,k,u,p,a
i,p,a,&,i,s,a,#,m,a,i,s,a,$,V,PL,2,HOD	m,a,p,a
i,p,a,&,i,s,a,#,v,a,r,i,k,u,i,s,a,$,V,PROG,PL,3,PRS	v,a,r,i,k,u,p,a
i,p,a,&,i,s,a,#,n,d,a,k,a,i,s,a,$,V,SG,1,PST	n,d,a,k,a,p,a
i,p,a,&,i,s,a,#,n,d,i,r,i,k,u,i,s,a,$,V,PROG,SG,1,PRS	n,d,i,r,i,k,u,p,a
i,p,a,&,i,s,a,#,n,d,i,c,h,a,i,s,a,$,V,SG,1,FUT	n,d,i,c,h,a,p,a
i,p,a,&,i,s,a,#,u,n,o,i,s,a,$,V,SG,2,PRS	u,n,o,p,a
i,p,a,&,i,s,a,#,m,a,k,a,i,s,a,$,V,PL,2,PST	m,a,k,a,p,a
i,p,a,&,i,s,a,#,a,n,o,i,s,a,$,V,SG,3,PRS	a,n,o,p,a
i,p,a,&,i,s,a,#,u,c,h,a,i,s,a,$,V,SG,2,FUT	u,c,h,a,p,a
i,p,a,&,i,s,a,#,w,a,k,a,i,s,a,$,V,SG,2,PST	w,a,k,a,p,a
i,p,a,&,i,s,a,#,m,u,r,i,k,u,i,s,a,$,V,PROG,PL,2,PRS	m,u,r,i,k,u,p,a
i,p,a,&,i,s,a,#,v,a,c,h,a,i,s,a,$,V,PL,3,FUT	v,a,c,h,a,p,a
i,p,a,&,i,s,a,#,n,d,a,i,s,a,$,V,SG,1,HOD	n,d,a,p,a
i,p,a,&,i,s,a,#,v,a,i,s,a,$,V,PL,3,HOD	v,a,p,a
i,p,a,&,i,s,a,#,w,a,i,s,a,$,V,SG,2,HOD	w,a,p,a
i,p,a,&,i,s,a,#,v,a,n,o,i,s,a,$,V,PL,3,PRS	v,a,n,o,p,a
i,p,a,&,i,s,a,#,a,k,a,i,s,a,$,V,SG,3,PST	a,k,a,p,a
i,p,a,&,i,s,a,#,n,d,i,n,o,i,s,a,$,V,SG,1,PRS	n,d,i,n,o,p,a
i,t,a,&,i,s,a,#,a,r,i,k,u,i,s,a,$,V,PROG,SG,3,PRS	a,r,i,k,u,i,t,a
i,t,a,&,i,s,a,#,n,d,i,n,o,i,s,a,$,V,SG,1,PRS	n,d,i,n,o,i,t,a
i,t,a,&,i,s,a,#,m,a,k,a,i,s,a,$,V,PL,2,PST	m,a,k,a,i,t,a
i,t,a,&,i,s,a,#,t,i,c,h,a,i,s,a,$,V,PL,1,FUT	t,i,c,h,a,i,t,a
i,t,a,&,i,s,a,#,n,d,i,r,i,k,u,i,s,a,$,V,PROG,SG,1,PRS	n,d,i,r,i,k,u,i,t,a
i,t,a,&,i,s,a,#,v,a,n,o,i,s,a,$,V,PL,3,PRS	v,a,n,o,i,t,a
i,t,a,&,i,s,a,#,t,a,k,a,i,s,a,$,V,PL,1,PST	t,a,k,a,i,t,a
i,t,a,&,i,s,a,#,v,a,i,s,a,$,V,PL,3,HOD	v,a,i,t,a
i,t,a,&,i,s,a,#,n,d,a,k,a,i,s,a,$,V,SG,1,PST	n,d,a,k,a,i,t,a
i,t,a,&,i,s,a,#,t,i,r,i,k,u,i,s,a,$,V,PROG,PL,1,PRS	t,i,r,i,k,u,i,t,a
i,t,a,&,i,s,a,#,n,d,i,c,h,a,i,s,a,$,V,SG,1,FUT	n,d,i,c,h,a,i,t,a
i,t,a,&,i,s,a,#,v,a,r,i,k,u,i,s,a,$,V,PROG,PL,3,PRS	v,a,r,i,k,u,i,t,a
i,t,a,&,i,s,a,#,t,i,n,o,i,s,a,$,V,PL,1,PRS	t,i,n,o,i,t,a
i,t,a,&,i,s,a,#,m,u,n,o,i,s,a,$,V,PL,2,PRS	m,u,n,o,i,t,a
i,t,a,&,i,s,a,#,u,r,i,k,u,i,s,a,$,V,PROG,SG,2,PRS	u,r,i,k,u,i,t,a
i,t,a,&,i,s,a,#,n,d,a,i,s,a,$,V,SG,1,HOD	n,d,a,i,t,a
i,t,a,&,i,s,a,#,a,i,s,a,$,V,SG,3,HOD	a,i,t,a
i,t,a,&,i,s,a,#,u,n,o,i,s,a,$,V,SG,2,PRS	u,n,o,i,t,a
i,t,a,&,i,s,a,#,a,c,h,a,i,s,a,$,V,SG,3,FUT	a,c,h,a,i,t,a
i,t,a,&,i,s,a,#,w,a,k,a,i,s,a,$,V,SG,2,PST	w,a,k,a,i,t,a
i,t,a,&,i,s,a,#,u,c,h,a,i,s,a,$,V,SG,2,FUT	u,c,h,a,i,t,a
i,t,a,&,i,s,a,#,a,k,a,i,s,a,$,V,SG,3,PST	a,k,a,i,t,a
i,t,a,&,i,s,a,#,v,a,c,h,a,i,s,a,$,V,PL,3,FUT	v,a,c,h,a,i,t,a
i,t,a,&,i,s,a,#,m,a,i,s,a,$,V,PL,2,HOD	m,a,i,t,a
i,t,a,&,i,s,a,#,m,u,c,h,a,i,s,a,$,V,PL,2,FUT	m,u,c,h,a,i,t,a
i,t,a,&,i,s,a,#,a,n,o,i,s,a,$,V,SG,3,PRS	a,n,o,i,t,a
i,t,a,&,i,s,a,#,w,a,i,s,a,$,V,SG,2,HOD	w,a,i,t,a
i,t,a,&,i,s,a,#,t,a,i,s,a,$,V,PL,1,HOD	t,a,i,t,a
i,t,a,&,i,s,a,#,v,a,k,a,i,s,a,$,V,PL,3,PST	v,a,k,a,i,t,a
i,t,a,&,i,s,a,#,m,u,r,i,k,u,i,s,a,$,V,PROG,PL,2,PRS	m,u,r,i,k,u,i,t,a
g,a,m,u,c,h,i,r,a,&,b,a,t,s,i,r,a,#,w,a,b,a,t,s,i,r,a,$,V,SG,2,HOD	w,a,g,a,m,u,c,h,i,r,a
g,a,m,u,c,h,i,r,a,&,b,a,t,s,i,r,a,#,n,d,a,b,a,t,s,i,r,a,$,V,SG,1,HOD	n,d,a,g,a,m,u,c,h,i,r,a
g,a,m,u,c,h,i,r,a,&,b,a,t,s,i,r,a,#,n,d,i,n,o,b,a,t,s,i,r,a,$,V,SG,1,PRS	n,d,i,n,o,g,a,m,u,c,h,i,r,a
g,a,m,u,c,h,i,r,a,&,b,a,t,s,i,r,a,#,u,n,o,b,a,t,s,i,r,a,$,V,SG,2,PRS	u,n,o,g,a,m,u,c,h,i,r,a
g,a,m,u,c,h,i,r,a,&,b,a,t,s,i,r,a,#,v,a,c,h,a,b,a,t,s,i,r,a,$,V,PL,3,FUT	v,a,c,h,a,g,a,m,u,c,h,i,r,a
g,a,m,u,c,h,i,r,a,&,b,a,t,s,i,r,a,#,v,a,b,a,t,s,i,r,a,$,V,PL,3,HOD	v,a,g,a,m,u,c,h,i,r,a
g,a,m,u,c,h,i,r,a,&,b,a,t,s,i,r,a,#,t,i,c,h,a,b,a,t,s,i,r,a,$,V,PL,1,FUT	t,i,c,h,a,g,a,m,u,c,h,i,r,a
g,a,m,u,c,h,i,r,a,&,b,a,t,s,i,r,a,#,m,u,r,i,k,u,b,a,t,s,i,r,a,$,V,PROG,PL,2,PRS	m,u,r,i,k,u,g,a,m,u,c,h,i,r,a
g,a,m,u,c,h,i,r,a,&,b,a,t,s,i,r,a,#,t,a,b,a,t,s,i,r,a,$,V,PL,1,HOD	t,a,g,a,m,u,c,h,i,r,a
g,a,m,u,c,h,i,r,a,&,b,a,t,s,i,r,a,#,a,b,a,t,s,i,r,a,$,V,SG,3,HOD	a,g,a,m,u,c,h,i,r,a
g,a,m,u,c,h,i,r,a,&,b,a,t,s,i,r,a,#,t,i,n,o,b,a,t,s,i,r,a,$,V,PL,1,PRS	t,i,n,o,g,a,m,u,c,h,i,r,a
g,a,m,u,c,h,i,r,a,&,b,a,t,s,i,r,a,#,a,r,i,k,u,b,a,t,s,i,r,a,$,V,PROG,SG,3,PRS	a,r,i,k,u,g,a,m,u,c,h,i,r,a
g,a,m,u,c,h,i,r,a,&,b,a,t,s,i,r,a,#,m,u,n,o,b,a,t,s,i,r,a,$,V,PL,2,PRS	m,u,n,o,g,a,m,u,c,h,i,r,a
g,a,m,u,c,h,i,r,a,&,b,a,t,s,i,r,a,#,m,a,k,a,b,a,t,s,i,r,a,$,V,PL,2,PST	m,a,k,a,g,a,m,u,c,h,i,r,a
g,a,m,u,c,h,i,r,a,&,b,a,t,s,i,r,a,#,a,c,h,a,b,a,t,s,i,r,a,$,V,SG,3,FUT	a,c,h,a,g,a,m,u,c,h,i,r,a
g,a,m,u,c,h,i,r,a,&,b,a,t,s,i,r,a,#,a,n,o,b,a,t,s,i,r,a,$,V,SG,3,PRS	a,n,o,g,a,m,u,c,h,i,r,a
g,a,m,u,c,h,i,r,a,&,b,a,t,s,i,r,a,#,v,a,n,o,b,a,t,s,i,r,a,$,V,PL,3,PRS	v,a,n,o,g,a,m,u,c,h,i,r,a
g,a,m,u,c,h,i,r,a,&,b,a,t,s,i,r,a,#,n,d,i,c,h,a,b,a,t,s,i,r,a,$,V,SG,1,FUT	n,d,i,c,h,a,g,a,m,u,c,h,i,r,a
g,a,m,u,c,h,i,r,a,&,b,a,t,s,i,r,a,#,u,r,i,k,u,b,a,t,s,i,r,a,$,V,PROG,SG,2,PRS	u,r,i,k,u,g,a,m,u,c,h,i,r,a
g,a,m,u,c,h,i,r,a,&,b,a,t,s,i,r,a,#,n,d,i,r,i,k,u,b,a,t,s,i,r,a,$,V,PROG,SG,1,PRS	n,d,i,r,i,k,u,g,a,m,u,c,h,i,r,a
g,a,m,u,c,h,i,r,a,&,b,a,t,s,i,r,a,#,t,i,r,i,k,u,b,a,t,s,i,r,a,$,V,PROG,PL,1,PRS	t,i,r,i,k,u,g,a,m,u,c,h,i,r,a
g,a,m,u,c,h,i,r,a,&,b,a,t,s,i,r,a,#,v,a,k,a,b,a,t,s,i,r,a,$,V,PL,3,PST	v,a,k,a,g,a,m,u,c,h,i,r,a
g,a,m,u,c,h,i,r,a,&,b,a,t,s,i,r,a,#,m,u,c,h,a,b,a,t,s,i,r,a,$,V,PL,2,FUT	m,u,c,h,a,g,a,m,u,c,h,i,r,a
g,a,m,u,c,h,i,r,a,&,b,a,t,s,i,r,a,#,a,k,a,b,a,t,s,i,r,a,$,V,SG,3,PST	a,k,a,g,a,m,u,c,h,i,r,a
g,a,m,u,c,h,i,r,a,&,b,a,t,s,i,r,a,#,u,c,h,a,b,a,t,s,i,r,a,$,V,SG,2,FUT	u,c,h,a,g,a,m,u,c,h,i,r,a
g,a,m,u,c,h,i,r,a,&,b,a,t,s,i,r,a,#,m,a,b,a,t,s,i,r,a,$,V,PL,2,HOD	m,a,g,a,m,u,c,h,i,r,a
g,a,m,u,c,h,i,r,a,&,b,a,t,s,i,r,a,#,v,a,r,i,k,u,b,a,t,s,i,r,a,$,V,PROG,PL,3,PRS	v,a,r,i,k,u,g,a,m,u,c,h,i,r,a
g,a,m,u,c,h,i,r,a,&,b,a,t,s,i,r,a,#,w,a,k,a,b,a,t,s,i,r,a,$,V,SG,2,PST	w,a,k,a,g,a,m,u,c,h,i,r,a
g,a,m,u,c,h,i,r,a,&,b,a,t,s,i,r,a,#,n,d,a,k,a,b,a,t,s,i,r,a,$,V,SG,1,PST	n,d,a,k,a,g,a,m,u,c,h,i,r,a
g,a,m,u,c,h,i,r,a,&,b,a,t,s,i,r,a,#,t,a,k,a,b,a,t,s,i,r,a,$,V,PL,1,PST	t,a,k,a,g,a,m,u,c,h,i,r,a
i,r,w,a,&,i,n,w,a,#,v,a,r,i,k,u,n,w,a,$,V,PROG,PL,3,PRS	v,a,r,i,k,u,r,w,a
i,r,w,a,&,i,n,w,a,#,v,a,n,o,n,w,a,$,V,PL,3,PRS	v,a,n,o,r,w,a
i,r,w,a,&,i,n,w,a,#,t,i,c,h,a,n,w,a,$,V,PL,1,FUT	t,i,c,h,a,r,w,a
i,r,w,a,&,i,n,w,a,#,t,i,n,o,n,w,a,$,V,PL,1,PRS	t,i,n,o,r,w,a
i,r,w,a,&,i,n,w,a,#,t,a,n,w,a,$,V,PL,1,HOD	t,a,r,w,a
i,r,w,a,&,i,n,w,a,#,w,a,n,w,a,$,V,SG,2,HOD	w,a,r,w,a
i,r,w,a,&,i,n,w,a,#,n,d,a,n,w,a,$,V,SG,1,HOD	n,d,a,r,w,a
i,r,w,a,&,i,n,w,a,#,v,a,c,h,a,n,w,a,$,V,PL,3,FUT	v,a,c,h,a,r,w,a
i,r,w,a,&,i,n,w,a,#,m,a,n,w,a,$,V,PL,2,HOD	m,a,r,w,a
i,r,w,a,&,i,n,w,a,#,m,a,k,a,n,w,a,$,V,PL,2,PST	m,a,k,a,r,w,a
i,r,w,a,&,i,n,w,a,#,v,a,k,a,n,w,a,$,V,PL,3,PST	v,a,k,a,r,w,a
i,r,w,a,&,i,n,w,a,#,m,u,r,i,k,u,n,w,a,$,V,PROG,PL,2,PRS	m,u,r,i,k,u,r,w,a
i,r,w,a,&,i,n,w,a,#,t,i,r,i,k,u,n,w,a,$,V,PROG,PL,1,PRS	t,i,r,i,k,u,r,w,a
i,r,w,a,&,i,n,w,a,#,a,c,h,a,n,w,a,$,V,SG,3,FUT	a,c,h,a,r,w,a
i,r,w,a,&,i,n,w,a,#,u,n,o,n,w,a,$,V,SG,2,PRS	u,n,o,r,w,a
i,r,w,a,&,i,n,w,a,#,a,k,a,n,w,a,$,V,SG,3,PST	a,k,a,r,w,a
i,r,w,a,&,i,n,w,a,#,n,d,i,r,i,k,u,n,w,a,$,V,PROG,SG,1,PRS	n,d,i,r,i,k,u,r,w,a
i,r,w,a,&,i,n,w,a,#,n,d,a,k,a,n,w,a,$,V,SG,1,PST	n,d,a,k,a,r,w,a
i,r,w,a,&,i,n,w,a,#,u,c,h,a,n,w,a,$,V,SG,2,FUT	u,c,h,a,r,w,a
i,r,w,a,&,i,n,w,a,#,t,a,k,a,n,w,a,$,V,PL,1,PST	t,a,k,a,r,w,a
i,r,w,a,&,i,n,w,a,#,n,d,i,c,h,a,n,w,a,$,V,SG,1,FUT	n,d,i,c,h,a,r,w,a
i,r,w,a,&,i,n,w,a,#,w,a,k,a,n,w,a,$,V,SG,2,PST	w,a,k,a,r,w,a
i,r,w,a,&,i,n,w,a,#,v,a,n,w,a,$,V,PL,3,HOD	v,a,r,w,a
i,r,w,a,&,i,n,w,a,#,m,u,n,o,n,w,a,$,V,PL,2,PRS	m,u,n,o,r,w,a
i,r,w,a,&,i,n,w,a,#,a,n,o,n,w,a,$,V,SG,3,PRS	a,n,o,r,w,a
i,r,w,a,&,i,n,w,a,#,u,r,i,k,u,n,w,a,$,V,PROG,SG,2,PRS	u,r,i,k,u,r,w,a
i,r,w,a,&,i,n,w,a,#,n,d,i,n,o,n,w,a,$,V,SG,1,PRS	n,d,i,n,o,r,w,a
i,r,w,a,&,i,n,w,a,#,m,u,c,h,a,n,w,a,$,V,PL,2,FUT	m,u,c,h,a,r,w,a
i,r,w,a,&,i,n,w,a,#,a,n,w,a,$,V,SG,3,HOD	a,r,w,a
i,r,w,a,&,i,n,w,a,#,a,r,i,k,u,n,w,a,$,V,PROG,SG,3,PRS	a,r,i,k,u,r,w,a
t,y,a,i,r,a,&,t,a,u,r,a,#,a,k,a,t,a,u,r,a,$,V,SG,3,PST	a,k,a,t,y,a,i,r,a
t,y,a,i,r,a,&,t,a,u,r,a,#,a,n,o,t,a,u,r,a,$,V,SG,3,PRS	a,n,o,t,y,a,i,r,a
t,y,a,i,r,a,&,t,a,u,r,a,#,u,r,i,k,u,t,a,u,r,a,$,V,PROG,SG,2,PRS	u,r,i,k,u,t,y,a,i,r,a
t,y,a,i,r,a,&,t,a,u,r,a,#,v,a,c,h,a,t,a,u,r,a,$,V,PL,3,FUT	v,a,c,h,a,t,y,a,i,r,a
t,y,a,i,r,a,&,t,a,u,r,a,#,m,u,r,i,k,u,t,a,u,r,a,$,V,PROG,PL,2,PRS	m,u,r,i,k,u,t,y,a,i,r,a
t,y,a,i,r,a,&,t,a,u,r,a,#,n,d,i,r,i,k,u,t,a,u,r,a,$,V,PROG,SG,1,PRS	n,d,i,r,i,k,u,t,y,a,i,r,a
t,y,a,i,r,a,&,t,y,i,r,a,#,v,a,r,i,k,u,t,y,i,r,a,$,V,PROG,PL,3,PRS	v,a,r,i,k,u,t,y,a,i,r,a
t,y,a,i,r,a,&,t,a,u,r,a,#,m,u,n,o,t,a,u,r,a,$,V,PL,2,PRS	m,u,n,o,t,y,a,i,r,a
t,y,a,i,r,a,&,t,a,u,r,a,#,m,a,k,a,t,a,u,r,a,$,V,PL,2,PST	m,a,k,a,t,y,a,i,r,a
t,y,a,i,r,a,&,t,u,a,i,r,a,#,a,c,h,a,t,u,a,i,r,a,$,V,SG,3,FUT	a,c,h,a,t,y,a,i,r,a
t,y,a,i,r,a,&,t,a,u,r,a,#,m,a,t,a,u,r,a,$,V,PL,2,HOD	m,a,t,y,a,i,r,a
t,y,a,i,r,a,&,t,a,u,r,a,#,a,t,a,u,r,a,$,V,SG,3,HOD	a,t,y,a,i,r,a
t,y,a,i,r,a,&,t,a,u,r,a,#,a,r,i,k,u,t,a,u,r,a,$,V,PROG,SG,3,PRS	a,r,i,k,u,t,y,a,i,r,a
t,y,a,i,r,a,&,t,a,u,r,a,#,v,a,n,o,t,a,u,r,a,$,V,PL,3,PRS	v,a,n,o,t,y,a,i,r,a
t,y,a,i,r,a,&,t,y,i,i,r,a,#,w,a,t,y,i,i,r,a,$,V,SG,2,HOD	w,a,t,y,a,i,r,a
t,y,a,i,r,a,&,t,a,a,i,r,a,#,n,d,a,k,a,t,a,a,i,r,a,$,V,SG,1,PST	n,d,a,k,a,t,y,a,i,r,a
t,y,a,i,r,a,&,t,a,u,r,a,#,t,i,c,h,a,t,a,u,r,a,$,V,PL,1,FUT	t,i,c,h,a,t,y,a,i,r,a
t,y,a,i,r,a,&,t,a,u,r,a,#,u,c,h,a,t,a,u,r,a,$,V,SG,2,FUT	u,c,h,a,t,y,a,i,r,a
t,y,a,i,r,a,&,t,a,u,r,a,#,n,d,i,c,h,a,t,a,u,r,a,$,V,SG,1,FUT	n,d,i,c,h,a,t,y,a,i,r,a
t,y,a,i,r,a,&,t,a,u,r,a,#,t,i,n,o,t,a,u,r,a,$,V,PL,1,PRS	t,i,n,o,t,y,a,i,r,a
t,y,a,i,r,a,&,t,a,u,r,a,#,t,i,r,i,k,u,t,a,u,r,a,$,V,PROG,PL,1,PRS	t,i,r,i,k,u,t,y,a,i,r,a
t,y,a,i,r,a,&,t,a,u,r,a,#,t,a,k,a,t,a,u,r,a,$,V,PL,1,PST	t,a,k,a,t,y,a,i,r,a
t,y,a,i,r,a,&,t,a,u,r,a,#,v,a,t,a,u,r,a,$,V,PL,3,HOD	v,a,t,y,a,i,r,a
t,y,a,i,r,a,&,t,a,u,r,a,#,w,a,k,a,t,a,u,r,a,$,V,SG,2,PST	w,a,k,a,t,y,a,i,r,a
t,y,a,i,r,a,&,t,a,u,r,a,#,v,a,k,a,t,a,u,r,a,$,V,PL,3,PST	v,a,k,a,t,y,a,i,r,a
t,y,a,i,r,a,&,t,a,u,r,a,#,n,d,i,n,o,t,a,u,r,a,$,V,SG,1,PRS	n,d,i,n,o,t,y,a,i,r,a
t,y,a,i,r,a,&,t,a,u,r,a,#,m,u,c,h,a,t,a,u,r,a,$,V,PL,2,FUT	m,u,c,h,a,t,y,a,i,r,a
t,y,a,i,r,a,&,t,a,i,r,a,#,t,a,t,a,i,r,a,$,V,PL,1,HOD	t,a,t,y,a,i,r,a
t,y,a,i,r,a,&,t,y,t,i,r,a,#,n,d,a,t,y,t,i,r,a,$,V,SG,1,HOD	n,d,a,t,y,a,i,r,a
t,y,a,i,r,a,&,t,a,u,r,a,#,u,n,o,t,a,u,r,a,$,V,SG,2,PRS	u,n,o,t,y,a,i,r,a
r,a,s,a,&,r,a,r,a,#,a,n,o,r,a,r,a,$,V,SG,3,PRS	a,n,o,r,a,s,a
r,a,s,a,&,r,a,r,a,#,t,i,r,i,k,u,r,a,r,a,$,V,PROG,PL,1,PRS	t,i,r,i,k,u,r,a,s,a
r,a,s,a,&,r,a,r,a,#,n,d,a,r,a,r,a,$,V,SG,1,HOD	n,d,a,r,a,s,a
r,a,s,a,&,r,a,r,a,#,v,a,k,a,r,a,r,a,$,V,PL,3,PST	v,a,k,a,r,a,s,a
r,a,s,a,&,r,a,r,a,#,n,d,i,n,o,r,a,r,a,$,V,SG,1,PRS	n,d,i,n,o,r,a,s,a
r,a,s,a,&,r,a,r,a,#,v,a,r,a,r,a,$,V,PL,3,HOD	v,a,r,a,s,a
r,a,s,a,&,r,a,r,a,#,a,c,h,a,r,a,r,a,$,V,SG,3,FUT	a,c,h,a,r,a,s,a
r,a,s,a,&,r,a,r,a,#,t,i,c,h,a,r,a,r,a,$,V,PL,1,FUT	t,i,c,h,a,r,a,s,a
r,a,s,a,&,r,a,r,a,#,a,k,a,r,a,r,a,$,V,SG,3,PST	a,k,a,r,a,s,a
r,a,s,a,&,r,a,r,a,#,m,u,n,o,r,a,r,a,$,V,PL,2,PRS	m,u,n,o,r,a,s,a
r,a,s,a,&,r,a,r,a,#,n,d,a,k,a,r,a,r,a,$,V,SG,1,PST	n,d,a,k,a,r,a,s,a
r,a,s,a,&,r,a,r,a,#,u,n,o,r,a,r,a,$,V,SG,2,PRS	u,n,o,r,a,s,a
r,a,s,a,&,r,a,r,a,#,a,r,a,r,a,$,V,SG,3,HOD	a,r,a,s,a
r,a,s,a,&,r,a,r,a,#,v,a,r,i,k,u,r,a,r,a,$,V,PROG,PL,3,PRS	v,a,r,i,k,u,r,a,s,a
r,a,s,a,&,r,a,r,a,#,m,a,r,a,r,a,$,V,PL,2,HOD	m,a,r,a,s,a
r,a,s,a,&,r,a,r,a,#,t,i,n,o,r,a,r,a,$,V,PL,1,PRS	t,i,n,o,r,a,s,a
r,a,s,a,&,r,a,r,a,#,m,u,r,i,k,u,r,a,r,a,$,V,PROG,PL,2,PRS	m,u,r,i,k,u,r,a,s,a
r,a,s,a,&,r,a,r,a,#,w,a,r,a,r,a,$,V,SG,2,HOD	w,a,r,a,s,a
r,a,s,a,&,r,a,r,a,#,w,a,k,a,r,a,r,a,$,V,SG,2,PST	w,a,k,a,r,a,s,a
r,a,s,a,&,r,a,r,a,#,t,a,k,a,r,a,r,a,$,V,PL,1,PST	t,a,k,a,r,a,s,a
r,a,s,a,&,r,a,r,a,#,v,a,n,o,r,a,r,a,$,V,PL,3,PRS	v,a,n,o,r,a,s,a
r,a,s,a,&,r,a,r,a,#,u,c,h,a,r,a,r,a,$,V,SG,2,FUT	u,c,h,a,r,a,s,a
r,a,s,a,&,r,a,r,a,#,m,a,k,a,r,a,r,a,$,V,PL,2,PST	m,a,k,a,r,a,s,a
r,a,s,a,&,r,a,r,a,#,u,r,i,k,u,r,a,r,a,$,V,PROG,SG,2,PRS	u,r,i,k,u,r,a,s,a
r,a,s,a,&,r,a,r,a,#,a,r,i,k,u,r,a,r,a,$,V,PROG,SG,3,PRS	a,r,i,k,u,r,a,s,a
r,a,s,a,&,r,a,r,a,#,t,a,r,a,r,a,$,V,PL,1,HOD	t,a,r,a,s,a
r,a,s,a,&,r,a,r,a,#,v,a,c,h,a,r,a,r,a,$,V,PL,3,FUT	v,a,c,h,a,r,a,s,a
r,a,s,a,&,r,a,r,a,#,n,d,i,r,i,k,u,r,a,r,a,$,V,PROG,SG,1,PRS	n,d,i,r,i,k,u,r,a,s,a
r,a,s,a,&,r,a,r,a,#,n,d,i,c,h,a,r,a,r,a,$,V,SG,1,FUT	n,d,i,c,h,a,r,a,s,a
r,a,s,a,&,r,a,r,a,#,m,u,c,h,a,r,a,r,a,$,V,PL,2,FUT	m,u,c,h,a,r,a,s,a
d,z,o,k,o,r,o,r,a,&,d,z,o,k,a,#,u,n,o,d,z,o,k,a,$,V,SG,2,PRS	u,n,o,d,z,o,k,o,r,o,r,a
d,z,o,k,o,r,o,r,a,&,d,z,o,k,r,r,a,#,v,a,r,i,k,u,d,z,o,k,r,r,a,$,V,PROG,PL,3,PRS	v,a,r,i,k,u,d,z,o,k,o,r,o,r,a
d,z,o,k,o,r,o,r,a,&,d,z,o,k,a,#,u,r,i,k,u,d,z,o,k,a,$,V,PROG,SG,2,PRS	u,r,i,k,u,d,z,o,k,o,r,o,r,a
d,z,o,k,o,r,o,r,a,&,d,z,o,k,a,#,m,u,c,h,a,d,z,o,k,a,$,V,PL,2,FUT	m,u,c,h,a,d,z,o,k,o,r,o,r,a
d,z,o,k,o,r,o,r,a,&,d,z,o,k,a,#,n,d,a,k,a,d,z,o,k,a,$,V,SG,1,PST	n,d,a,k,a,d,z,o,k,o,r,o,r,a
d,z,o,k,o,r,o,r,a,&,d,z,o,k,a,#,t,i,c,h,a,d,z,o,k,a,$,V,PL,1,FUT	t,i,c,h,a,d,z,o,k,o,r,o,r,a
d,z,o,k,o,r,o,r,a,&,d,z,o,k,a,#,m,a,d,z,o,k,a,$,V,PL,2,HOD	m,a,d,z,o,k,o,r,o,r,a
d,z,o,k,o,r,o,r,a,&,d,z,o,k,a,#,a,c,h,a,d,z,o,k,a,$,V,SG,3,FUT	a,c,h,a,d,z,o,k,o,r,o,r,a
d,z,o,k,o,r,o,r,a,&,d,z,o,k,a,#,n,d,i,c,h,a,d,z,o,k,a,$,V,SG,1,FUT	n,d,i,c,h,a,d,z,o,k,o,r,o,r,a
d,z,o,k,o,r,o,r,a,&,d,z,o,k,a,#,a,d,z,o,k,a,$,V,SG,3,HOD	a,d,z,o,k,o,r,o,r,a
d,z,o,k,o,r,o,r,a,&,d,z,o,k,a,#,a,r,i,k,u,d,z,o,k,a,$,V,PROG,SG,3,PRS	a,r,i,k,u,d,z,o,k,o,r,o,r,a
d,z,o,k,o,r,o,r,a,&,d,z,o,k,a,#,m,u,r,i,k,u,d,z,o,k,a,$,V,PROG,PL,2,PRS	m,u,r,i,k,u,d,z,o,k,o,r,o,r,a
d,z,o,k,o,r,o,r,a,&,d,z,o,k,a,#,a,n,o,d,z,o,k,a,$,V,SG,3,PRS	a,n,o,d,z,o,k,o,r,o,r,a
d,z,o,k,o,r,o,r,a,&,d,z,o,k,a,#,w,a,d,z,o,k,a,$,V,SG,2,HOD	w,a,d,z,o,k,o,r,o,r,a
d,z,o,k,o,r,o,r,a,&,d,z,o,k,a,#,t,a,k,a,d,z,o,k,a,$,V,PL,1,PST	t,a,k,a,d,z,o,k,o,r,o,r,a
d,z,o,k,o,r,o,r,a,&,d,z,o,k,a,#,t,a,d,z,o,k,a,$,V,PL,1,HOD	t,a,d,z,o,k,o,r,o,r,a
d,z,o,k,o,r,o,r,a,&,d,z,o,k,a,#,w,a,k,a,d,z,o,k,a,$,V,SG,2,PST	w,a,k,a,d,z,o,k,o,r,o,r,a
d,z,o,k,o,r,o,r,a,&,d,z,o,k,a,#,n,d,a,d,z,o,k,a,$,V,SG,1,HOD	n,d,a,d,z,o,k,o,r,o,r,a
d,z,o,k,o,r,o,r,a,&,d,z,o,k,a,#,a,k,a,d,z,o,k,a,$,V,SG,3,PST	a,k,a,d,z,o,k,o,r,o,r,a
d,z,o,k,o,r,o,r,a,&,d,z,o,k,a,#,v,a,d,z,o,k,a,$,V,PL,3,HOD	v,a,d,z,o,k,o,r,o,r,a
d,z,o,k,o,r,o,r,a,&,d,z,o,k,a,#,u,c,h,a,d,z,o,k,a,$,V,SG,2,FUT	u,c,h,a,d,z,o,k,o,r,o,r,a
d,z,o,k,o,r,o,r,a,&,d,z,o,k,a,#,v,a,c,h,a,d,z,o,k,a,$,V,PL,3,FUT	v,a,c,h,a,d,z,o,k,o,r,o,r,a
d,z,o,k,o,r,o,r,a,&,d,z,o,k,a,#,v,a,n,o,d,z,o,k,a,$,V,PL,3,PRS	v,a,n,o,d,z,o,k,o,r,o,r,a
d,z,o,k,o,r,o,r,a,&,d,z,o,k,a,#,m,a,k,a,d,z,o,k,a,$,V,PL,2,PST	m,a,k,a,d,z,o,k,o,r,o,r,a
d,z,o,k,o,r,o,r,a,&,d,z,o,k,a,#,t,i,n,o,d,z,o,k,a,$,V,PL,1,PRS	t,i,n,o,d,z,o,k,o,r,o,r,a
d,z,o,k,o,r,o,r,a,&,d,z,o,k,a,#,v,a,k,a,d,z,o,k,a,$,V,PL,3,PST	v,a,k,a,d,z,o,k,o,r,o,r,a
d,z,o,k,o,r,o,r,a,&,d,z,o,k,a,#,m,u,n,o,d,z,o,k,a,$,V,PL,2,PRS	m,u,n,o,d,z,o,k,o,r,o,r,a
d,z,o,k,o,r,o,r,a,&,d,z,o,k,a,#,n,d,i,r,i,k,u,d,z,o,k,a,$,V,PROG,SG,1,PRS	n,d,i,r,i,k,u,d,z,o,k,o,r,o,r,a
d,z,o,k,o,r,o,r,a,&,d,z,o,k,a,#,n,d,i,n,o,d,z,o,k,a,$,V,SG,1,PRS	n,d,i,n,o,d,z,o,k,o,r,o,r,a
d,z,o,k,o,r,o,r,a,&,d,z,o,k,a,#,t,i,r,i,k,u,d,z,o,k,a,$,V,PROG,PL,1,PRS	t,i,r,i,k,u,d,z,o,k,o,r,o,r,a
s,e,k,e,r,e,r,a,&,t,e,r,e,r,a,#,m,u,r,i,k,u,t,e,r,e,r,a,$,V,PROG,PL,2,PRS	m,u,r,i,k,u,s,e,k,e,r,e,r,a
s,e,k,e,r,e,r,a,&,t,e,r,e,r,a,#,a,k,a,t,e,r,e,r,a,$,V,SG,3,PST	a,k,a,s,e,k,e,r,e,r,a
s,e,k,e,r,e,r,a,&,t,e,r,e,r,a,#,t,i,c,h,a,t,e,r,e,r,a,$,V,PL,1,FUT	t,i,c,h,a,s,e,k,e,r,e,r,a
s,e,k,e,r,e,r,a,&,t,e,r,e,r,a,#,t,a,t,e,r,e,r,a,$,V,PL,1,HOD	t,a,s,e,k,e,r,e,r,a
s,e,k,e,r,e,r,a,&,t,e,r,e,r,a,#,w,a,t,e,r,e,r,a,$,V,SG,2,HOD	w,a,s,e,k,e,r,e,r,a
s,e,k,e,r,e,r,a,&,t,e,r,e,r,a,#,a,c,h,a,t,e,r,e,r,a,$,V,SG,3,FUT	a,c,h,a,s,e,k,e,r,e,r,a
s,e,k,e,r,e,r,a,&,t,e,r,e,r,a,#,t,i,r,i,k,u,t,e,r,e,r,a,$,V,PROG,PL,1,PRS	t,i,r,i,k,u,s,e,k,e,r,e,r,a
s,e,k,e,r,e,r,a,&,t,e,r,e,r,a,#,v,a,r,i,k,u,t,e,r,e,r,a,$,V,PROG,PL,3,PRS	v,a,r,i,k,u,s,e,k,e,r,e,r,a
s,e,k,e,r,e,r,a,&,t,e,r,e,r,a,#,m,u,c,h,a,t,e,r,e,r,a,$,V,PL,2,FUT	m,u,c,h,a,s,e,k,e,r,e,r,a
s,e,k,e,r,e,r,a,&,t,e,r,e,r,a,#,a,t,e,r,e,r,a,$,V,SG,3,HOD	a,s,e,k,e,r,e,r,a
s,e,k,e,r,e,r,a,&,t,e,r,e,r,a,#,w,a,k,a,t,e,r,e,r,a,$,V,SG,2,PST	w,a,k,a,s,e,k,e,r,e,r,a
s,e,k,e,r,e,r,a,&,t,e,r,e,r,a,#,v,a,t,e,r,e,r,a,$,V,PL,3,HOD	v,a,s,e,k,e,r,e,r,a
s,e,k,e,r,e,r,a,&,t,e,r,e,r,a,#,t,a,k,a,t,e,r,e,r,a,$,V,PL,1,PST	t,a,k,a,s,e,k,e,r,e,r,a
s,e,k,e,r,e,r,a,&,t,e,r,e,r,a,#,n,d,a,t,e,r,e,r,a,$,V,SG,1,HOD	n,d,a,s,e,k,e,r,e,r,a
s,e,k,e,r,e,r,a,&,t,e,r,e,r,a,#,m,a,t,e,r,e,r,a,$,V,PL,2,HOD	m,a,s,e,k,e,r,e,r,a
s,e,k,e,r,e,r,a,&,t,e,r,e,r,a,#,v,a,k,a,t,e,r,e,r,a,$,V,PL,3,PST	v,a,k,a,s,e,k,e,r,e,r,a
s,e,k,e,r,e,r,a,&,t,e,r,e,r,a,#,n,d,a,k,a,t,e,r,e,r,a,$,V,SG,1,PST	n,d,a,k,a,s,e,k,e,r,e,r,a
s,e,k,e,r,e,r,a,&,t,e,r,e,r,a,#,m,a,k,a,t,e,r,e,r,a,$,V,PL,2,PST	m,a,k,a,s,e,k,e,r,e,r,a
s,e,k,e,r,e,r,a,&,t,e,r,e,r,a,#,v,a,n,o,t,e,r,e,r,a,$,V,PL,3,PRS	v,a,n,o,s,e,k,e,r,e,r,a
s,e,k,e,r,e,r,a,&,t,e,r,e,r,a,#,u,r,i,k,u,t,e,r,e,r,a,$,V,PROG,SG,2,PRS	u,r,i,k,u,s,e,k,e,r,e,r,a
s,e,k,e,r,e,r,a,&,t,e,r,e,r,a,#,n,d,i,n,o,t,e,r,e,r,a,$,V,SG,1,PRS	n,d,i,n,o,s,e,k,e,r,e,r,a
s,e,k,e,r,e,r,a,&,t,e,r,e,r,a,#,m,u,n,o,t,e,r,e,r,a,$,V,PL,2,PRS	m,u,n,o,s,e,k,e,r,e,r,a
s,e,k,e,r,e,r,a,&,t,e,r,e,r,a,#,n,d,i,c,h,a,t,e,r,e,r,a,$,V,SG,1,FUT	n,d,i,c,h,a,s,e,k,e,r,e,r,a
s,e,k,e,r,e,r,a,&,t,e,r,e,r,a,#,u,n,o,t,e,r,e,r,a,$,V,SG,2,PRS	u,n,o,s,e,k,e,r,e,r,a
s,e,k,e,r,e,r,a,&,t,e,r,e,r,a,#,u,c,h,a,t,e,r,e,r,a,$,V,SG,2,FUT	u,c,h,a,s,e,k,e,r,e,r,a
s,e,k,e,r,e,r,a,&,t,e,r,e,r,a,#,v,a,c,h,a,t,e,r,e,r,a,$,V,PL,3,FUT	v,a,c,h,a,s,e,k,e,r,e,r,a
s,e,k,e,r,e,r,a,&,t,e,r,e,r,a,#,a,r,i,k,u,t,e,r,e,r,a,$,V,PROG,SG,3,PRS	a,r,i,k,u,s,e,k,e,r,e,r,a
s,e,k,e,r,e,r,a,&,t,e,r,e,r,a,#,t,i,n,o,t,e,r,e,r,a,$,V,PL,1,PRS	t,i,n,o,s,e,k,e,r,e,r,a
s,e,k,e,r,e,r,a,&,t,e,r,e,r,a,#,n,d,i,r,i,k,u,t,e,r,e,r,a,$,V,PROG,SG,1,PRS	n,d,i,r,i,k,u,s,e,k,e,r,e,r,a
s,e,k,e,r,e,r,a,&,t,e,r,e,r,a,#,a,n,o,t,e,r,e,r,a,$,V,SG,3,PRS	a,n,o,s,e,k,e,r,e,r,a
f,a,m,b,a,&,t,a,m,b,a,#,v,a,t,a,m,b,a,$,V,PL,3,HOD	v,a,f,a,m,b,a
f,a,m,b,a,&,t,a,m,b,a,#,t,i,c,h,a,t,a,m,b,a,$,V,PL,1,FUT	t,i,c,h,a,f,a,m,b,a
f,a,m,b,a,&,t,a,m,b,a,#,a,k,a,t,a,m,b,a,$,V,SG,3,PST	a,k,a,f,a,m,b,a
f,a,m,b,a,&,t,a,m,b,a,#,m,a,k,a,t,a,m,b,a,$,V,PL,2,PST	m,a,k,a,f,a,m,b,a
f,a,m,b,a,&,t,a,m,b,a,#,a,t,a,m,b,a,$,V,SG,3,HOD	a,f,a,m,b,a
f,a,m,b,a,&,t,a,m,b,a,#,u,n,o,t,a,m,b,a,$,V,SG,2,PRS	u,n,o,f,a,m,b,a
f,a,m,b,a,&,t,a,m,b,a,#,n,d,a,t,a,m,b,a,$,V,SG,1,HOD	n,d,a,f,a,m,b,a
f,a,m,b,a,&,t,a,m,b,a,#,t,i,r,i,k,u,t,a,m,b,a,$,V,PROG,PL,1,PRS	t,i,r,i,k,u,f,a,m,b,a
f,a,m,b,a,&,t,a,m,b,a,#,v,a,n,o,t,a,m,b,a,$,V,PL,3,PRS	v,a,n,o,f,a,m,b,a
f,a,m,b,a,&,t,a,m,b,a,#,w,a,k,a,t,a,m,b,a,$,V,SG,2,PST	w,a,k,a,f,a,m,b,a
f,a,m,b,a,&,t,a,m,b,a,#,n,d,i,c,h,a,t,a,m,b,a,$,V,SG,1,FUT	n,d,i,c,h,a,f,a,m,b,a
f,a,m,b,a,&,t,a,m,b,a,#,m,u,n,o,t,a,m,b,a,$,V,PL,2,PRS	m,u,n,o,f,a,m,b,a
f,a,m,b,a,&,t,a,m,b,a,#,v,a,r,i,k,u,t,a,m,b,a,$,V,PROG,PL,3,PRS	v,a,r,i,k,u,f,a,m,b,a
f,a,m,b,a,&,t,a,m,b,a,#,a,r,i,k,u,t,a,m,b,a,$,V,PROG,SG,3,PRS	a,r,i,k,u,f,a,m,b,a
f,a,m,b,a,&,t,a,m,b,a,#,t,i,n,o,t,a,m,b,a,$,V,PL,1,PRS	t,i,n,o,f,a,m,b,a
f,a,m,b,a,&,t,a,m,b,a,#,u,r,i,k,u,t,a,m,b,a,$,V,PROG,SG,2,PRS	u,r,i,k,u,f,a,m,b,a
f,a,m,b,a,&,t,a,m,b,a,#,a,c,h,a,t,a,m,b,a,$,V,SG,3,FUT	a,c,h,a,f,a,m,b,a
f,a,m,b,a,&,t,a,m,b,a,#,t,a,t,a,m,b,a,$,V,PL,1,HOD	t,a,f,a,m,b,a
f,a,m,b,a,&,t,a,m,b,a,#,u,c,h,a,t,a,m,b,a,$,V,SG,2,FUT	u,c,h,a,f,a,m,b,a
f,a,m,b,a,&,t,a,m,b,a,#,m,a,t,a,m,b,a,$,V,PL,2,HOD	m,a,f,a,m,b,a
f,a,m,b,a,&,t,a,m,b,a,#,v,a,k,a,t,a,m,b,a,$,V,PL,3,PST	v,a,k,a,f,a,m,b,a
f,a,m,b,a,&,t,a,m,b,a,#,n,d,i,r,i,k,u,t,a,m,b,a,$,V,PROG,SG,1,PRS	n,d,i,r,i,k,u,f,a,m,b,a
f,a,m,b,a,&,t,a,m,b,a,#,w,a,t,a,m,b,a,$,V,SG,2,HOD	w,a,f,a,m,b,a
f,a,m,b,a,&,t,a,m,b,a,#,t,a,k,a,t,a,m,b,a,$,V,PL,1,PST	t,a,k,a,f,a,m,b,a
f,a,m,b,a,&,t,a,m,b,a,#,v,a,c,h,a,t,a,m,b,a,$,V,PL,3,FUT	v,a,c,h,a,f,a,m,b,a
f,a,m,b,a,&,t,a,m,b,a,#,m,u,c,h,a,t,a,m,b,a,$,V,PL,2,FUT	m,u,c,h,a,f,a,m,b,a
f,a,m,b,a,&,t,a,m,b,a,#,n,d,a,k,a,t,a,m,b,a,$,V,SG,1,PST	n,d,a,k,a,f,a,m,b,a
f,a,m,b,a,&,t,a,m,b,a,#,m,u,r,i,k,u,t,a,m,b,a,$,V,PROG,PL,2,PRS	m,u,r,i,k,u,f,a,m,b,a
f,a,m,b,a,&,t,a,m,b,a,#,n,d,i,n,o,t,a,m,b,a,$,V,SG,1,PRS	n,d,i,n,o,f,a,m,b,a
f,a,m,b,a,&,t,a,m,b,a,#,a,n,o,t,a,m,b,a,$,V,SG,3,PRS	a,n,o,f,a,m,b,a
i,d,a,&,i,d,y,a,#,w,a,d,y,a,$,V,SG,2,HOD	w,a,d,a
i,d,a,&,i,d,y,a,#,m,a,k,a,d,y,a,$,V,PL,2,PST	m,a,k,a,d,a
i,d,a,&,i,d,y,a,#,v,a,c,h,a,d,y,a,$,V,PL,3,FUT	v,a,c,h,a,d,a
i,d,a,&,i,d,y,a,#,m,u,n,o,d,y,a,$,V,PL,2,PRS	m,u,n,o,d,a
i,d,a,&,i,d,y,a,#,v,a,k,a,d,y,a,$,V,PL,3,PST	v,a,k,a,d,a
i,d,a,&,i,d,y,a,#,t,i,n,o,d,y,a,$,V,PL,1,PRS	t,i,n,o,d,a
i,d,a,&,i,d,y,a,#,n,d,i,c,h,a,d,y,a,$,V,SG,1,FUT	n,d,i,c,h,a,d,a
i,d,a,&,i,d,y,a,#,v,a,r,i,k,u,d,y,a,$,V,PROG,PL,3,PRS	v,a,r,i,k,u,d,a
i,d,a,&,i,d,y,a,#,w,a,k,a,d,y,a,$,V,SG,2,PST	w,a,k,a,d,a
i,d,a,&,i,d,y,a,#,t,i,c,h,a,d,y,a,$,V,PL,1,FUT	t,i,c,h,a,d,a
i,d,a,&,i,d,y,a,#,t,i,r,i,k,u,d,y,a,$,V,PROG,PL,1,PRS	t,i,r,i,k,u,d,a
i,d,a,&,i,d,y,a,#,t,a,k,a,d,y,a,$,V,PL,1,PST	t,a,k,a,d,a
i,d,a,&,i,d,y,a,#,n,d,a,d,y,a,$,V,SG,1,HOD	n,d,a,d,a
i,d,a,&,i,d,y,a,#,a,n,o,d,y,a,$,V,SG,3,PRS	a,n,o,d,a
i,d,a,&,i,d,y,a,#,a,r,i,k,u,d,y,a,$,V,PROG,SG,3,PRS	a,r,i,k,u,d,a
i,d,a,&,i,d,y,a,#,u,r,i,k,u,d,y,a,$,V,PROG,SG,2,PRS	u,r,i,k,u,d,a
i,d,a,&,i,d,y,a,#,n,d,i,n,o,d,y,a,$,V,SG,1,PRS	n,d,i,n,o,d,a
i,d,a,&,i,d,y,a,#,a,k,a,d,y,a,$,V,SG,3,PST	a,k,a,d,a
i,d,a,&,i,d,y,a,#,v,a,d,y,a,$,V,PL,3,HOD	v,a,d,a
i,d,a,&,i,d,y,a,#,n,d,i,r,i,k,u,d,y,a,$,V,PROG,SG,1,PRS	n,d,i,r,i,k,u,d,a
i,d,a,&,i,d,y,a,#,a,c,h,a,d,y,a,$,V,SG,3,FUT	a,c,h,a,d,a
i,d,a,&,i,d,y,a,#,m,a,d,y,a,$,V,PL,2,HOD	m,a,d,a
i,d,a,&,i,d,y,a,#,u,n,o,d,y,a,$,V,SG,2,PRS	u,n,o,d,a
i,d,a,&,i,d,y,a,#,a,d,y,a,$,V,SG,3,HOD	a,d,a
i,d,a,&,i,d,y,a,#,m,u,r,i,k,u,d,y,a,$,V,PROG,PL,2,PRS	m,u,r,i,k,u,d,a
i,d,a,&,i,d,y,a,#,n,d,a,k,a,d,y,a,$,V,SG,1,PST	n,d,a,k,a,d,a
i,d,a,&,i,d,y,a,#,v,a,n,o,d,y,a,$,V,PL,3,PRS	v,a,n,o,d,a
i,d,a,&,i,d,y,a,#,u,c,h,a,d,y,a,$,V,SG,2,FUT	u,c,h,a,d,a
i,d,a,&,i,d,y,a,#,m,u,c,h,a,d,y,a,$,V,PL,2,FUT	m,u,c,h,a,d,a
i,d,a,&,i,d,y,a,#,t,a,d,y,a,$,V,PL,1,HOD	t,a,d,a
b,i,k,a,&,f,i,k,a,#,m,u,r,i,k,u,f,i,k,a,$,V,PROG,PL,2,PRS	m,u,r,i,k,u,b,i,k,a
b,i,k,a,&,i,k,a,#,n,d,a,i,k,a,$,V,SG,1,HOD	n,d,a,b,i,k,a
b,i,k,a,&,s,e,k,a,#,t,i,r,i,k,u,s,e,k,a,$,V,PROG,PL,1,PRS	t,i,r,i,k,u,b,i,k,a
b,i,k,a,&,z,i,k,a,#,n,d,i,r,i,k,u,z,i,k,a,$,V,PROG,SG,1,PRS	n,d,i,r,i,k,u,b,i,k,a
b,i,k,a,&,s,e,k,a,#,v,a,s,e,k,a,$,V,PL,3,HOD	v,a,b,i,k,a
b,i,k,a,&,i,k,a,#,v,a,c,h,a,i,k,a,$,V,PL,3,FUT	v,a,c,h,a,b,i,k,a
b,i,k,a,&,z,i,k,a,#,w,a,k,a,z,i,k,a,$,V,SG,2,PST	w,a,k,a,b,i,k,a
b,i,k,a,&,s,e,k,a,#,a,s,e,k,a,$,V,SG,3,HOD	a,b,i,k,a
b,i,k,a,&,s,e,k,a,#,m,u,n,o,s,e,k,a,$,V,PL,2,PRS	m,u,n,o,b,i,k,a
b,i,k,a,&,s,e,k,a,#,a,k,a,s,e,k,a,$,V,SG,3,PST	a,k,a,b,i,k,a
b,i,k,a,&,s,e,k,a,#,v,a,n,o,s,e,k,a,$,V,PL,3,PRS	v,a,n,o,b,i,k,a
b,i,k,a,&,s,e,k,a,#,t,a,k,a,s,e,k,a,$,V,PL,1,PST	t,a,k,a,b,i,k,a
b,i,k,a,&,s,e,k,a,#,n,d,i,n,o,s,e,k,a,$,V,SG,1,PRS	n,d,i,n,o,b,i,k,a
b,i,k,a,&,b,t,k,a,#,n,d,i,c,h,a,b,t,k,a,$,V,SG,1,FUT	n,d,i,c,h,a,b,i,k,a
b,i,k,a,&,k,b,i,k,a,#,a,n,o,k,b,i,k,a,$,V,SG,3,PRS	a,n,o,b,i,k,a
b,i,k,a,&,s,e,k,a,#,n,d,a,k,a,s,e,k,a,$,V,SG,1,PST	n,d,a,k,a,b,i,k,a
b,i,k,a,&,s,e,k,a,#,t,a,s,e,k,a,$,V,PL,1,HOD	t,a,b,i,k,a
b,i,k,a,&,s,e,k,a,#,v,a,k,a,s,e,k,a,$,V,PL,3,PST	v,a,k,a,b,i,k,a
b,i,k,a,&,b,i,d,a,#,t,i,n,o,b,i,d,a,$,V,PL,1,PRS	t,i,n,o,b,i,k,a
b,i,k,a,&,b,e,k,a,#,w,a,b,e,k,a,$,V,SG,2,HOD	w,a,b,i,k,a
b,i,k,a,&,s,e,k,a,#,m,a,s,e,k,a,$,V,PL,2,HOD	m,a,b,i,k,a
b,i,k,a,&,i,k,a,#,u,c,h,a,i,k,a,$,V,SG,2,FUT	u,c,h,a,b,i,k,a
b,i,k,a,&,s,e,k,a,#,u,n,o,s,e,k,a,$,V,SG,2,PRS	u,n,o,b,i,k,a
b,i,k,a,&,s,e,k,a,#,m,u,c,h,a,s,e,k,a,$,V,PL,2,FUT	m,u,c,h,a,b,i,k,a
b,i,k,a,&,s,e,k,a,#,u,r,i,k,u,s,e,k,a,$,V,PROG,SG,2,PRS	u,r,i,k,u,b,i,k,a
b,i,k,a,&,s,e,k,a,#,a,c,h,a,s,e,k,a,$,V,SG,3,FUT	a,c,h,a,b,i,k,a
b,i,k,a,&,s,e,k,a,#,m,a,k,a,s,e,k,a,$,V,PL,2,PST	m,a,k,a,b,i,k,a
b,i,k,a,&,s,e,k,a,#,t,i,c,h,a,s,e,k,a,$,V,PL,1,FUT	t,i,c,h,a,b,i,k,a
b,i,k,a,&,b,i,v,a,#,a,r,i,k,u,b,i,v,a,$,V,PROG,SG,3,PRS	a,r,i,k,u,b,i,k,a
b,i,k,a,&,s,e,k,a,#,v,a,r,i,k,u,s,e,k,a,$,V,PROG,PL,3,PRS	v,a,r,i,k,u,b,i,k,a
b,a,t,a,&,b,u,d,a,#,n,d,a,b,u,d,a,$,V,SG,1,HOD	n,d,a,b,a,t,a
b,a,t,a,&,b,u,d,a,#,v,a,n,o,b,u,d,a,$,V,PL,3,PRS	v,a,n,o,b,a,t,a
b,a,t,a,&,b,u,d,a,#,n,d,i,c,h,a,b,u,d,a,$,V,SG,1,FUT	n,d,i,c,h,a,b,a,t,a
b,a,t,a,&,b,u,d,a,#,a,r,i,k,u,b,u,d,a,$,V,PROG,SG,3,PRS	a,r,i,k,u,b,a,t,a
b,a,t,a,&,b,a,r,a,#,v,a,k,a,b,a,r,a,$,V,PL,3,PST	v,a,k,a,b,a,t,a
b,a,t,a,&,b,u,d,a,#,a,k,a,b,u,d,a,$,V,SG,3,PST	a,k,a,b,a,t,a
b,a,t,a,&,b,u,d,a,#,t,i,r,i,k,u,b,u,d,a,$,V,PROG,PL,1,PRS	t,i,r,i,k,u,b,a,t,a
b,a,t,a,&,b,u,d,a,#,m,a,b,u,d,a,$,V,PL,2,HOD	m,a,b,a,t,a
b,a,t,a,&,b,u,d,a,#,v,a,r,i,k,u,b,u,d,a,$,V,PROG,PL,3,PRS	v,a,r,i,k,u,b,a,t,a
b,a,t,a,&,b,u,d,a,#,w,a,k,a,b,u,d,a,$,V,SG,2,PST	w,a,k,a,b,a,t,a
b,a,t,a,&,b,u,d,a,#,m,u,r,i,k,u,b,u,d,a,$,V,PROG,PL,2,PRS	m,u,r,i,k,u,b,a,t,a
b,a,t,a,&,b,a,b,a,#,n,d,i,r,i,k,u,b,a,b,a,$,V,PROG,SG,1,PRS	n,d,i,r,i,k,u,b,a,t,a
b,a,t,a,&,b,u,d,a,#,t,a,k,a,b,u,d,a,$,V,PL,1,PST	t,a,k,a,b,a,t,a
b,a,t,a,&,v,a,t,a,#,w,a,v,a,t,a,$,V,SG,2,HOD	w,a,b,a,t,a
b,a,t,a,&,b,a,d,a,#,a,c,h,a,b,a,d,a,$,V,SG,3,FUT	a,c,h,a,b,a,t,a
b,a,t,a,&,b,u,d,a,#,u,n,o,b,u,d,a,$,V,SG,2,PRS	u,n,o,b,a,t,a
b,a,t,a,&,b,u,d,a,#,v,a,b,u,d,a,$,V,PL,3,HOD	v,a,b,a,t,a
b,a,t,a,&,b,u,d,a,#,a,b,u,d,a,$,V,SG,3,HOD	a,b,a,t,a
b,a,t,a,&,b,u,d,a,#,u,r,i,k,u,b,u,d,a,$,V,PROG,SG,2,PRS	u,r,i,k,u,b,a,t,a
b,a,t,a,&,b,u,d,a,#,n,d,i,n,o,b,u,d,a,$,V,SG,1,PRS	n,d,i,n,o,b,a,t,a
b,a,t,a,&,b,u,d,a,#,m,a,k,a,b,u,d,a,$,V,PL,2,PST	m,a,k,a,b,a,t,a
b,a,t,a,&,b,u,d,a,#,t,i,n,o,b,u,d,a,$,V,PL,1,PRS	t,i,n,o,b,a,t,a
b,a,t,a,&,b,u,d,a,#,v,a,c,h,a,b,u,d,a,$,V,PL,3,FUT	v,a,c,h,a,b,a,t,a
b,a,t,a,&,b,u,d,a,#,t,i,c,h,a,b,u,d,a,$,V,PL,1,FUT	t,i,c,h,a,b,a,t,a
b,a,t,a,&,b,a,i,a,#,u,c,h,a,b,a,i,a,$,V,SG,2,FUT	u,c,h,a,b,a,t,a
b,a,t,a,&,b,u,d,a,#,m,u,c,h,a,b,u,d,a,$,V,PL,2,FUT	m,u,c,h,a,b,a,t,a
b,a,t,a,&,b,u,d,a,#,m,u,n,o,b,u,d,a,$,V,PL,2,PRS	m,u,n,o,b,a,t,a
b,a,t,a,&,b,u,d,a,#,t,a,b,u,d,a,$,V,PL,1,HOD	t,a,b,a,t,a
b,a,t,a,&,b,u,d,a,#,a,n,o,b,u,d,a,$,V,SG,3,PRS	a,n,o,b,a,t,a
b,a,t,a,&,b,u,d,a,#,n,d,a,k,a,b,u,d,a,$,V,SG,1,PST	n,d,a,k,a,b,a,t,a
k,u,v,a,&,k,u,n,a,#,a,n,o,k,u,n,a,$,V,SG,3,PRS	a,n,o,k,u,v,a
k,u,v,a,&,m,u,k,a,#,v,a,r,i,k,u,m,u,k,a,$,V,PROG,PL,3,PRS	v,a,r,i,k,u,k,u,v,a
k,u,v,a,&,m,u,k,a,#,u,n,o,m,u,k,a,$,V,SG,2,PRS	u,n,o,k,u,v,a
k,u,v,a,&,m,u,k,a,#,t,i,r,i,k,u,m,u,k,a,$,V,PROG,PL,1,PRS	t,i,r,i,k,u,k,u,v,a
k,u,v,a,&,m,u,k,a,#,v,a,m,u,k,a,$,V,PL,3,HOD	v,a,k,u,v,a
k,u,v,a,&,k,e,v,a,#,u,c,h,a,k,e,v,a,$,V,SG,2,FUT	u,c,h,a,k,u,v,a
k,u,v,a,&,m,u,k,a,#,v,a,k,a,m,u,k,a,$,V,PL,3,PST	v,a,k,a,k,u,v,a
k,u,v,a,&,d,u,v,a,#,n,d,a,d,u,v,a,$,V,SG,1,HOD	n,d,a,k,u,v,a
k,u,v,a,&,m,u,k,a,#,t,a,m,u,k,a,$,V,PL,1,HOD	t,a,k,u,v,a
k,u,v,a,&,p,u,v,a,#,a,r,i,k,u,p,u,v,a,$,V,PROG,SG,3,PRS	a,r,i,k,u,k,u,v,a
k,u,v,a,&,m,u,k,a,#,m,a,k,a,m,u,k,a,$,V,PL,2,PST	m,a,k,a,k,u,v,a
k,u,v,a,&,m,u,k,a,#,u,r,i,k,u,m,u,k,a,$,V,PROG,SG,2,PRS	u,r,i,k,u,k,u,v,a
k,u,v,a,&,m,u,k,a,#,v,a,c,h,a,m,u,k,a,$,V,PL,3,FUT	v,a,c,h,a,k,u,v,a
k,u,v,a,&,f,u,v,a,#,t,i,c,h,a,f,u,v,a,$,V,PL,1,FUT	t,i,c,h,a,k,u,v,a
k,u,v,a,&,m,u,k,a,#,a,m,u,k,a,$,V,SG,3,HOD	a,k,u,v,a
k,u,v,a,&,m,u,k,a,#,t,a,k,a,m,u,k,a,$,V,PL,1,PST	t,a,k,a,k,u,v,a
k,u,v,a,&,m,u,k,a,#,w,a,m,u,k,a,$,V,SG,2,HOD	w,a,k,u,v,a
k,u,v,a,&,m,u,k,a,#,n,d,i,r,i,k,u,m,u,k,a,$,V,PROG,SG,1,PRS	n,d,i,r,i,k,u,k,u,v,a
k,u,v,a,&,m,u,k,a,#,n,d,i,c,h,a,m,u,k,a,$,V,SG,1,FUT	n,d,i,c,h,a,k,u,v,a
k,u,v,a,&,k,u,n,a,#,a,k,a,k,u,n,a,$,V,SG,3,PST	a,k,a,k,u,v,a
k,u,v,a,&,m,u,k,a,#,m,u,c,h,a,m,u,k,a,$,V,PL,2,FUT	m,u,c,h,a,k,u,v,a
k,u,v,a,&,m,u,k,a,#,v,a,n,o,m,u,k,a,$,V,PL,3,PRS	v,a,n,o,k,u,v,a
k,u,v,a,&,m,u,k,a,#,w,a,k,a,m,u,k,a,$,V,SG,2,PST	w,a,k,a,k,u,v,a
k,u,v,a,&,m,u,k,a,#,a,c,h,a,m,u,k,a,$,V,SG,3,FUT	a,c,h,a,k,u,v,a
k,u,v,a,&,m,u,k,a,#,m,a,m,u,k,a,$,V,PL,2,HOD	m,a,k,u,v,a
k,u,v,a,&,m,u,k,a,#,n,d,i,n,o,m,u,k,a,$,V,SG,1,PRS	n,d,i,n,o,k,u,v,a
k,u,v,a,&,m,u,k,a,#,m,u,n,o,m,u,k,a,$,V,PL,2,PRS	m,u,n,o,k,u,v,a
k,u,v,a,&,m,u,k,a,#,m,u,r,i,k,u,m,u,k,a,$,V,PROG,PL,2,PRS	m,u,r,i,k,u,k,u,v,a
k,u,v,a,&,v,u,v,a,#,t,i,n,o,v,u,v,a,$,V,PL,1,PRS	t,i,n,o,k,u,v,a
k,u,v,a,&,m,u,k,a,#,n,d,a,k,a,m,u,k,a,$,V,SG,1,PST	n,d,a,k,a,k,u,v,a
