z,i,m,a,&,l,i,a,#,n,i,a,l,i,a,$,V,INDF,FIN,IND,SG,1,PRS	n,i,a,z,i,m,a
z,i,m,a,&,z,w,m,a,#,u,n,a,z,w,m,a,$,V,DEF,FIN,IND,SG,2,PRS	u,n,a,z,i,m,a
z,i,m,a,&,l,i,a,#,w,a,a,l,i,a,$,V,INDF,FIN,IND,PL,3,PRS	w,a,a,z,i,m,a
z,i,m,a,&,l,i,a,#,a,m,e,l,i,a,$,V,PRF,FIN,IND,SG,3,PST	a,m,e,z,i,m,a
z,i,m,a,&,l,i,a,#,m,l,i,l,i,a,$,V,FIN,IND,PL,2,PST	m,l,i,z,i,m,a
z,i,m,a,&,l,i,a,#,t,u,m,e,l,i,a,$,V,PRF,FIN,IND,PL,1,PST	t,u,m,e,z,i,m,a
z,i,m,a,&,l,i,a,#,a,n,g,a,l,i,l,i,a,$,V,FIN,COND,SG,3,PST	a,n,g,a,l,i,z,i,m,a
z,i,m,a,&,l,i,a,#,u,n,g,e,l,i,a,$,V,FIN,COND,SG,2,PRS	u,n,g,e,z,i,m,a
z,i,m,a,&,l,i,a,#,w,a,l,i,l,i,a,$,V,FIN,IND,PL,3,PST	w,a,l,i,z,i,m,a
z,i,m,a,&,z,i,a,#,m,m,e,z,i,a,$,V,PRF,FIN,IND,PL,2,PST	m,m,e,z,i,m,a
z,i,m,a,&,l,i,a,#,u,a,l,i,a,$,V,INDF,FIN,IND,SG,2,PRS	u,a,z,i,m,a
z,i,m,a,&,z,i,k,a,#,t,u,a,z,i,k,a,$,V,INDF,FIN,IND,PL,1,PRS	t,u,a,z,i,m,a
z,i,m,a,&,n,i,m,a,#,u,l,i,n,i,m,a,$,V,FIN,IND,SG,2,PST	u,l,i,z,i,m,a
z,i,m,a,&,o,i,m,a,#,n,i,n,g,a,l,i,o,i,m,a,$,V,FIN,COND,SG,1,PST	n,i,n,g,a,l,i,z,i,m,a
z,i,m,a,&,l,i,a,#,a,h,u,l,i,a,$,V,HAB,FIN,IND,SG,3,PRS	a,h,u,z,i,m,a
z,i,m,a,&,o,i,m,a,#,t,u,n,a,o,i,m,a,$,V,DEF,FIN,IND,PL,1,PRS	t,u,n,a,z,i,m,a
z,i,m,a,&,l,i,a,#,w,a,n,a,l,i,a,$,V,DEF,FIN,IND,PL,3,PRS	w,a,n,a,z,i,m,a
z,i,m,a,&,l,i,a,#,w,a,h,u,l,i,a,$,V,HAB,FIN,IND,PL,3,PRS	w,a,h,u,z,i,m,a
z,i,m,a,&,l,i,a,#,t,u,l,i,l,i,a,$,V,FIN,IND,PL,1,PST	t,u,l,i,z,i,m,a
z,i,m,a,&,l,i,a,#,n,i,n,g,e,l,i,a,$,V,FIN,COND,SG,1,PRS	n,i,n,g,e,z,i,m,a
z,i,m,a,&,l,i,a,#,k,u,l,i,a,$,V,FIN	k,u,z,i,m,a
z,i,m,a,&,l,i,a,#,n,i,t,a,l,i,a,$,V,FIN,IND,SG,1,FUT	n,i,t,a,z,i,m,a
z,i,m,a,&,l,i,a,#,m,a,l,i,a,$,V,INDF,FIN,IND,PL,2,PRS	m,a,z,i,m,a
z,i,m,a,&,l,i,a,#,a,a,l,i,a,$,V,INDF,FIN,IND,SG,3,PRS	a,a,z,i,m,a
z,i,m,a,&,l,i,a,#,w,a,n,g,e,l,i,a,$,V,FIN,COND,PL,3,PRS	w,a,n,g,e,z,i,m,a
z,i,m,a,&,l,i,a,#,a,n,a,l,i,a,$,V,DEF,FIN,IND,SG,3,PRS	a,n,a,z,i,m,a
z,i,m,a,&,l,i,a,#,w,a,t,a,l,i,a,$,V,FIN,IND,PL,3,FUT	w,a,t,a,z,i,m,a
z,i,m,a,&,l,i,a,#,w,a,n,g,a,l,i,l,i,a,$,V,FIN,COND,PL,3,PST	w,a,n,g,a,l,i,z,i,m,a
z,i,m,a,&,l,i,a,#,n,i,n,a,l,i,a,$,V,DEF,FIN,IND,SG,1,PRS	n,i,n,a,z,i,m,a
z,i,m,a,&,l,i,a,#,u,m,e,l,i,a,$,V,PRF,FIN,IND,SG,2,PST	u,m,e,z,i,m,a
z,i,m,a,&,z,m,a,#,t,u,n,g,a,l,i,z,m,a,$,V,FIN,COND,PL,1,PST	t,u,n,g,a,l,i,z,i,m,a
z,i,m,a,&,l,i,a,#,a,l,i,l,i,a,$,V,FIN,IND,SG,3,PST	a,l,i,z,i,m,a
z,i,m,a,&,l,i,a,#,a,n,g,e,l,i,a,$,V,FIN,COND,SG,3,PRS	a,n,g,e,z,i,m,a
z,i,m,a,&,l,i,a,#,a,t,a,l,i,a,$,V,FIN,IND,SG,3,FUT	a,t,a,z,i,m,a
z,i,m,a,&,l,i,a,#,w,a,m,e,l,i,a,$,V,PRF,FIN,IND,PL,3,PST	w,a,m,e,z,i,m,a
z,i,m,a,&,l,i,a,#,n,i,h,u,l,i,a,$,V,HAB,FIN,IND,SG,1,PRS	n,i,h,u,z,i,m,a
z,i,m,a,&,z,i,w,a,#,m,n,g,a,l,i,z,i,w,a,$,V,FIN,COND,PL,2,PST	m,n,g,a,l,i,z,i,m,a
z,i,m,a,&,z,o,m,a,#,t,u,t,a,z,o,m,a,$,V,FIN,IND,PL,1,FUT	t,u,t,a,z,i,m,a
z,i,m,a,&,l,i,a,#,n,i,m,e,l,i,a,$,V,PRF,FIN,IND,SG,1,PST	n,i,m,e,z,i,m,a
z,i,m,a,&,l,i,a,#,u,n,g,a,l,i,l,i,a,$,V,FIN,COND,SG,2,PST	u,n,g,a,l,i,z,i,m,a
z,i,m,a,&,l,i,a,#,n,i,l,i,l,i,a,$,V,FIN,IND,SG,1,PST	n,i,l,i,z,i,m,a
z,i,m,a,&,c,i,m,a,#,u,h,u,c,i,m,a,$,V,HAB,FIN,IND,SG,2,PRS	u,h,u,z,i,m,a
z,i,m,a,&,s,i,m,a,#,m,n,g,e,s,i,m,a,$,V,FIN,COND,PL,2,PRS	m,n,g,e,z,i,m,a
z,i,m,a,&,l,i,a,#,u,t,a,l,i,a,$,V,FIN,IND,SG,2,FUT	u,t,a,z,i,m,a
z,i,m,a,&,l,i,a,#,t,u,n,g,e,l,i,a,$,V,FIN,COND,PL,1,PRS	t,u,n,g,e,z,i,m,a
z,i,m,a,&,l,i,a,#,m,n,a,l,i,a,$,V,DEF,FIN,IND,PL,2,PRS	m,n,a,z,i,m,a
z,i,m,a,&,l,i,a,#,m,h,u,l,i,a,$,V,HAB,FIN,IND,PL,2,PRS	m,h,u,z,i,m,a
z,i,m,a,&,l,i,a,#,t,u,h,u,l,i,a,$,V,HAB,FIN,IND,PL,1,PRS	t,u,h,u,z,i,m,a
z,i,m,a,&,l,i,a,#,m,t,a,l,i,a,$,V,FIN,IND,PL,2,FUT	m,t,a,z,i,m,a
k,a,m,i,l,i,s,h,a,&,k,a,u,s,h,a,#,w,a,n,g,e,k,a,u,s,h,a,$,V,FIN,COND,PL,3,PRS	w,a,n,g,e,k,a,m,i,l,i,s,h,a
k,a,m,i,l,i,s,h,a,&,s,h,a,k,i,l,i,a,#,n,i,n,g,a,l,i,s,h,a,k,i,l,i,a,$,V,FIN,COND,SG,1,PST	n,i,n,g,a,l,i,k,a,m,i,l,i,s,h,a
k,a,m,i,l,i,s,h,a,&,k,a,u,s,h,a,#,u,t,a,k,a,u,s,h,a,$,V,FIN,IND,SG,2,FUT	u,t,a,k,a,m,i,l,i,s,h,a
k,a,m,i,l,i,s,h,a,&,k,a,u,s,h,a,#,w,a,t,a,k,a,u,s,h,a,$,V,FIN,IND,PL,3,FUT	w,a,t,a,k,a,m,i,l,i,s,h,a
k,a,m,i,l,i,s,h,a,&,k,a,u,s,h,a,#,w,a,m,e,k,a,u,s,h,a,$,V,PRF,FIN,IND,PL,3,PST	w,a,m,e,k,a,m,i,l,i,s,h,a
k,a,m,i,l,i,s,h,a,&,k,a,u,s,h,a,#,w,a,n,a,k,a,u,s,h,a,$,V,DEF,FIN,IND,PL,3,PRS	w,a,n,a,k,a,m,i,l,i,s,h,a
k,a,m,i,l,i,s,h,a,&,k,a,u,s,h,a,#,m,h,u,k,a,u,s,h,a,$,V,HAB,FIN,IND,PL,2,PRS	m,h,u,k,a,m,i,l,i,s,h,a
k,a,m,i,l,i,s,h,a,&,k,a,u,s,h,a,#,a,t,a,k,a,u,s,h,a,$,V,FIN,IND,SG,3,FUT	a,t,a,k,a,m,i,l,i,s,h,a
k,a,m,i,l,i,s,h,a,&,k,a,u,s,h,a,#,t,u,h,u,k,a,u,s,h,a,$,V,HAB,FIN,IND,PL,1,PRS	t,u,h,u,k,a,m,i,l,i,s,h,a
k,a,m,i,l,i,s,h,a,&,k,a,u,s,h,a,#,w,a,a,k,a,u,s,h,a,$,V,INDF,FIN,IND,PL,3,PRS	w,a,a,k,a,m,i,l,i,s,h,a
k,a,m,i,l,i,s,h,a,&,k,a,u,s,h,a,#,t,u,m,e,k,a,u,s,h,a,$,V,PRF,FIN,IND,PL,1,PST	t,u,m,e,k,a,m,i,l,i,s,h,a
k,a,m,i,l,i,s,h,a,&,k,a,u,s,h,a,#,m,t,a,k,a,u,s,h,a,$,V,FIN,IND,PL,2,FUT	m,t,a,k,a,m,i,l,i,s,h,a
k,a,m,i,l,i,s,h,a,&,k,a,u,s,h,a,#,t,u,n,a,k,a,u,s,h,a,$,V,DEF,FIN,IND,PL,1,PRS	t,u,n,a,k,a,m,i,l,i,s,h,a
k,a,m,i,l,i,s,h,a,&,k,a,u,s,h,a,#,u,n,g,a,l,i,k,a,u,s,h,a,$,V,FIN,COND,SG,2,PST	u,n,g,a,l,i,k,a,m,i,l,i,s,h,a
k,a,m,i,l,i,s,h,a,&,k,a,u,s,h,a,#,k,u,k,a,u,s,h,a,$,V,FIN	k,u,k,a,m,i,l,i,s,h,a
k,a,m,i,l,i,s,h,a,&,k,a,u,s,h,a,#,u,n,a,k,a,u,s,h,a,$,V,DEF,FIN,IND,SG,2,PRS	u,n,a,k,a,m,i,l,i,s,h,a
k,a,m,i,l,i,s,h,a,&,k,a,u,s,h,a,#,m,m,e,k,a,u,s,h,a,$,V,PRF,FIN,IND,PL,2,PST	m,m,e,k,a,m,i,l,i,s,h,a
k,a,m,i,l,i,s,h,a,&,k,a,u,s,h,a,#,u,h,u,k,a,u,s,h,a,$,V,HAB,FIN,IND,SG,2,PRS	u,h,u,k,a,m,i,l,i,s,h,a
k,a,m,i,l,i,s,h,a,&,k,a,m,b,f,i,a,#,u,m,e,k,a,m,b,f,i,a,$,V,PRF,FIN,IND,SG,2,PST	u,m,e,k,a,m,i,l,i,s,h,a
k,a,m,i,l,i,s,h,a,&,s,a,l,i,s,h,a,#,u,l,i,s,a,l,i,s,h,a,$,V,FIN,IND,SG,2,PST	u,l,i,k,a,m,i,l,i,s,h,a
k,a,m,i,l,i,s,h,a,&,k,a,u,s,h,a,#,t,u,n,g,a,l,i,k,a,u,s,h,a,$,V,FIN,COND,PL,1,PST	t,u,n,g,a,l,i,k,a,m,i,l,i,s,h,a
k,a,m,i,l,i,s,h,a,&,k,a,u,s,h,a,#,m,n,g,e,k,a,u,s,h,a,$,V,FIN,COND,PL,2,PRS	m,n,g,e,k,a,m,i,l,i,s,h,a
k,a,m,i,l,i,s,h,a,&,k,a,u,s,h,a,#,u,n,g,e,k,a,u,s,h,a,$,V,FIN,COND,SG,2,PRS	u,n,g,e,k,a,m,i,l,i,s,h,a
k,a,m,i,l,i,s,h,a,&,k,a,u,s,h,a,#,t,u,t,a,k,a,u,s,h,a,$,V,FIN,IND,PL,1,FUT	t,u,t,a,k,a,m,i,l,i,s,h,a
k,a,m,i,l,i,s,h,a,&,k,a,u,s,h,a,#,a,n,a,k,a,u,s,h,a,$,V,DEF,FIN,IND,SG,3,PRS	a,n,a,k,a,m,i,l,i,s,h,a
k,a,m,i,l,i,s,h,a,&,k,a,u,s,h,a,#,n,i,a,k,a,u,s,h,a,$,V,INDF,FIN,IND,SG,1,PRS	n,i,a,k,a,m,i,l,i,s,h,a
k,a,m,i,l,i,s,h,a,&,k,a,u,s,h,a,#,m,n,a,k,a,u,s,h,a,$,V,DEF,FIN,IND,PL,2,PRS	m,n,a,k,a,m,i,l,i,s,h,a
k,a,m,i,l,i,s,h,a,&,k,a,u,s,h,a,#,w,a,n,g,a,l,i,k,a,u,s,h,a,$,V,FIN,COND,PL,3,PST	w,a,n,g,a,l,i,k,a,m,i,l,i,s,h,a
k,a,m,i,l,i,s,h,a,&,k,a,u,s,h,a,#,a,m,e,k,a,u,s,h,a,$,V,PRF,FIN,IND,SG,3,PST	a,m,e,k,a,m,i,l,i,s,h,a
k,a,m,i,l,i,s,h,a,&,k,a,u,s,h,a,#,t,u,a,k,a,u,s,h,a,$,V,INDF,FIN,IND,PL,1,PRS	t,u,a,k,a,m,i,l,i,s,h,a
k,a,m,i,l,i,s,h,a,&,k,a,u,s,h,a,#,m,l,i,k,a,u,s,h,a,$,V,FIN,IND,PL,2,PST	m,l,i,k,a,m,i,l,i,s,h,a
k,a,m,i,l,i,s,h,a,&,k,a,u,s,h,a,#,a,a,k,a,u,s,h,a,$,V,INDF,FIN,IND,SG,3,PRS	a,a,k,a,m,i,l,i,s,h,a
k,a,m,i,l,i,s,h,a,&,s,h,a,y,i,l,i,a,#,t,u,n,g,e,s,h,a,y,i,l,i,a,$,V,FIN,COND,PL,1,PRS	t,u,n,g,e,k,a,m,i,l,i,s,h,a
k,a,m,i,l,i,s,h,a,&,k,a,u,s,h,a,#,n,i,h,u,k,a,u,s,h,a,$,V,HAB,FIN,IND,SG,1,PRS	n,i,h,u,k,a,m,i,l,i,s,h,a
k,a,m,i,l,i,s,h,a,&,k,a,u,s,h,a,#,n,i,m,e,k,a,u,s,h,a,$,V,PRF,FIN,IND,SG,1,PST	n,i,m,e,k,a,m,i,l,i,s,h,a
k,a,m,i,l,i,s,h,a,&,k,a,u,s,h,a,#,t,u,l,i,k,a,u,s,h,a,$,V,FIN,IND,PL,1,PST	t,u,l,i,k,a,m,i,l,i,s,h,a
k,a,m,i,l,i,s,h,a,&,k,a,u,s,h,a,#,n,i,l,i,k,a,u,s,h,a,$,V,FIN,IND,SG,1,PST	n,i,l,i,k,a,m,i,l,i,s,h,a
k,a,m,i,l,i,s,h,a,&,k,a,u,s,h,a,#,n,i,t,a,k,a,u,s,h,a,$,V,FIN,IND,SG,1,FUT	n,i,t,a,k,a,m,i,l,i,s,h,a
k,a,m,i,l,i,s,h,a,&,k,a,u,s,h,a,#,m,n,g,a,l,i,k,a,u,s,h,a,$,V,FIN,COND,PL,2,PST	m,n,g,a,l,i,k,a,m,i,l,i,s,h,a
k,a,m,i,l,i,s,h,a,&,k,a,u,s,h,a,#,n,i,n,g,e,k,a,u,s,h,a,$,V,FIN,COND,SG,1,PRS	n,i,n,g,e,k,a,m,i,l,i,s,h,a
k,a,m,i,l,i,s,h,a,&,k,a,u,s,h,a,#,n,i,n,a,k,a,u,s,h,a,$,V,DEF,FIN,IND,SG,1,PRS	n,i,n,a,k,a,m,i,l,i,s,h,a
k,a,m,i,l,i,s,h,a,&,k,a,u,s,h,a,#,a,l,i,k,a,u,s,h,a,$,V,FIN,IND,SG,3,PST	a,l,i,k,a,m,i,l,i,s,h,a
k,a,m,i,l,i,s,h,a,&,k,a,u,s,h,a,#,w,a,l,i,k,a,u,s,h,a,$,V,FIN,IND,PL,3,PST	w,a,l,i,k,a,m,i,l,i,s,h,a
k,a,m,i,l,i,s,h,a,&,s,a,z,i,l,i,z,a,#,a,h,u,s,a,z,i,l,i,z,a,$,V,HAB,FIN,IND,SG,3,PRS	a,h,u,k,a,m,i,l,i,s,h,a
k,a,m,i,l,i,s,h,a,&,k,a,u,s,h,a,#,a,n,g,a,l,i,k,a,u,s,h,a,$,V,FIN,COND,SG,3,PST	a,n,g,a,l,i,k,a,m,i,l,i,s,h,a
k,a,m,i,l,i,s,h,a,&,k,a,u,s,h,a,#,m,a,k,a,u,s,h,a,$,V,INDF,FIN,IND,PL,2,PRS	m,a,k,a,m,i,l,i,s,h,a
k,a,m,i,l,i,s,h,a,&,k,a,u,s,h,a,#,a,n,g,e,k,a,u,s,h,a,$,V,FIN,COND,SG,3,PRS	a,n,g,e,k,a,m,i,l,i,s,h,a
k,a,m,i,l,i,s,h,a,&,k,a,u,s,h,a,#,u,a,k,a,u,s,h,a,$,V,INDF,FIN,IND,SG,2,PRS	u,a,k,a,m,i,l,i,s,h,a
k,a,m,i,l,i,s,h,a,&,k,a,u,s,h,a,#,w,a,h,u,k,a,u,s,h,a,$,V,HAB,FIN,IND,PL,3,PRS	w,a,h,u,k,a,m,i,l,i,s,h,a
i,n,u,k,a,&,i,n,u,a,#,u,n,a,i,n,u,a,$,V,DEF,FIN,IND,SG,2,PRS	u,n,a,i,n,u,k,a
i,n,u,k,a,&,i,n,u,a,#,m,a,i,n,u,a,$,V,INDF,FIN,IND,PL,2,PRS	m,a,i,n,u,k,a
i,n,u,k,a,&,i,n,u,a,#,a,n,g,a,l,i,i,n,u,a,$,V,FIN,COND,SG,3,PST	a,n,g,a,l,i,i,n,u,k,a
i,n,u,k,a,&,i,n,u,a,#,m,l,i,i,n,u,a,$,V,FIN,IND,PL,2,PST	m,l,i,i,n,u,k,a
i,n,u,k,a,&,i,n,u,a,#,a,n,g,e,i,n,u,a,$,V,FIN,COND,SG,3,PRS	a,n,g,e,i,n,u,k,a
i,n,u,k,a,&,i,n,u,a,#,a,t,a,i,n,u,a,$,V,FIN,IND,SG,3,FUT	a,t,a,i,n,u,k,a
i,n,u,k,a,&,i,n,u,a,#,w,a,n,a,i,n,u,a,$,V,DEF,FIN,IND,PL,3,PRS	w,a,n,a,i,n,u,k,a
i,n,u,k,a,&,i,n,u,a,#,n,i,n,g,a,l,i,i,n,u,a,$,V,FIN,COND,SG,1,PST	n,i,n,g,a,l,i,i,n,u,k,a
i,n,u,k,a,&,i,n,u,a,#,m,h,u,i,n,u,a,$,V,HAB,FIN,IND,PL,2,PRS	m,h,u,i,n,u,k,a
i,n,u,k,a,&,i,n,u,a,#,u,h,u,i,n,u,a,$,V,HAB,FIN,IND,SG,2,PRS	u,h,u,i,n,u,k,a
i,n,u,k,a,&,i,n,u,a,#,k,u,i,n,u,a,$,V,FIN	k,u,i,n,u,k,a
i,n,u,k,a,&,i,n,u,a,#,m,t,a,i,n,u,a,$,V,FIN,IND,PL,2,FUT	m,t,a,i,n,u,k,a
i,n,u,k,a,&,i,n,u,a,#,u,l,i,i,n,u,a,$,V,FIN,IND,SG,2,PST	u,l,i,i,n,u,k,a
i,n,u,k,a,&,i,n,u,a,#,n,i,n,a,i,n,u,a,$,V,DEF,FIN,IND,SG,1,PRS	n,i,n,a,i,n,u,k,a
i,n,u,k,a,&,i,n,u,a,#,u,t,a,i,n,u,a,$,V,FIN,IND,SG,2,FUT	u,t,a,i,n,u,k,a
i,n,u,k,a,&,i,n,u,a,#,t,u,n,g,a,l,i,i,n,u,a,$,V,FIN,COND,PL,1,PST	t,u,n,g,a,l,i,i,n,u,k,a
i,n,u,k,a,&,i,n,u,a,#,u,n,g,a,l,i,i,n,u,a,$,V,FIN,COND,SG,2,PST	u,n,g,a,l,i,i,n,u,k,a
i,n,u,k,a,&,i,n,u,a,#,t,u,l,i,i,n,u,a,$,V,FIN,IND,PL,1,PST	t,u,l,i,i,n,u,k,a
i,n,u,k,a,&,i,n,u,a,#,n,i,m,e,i,n,u,a,$,V,PRF,FIN,IND,SG,1,PST	n,i,m,e,i,n,u,k,a
i,n,u,k,a,&,i,n,u,a,#,n,i,t,a,i,n,u,a,$,V,FIN,IND,SG,1,FUT	n,i,t,a,i,n,u,k,a
i,n,u,k,a,&,i,n,u,a,#,u,n,g,e,i,n,u,a,$,V,FIN,COND,SG,2,PRS	u,n,g,e,i,n,u,k,a
i,n,u,k,a,&,i,n,u,a,#,n,i,l,i,i,n,u,a,$,V,FIN,IND,SG,1,PST	n,i,l,i,i,n,u,k,a
i,n,u,k,a,&,i,n,u,a,#,a,n,a,i,n,u,a,$,V,DEF,FIN,IND,SG,3,PRS	a,n,a,i,n,u,k,a
i,n,u,k,a,&,i,n,u,a,#,w,a,n,g,a,l,i,i,n,u,a,$,V,FIN,COND,PL,3,PST	w,a,n,g,a,l,i,i,n,u,k,a
i,n,u,k,a,&,i,n,u,a,#,a,m,e,i,n,u,a,$,V,PRF,FIN,IND,SG,3,PST	a,m,e,i,n,u,k,a
i,n,u,k,a,&,i,n,u,a,#,w,a,h,u,i,n,u,a,$,V,HAB,FIN,IND,PL,3,PRS	w,a,h,u,i,n,u,k,a
i,n,u,k,a,&,i,n,u,a,#,n,i,n,g,e,i,n,u,a,$,V,FIN,COND,SG,1,PRS	n,i,n,g,e,i,n,u,k,a
i,n,u,k,a,&,i,n,u,a,#,w,a,l,i,i,n,u,a,$,V,FIN,IND,PL,3,PST	w,a,l,i,i,n,u,k,a
i,n,u,k,a,&,i,n,u,a,#,w,a,t,a,i,n,u,a,$,V,FIN,IND,PL,3,FUT	w,a,t,a,i,n,u,k,a
i,n,u,k,a,&,i,n,u,a,#,n,i,a,i,n,u,a,$,V,INDF,FIN,IND,SG,1,PRS	n,i,a,i,n,u,k,a
i,n,u,k,a,&,i,n,u,a,#,t,u,n,g,e,i,n,u,a,$,V,FIN,COND,PL,1,PRS	t,u,n,g,e,i,n,u,k,a
i,n,u,k,a,&,i,n,u,a,#,w,a,m,e,i,n,u,a,$,V,PRF,FIN,IND,PL,3,PST	w,a,m,e,i,n,u,k,a
i,n,u,k,a,&,i,n,u,a,#,t,u,h,u,i,n,u,a,$,V,HAB,FIN,IND,PL,1,PRS	t,u,h,u,i,n,u,k,a
i,n,u,k,a,&,i,n,u,a,#,a,h,u,i,n,u,a,$,V,HAB,FIN,IND,SG,3,PRS	a,h,u,i,n,u,k,a
i,n,u,k,a,&,i,n,u,a,#,t,u,a,i,n,u,a,$,V,INDF,FIN,IND,PL,1,PRS	t,u,a,i,n,u,k,a
i,n,u,k,a,&,i,n,u,a,#,t,u,m,e,i,n,u,a,$,V,PRF,FIN,IND,PL,1,PST	t,u,m,e,i,n,u,k,a
i,n,u,k,a,&,i,n,u,a,#,t,u,t,a,i,n,u,a,$,V,FIN,IND,PL,1,FUT	t,u,t,a,i,n,u,k,a
i,n,u,k,a,&,i,n,u,a,#,m,n,g,e,i,n,u,a,$,V,FIN,COND,PL,2,PRS	m,n,g,e,i,n,u,k,a
i,n,u,k,a,&,i,n,u,a,#,w,a,n,g,e,i,n,u,a,$,V,FIN,COND,PL,3,PRS	w,a,n,g,e,i,n,u,k,a
i,n,u,k,a,&,i,n,u,a,#,n,i,h,u,i,n,u,a,$,V,HAB,FIN,IND,SG,1,PRS	n,i,h,u,i,n,u,k,a
i,n,u,k,a,&,i,n,u,a,#,t,u,n,a,i,n,u,a,$,V,DEF,FIN,IND,PL,1,PRS	t,u,n,a,i,n,u,k,a
i,n,u,k,a,&,i,n,u,a,#,a,l,i,i,n,u,a,$,V,FIN,IND,SG,3,PST	a,l,i,i,n,u,k,a
i,n,u,k,a,&,i,n,u,a,#,w,a,a,i,n,u,a,$,V,INDF,FIN,IND,PL,3,PRS	w,a,a,i,n,u,k,a
i,n,u,k,a,&,i,n,u,a,#,u,a,i,n,u,a,$,V,INDF,FIN,IND,SG,2,PRS	u,a,i,n,u,k,a
i,n,u,k,a,&,i,n,u,a,#,m,n,a,i,n,u,a,$,V,DEF,FIN,IND,PL,2,PRS	m,n,a,i,n,u,k,a
i,n,u,k,a,&,i,n,u,a,#,m,n,g,a,l,i,i,n,u,a,$,V,FIN,COND,PL,2,PST	m,n,g,a,l,i,i,n,u,k,a
i,n,u,k,a,&,i,n,u,a,#,m,m,e,i,n,u,a,$,V,PRF,FIN,IND,PL,2,PST	m,m,e,i,n,u,k,a
i,n,u,k,a,&,i,n,u,a,#,a,a,i,n,u,a,$,V,INDF,FIN,IND,SG,3,PRS	a,a,i,n,u,k,a
i,n,u,k,a,&,i,n,u,a,#,u,m,e,i,n,u,a,$,V,PRF,FIN,IND,SG,2,PST	u,m,e,i,n,u,k,a
p,a,m,b,u,a,&,l,a,m,b,a,#,t,u,n,g,e,l,a,m,b,a,$,V,FIN,COND,PL,1,PRS	t,u,n,g,e,p,a,m,b,u,a
p,a,m,b,u,a,&,l,a,m,b,a,#,t,u,h,u,l,a,m,b,a,$,V,HAB,FIN,IND,PL,1,PRS	t,u,h,u,p,a,m,b,u,a
p,a,m,b,u,a,&,l,a,m,b,a,#,u,h,u,l,a,m,b,a,$,V,HAB,FIN,IND,SG,2,PRS	u,h,u,p,a,m,b,u,a
p,a,m,b,u,a,&,l,a,m,b,a,#,u,t,a,l,a,m,b,a,$,V,FIN,IND,SG,2,FUT	u,t,a,p,a,m,b,u,a
p,a,m,b,u,a,&,l,a,m,b,a,#,w,a,n,g,a,l,i,l,a,m,b,a,$,V,FIN,COND,PL,3,PST	w,a,n,g,a,l,i,p,a,m,b,u,a
p,a,m,b,u,a,&,l,a,m,b,a,#,t,u,n,a,l,a,m,b,a,$,V,DEF,FIN,IND,PL,1,PRS	t,u,n,a,p,a,m,b,u,a
p,a,m,b,u,a,&,l,a,m,b,a,#,n,i,m,e,l,a,m,b,a,$,V,PRF,FIN,IND,SG,1,PST	n,i,m,e,p,a,m,b,u,a
p,a,m,b,u,a,&,l,a,m,b,a,#,w,a,t,a,l,a,m,b,a,$,V,FIN,IND,PL,3,FUT	w,a,t,a,p,a,m,b,u,a
p,a,m,b,u,a,&,l,a,m,b,a,#,a,t,a,l,a,m,b,a,$,V,FIN,IND,SG,3,FUT	a,t,a,p,a,m,b,u,a
p,a,m,b,u,a,&,l,a,m,b,a,#,a,m,e,l,a,m,b,a,$,V,PRF,FIN,IND,SG,3,PST	a,m,e,p,a,m,b,u,a
p,a,m,b,u,a,&,l,a,m,b,a,#,u,n,a,l,a,m,b,a,$,V,DEF,FIN,IND,SG,2,PRS	u,n,a,p,a,m,b,u,a
p,a,m,b,u,a,&,l,a,m,b,a,#,m,n,a,l,a,m,b,a,$,V,DEF,FIN,IND,PL,2,PRS	m,n,a,p,a,m,b,u,a
p,a,m,b,u,a,&,l,a,m,b,a,#,u,a,l,a,m,b,a,$,V,INDF,FIN,IND,SG,2,PRS	u,a,p,a,m,b,u,a
p,a,m,b,u,a,&,l,a,m,b,a,#,n,i,t,a,l,a,m,b,a,$,V,FIN,IND,SG,1,FUT	n,i,t,a,p,a,m,b,u,a
p,a,m,b,u,a,&,l,a,m,b,a,#,m,a,l,a,m,b,a,$,V,INDF,FIN,IND,PL,2,PRS	m,a,p,a,m,b,u,a
p,a,m,b,u,a,&,l,a,m,b,a,#,w,a,n,a,l,a,m,b,a,$,V,DEF,FIN,IND,PL,3,PRS	w,a,n,a,p,a,m,b,u,a
p,a,m,b,u,a,&,l,a,m,b,a,#,w,a,m,e,l,a,m,b,a,$,V,PRF,FIN,IND,PL,3,PST	w,a,m,e,p,a,m,b,u,a
p,a,m,b,u,a,&,l,a,m,b,a,#,w,a,a,l,a,m,b,a,$,V,INDF,FIN,IND,PL,3,PRS	w,a,a,p,a,m,b,u,a
p,a,m,b,u,a,&,l,a,m,b,a,#,w,a,n,g,e,l,a,m,b,a,$,V,FIN,COND,PL,3,PRS	w,a,n,g,e,p,a,m,b,u,a
p,a,m,b,u,a,&,l,a,m,b,a,#,u,n,g,a,l,i,l,a,m,b,a,$,V,FIN,COND,SG,2,PST	u,n,g,a,l,i,p,a,m,b,u,a
p,a,m,b,u,a,&,l,a,m,b,a,#,a,l,i,l,a,m,b,a,$,V,FIN,IND,SG,3,PST	a,l,i,p,a,m,b,u,a
p,a,m,b,u,a,&,l,a,m,b,a,#,a,n,g,e,l,a,m,b,a,$,V,FIN,COND,SG,3,PRS	a,n,g,e,p,a,m,b,u,a
p,a,m,b,u,a,&,l,a,m,b,a,#,t,u,n,g,a,l,i,l,a,m,b,a,$,V,FIN,COND,PL,1,PST	t,u,n,g,a,l,i,p,a,m,b,u,a
p,a,m,b,u,a,&,l,a,m,b,a,#,m,h,u,l,a,m,b,a,$,V,HAB,FIN,IND,PL,2,PRS	m,h,u,p,a,m,b,u,a
p,a,m,b,u,a,&,l,a,m,b,a,#,t,u,l,i,l,a,m,b,a,$,V,FIN,IND,PL,1,PST	t,u,l,i,p,a,m,b,u,a
p,a,m,b,u,a,&,l,a,m,b,a,#,m,n,g,e,l,a,m,b,a,$,V,FIN,COND,PL,2,PRS	m,n,g,e,p,a,m,b,u,a
p,a,m,b,u,a,&,l,a,m,b,a,#,m,m,e,l,a,m,b,a,$,V,PRF,FIN,IND,PL,2,PST	m,m,e,p,a,m,b,u,a
p,a,m,b,u,a,&,l,a,m,b,a,#,m,t,a,l,a,m,b,a,$,V,FIN,IND,PL,2,FUT	m,t,a,p,a,m,b,u,a
p,a,m,b,u,a,&,l,a,m,b,a,#,w,a,h,u,l,a,m,b,a,$,V,HAB,FIN,IND,PL,3,PRS	w,a,h,u,p,a,m,b,u,a
p,a,m,b,u,a,&,l,a,m,b,a,#,t,u,a,l,a,m,b,a,$,V,INDF,FIN,IND,PL,1,PRS	t,u,a,p,a,m,b,u,a
p,a,m,b,u,a,&,l,a,m,b,a,#,u,m,e,l,a,m,b,a,$,V,PRF,FIN,IND,SG,2,PST	u,m,e,p,a,m,b,u,a
p,a,m,b,u,a,&,l,a,m,b,a,#,n,i,h,u,l,a,m,b,a,$,V,HAB,FIN,IND,SG,1,PRS	n,i,h,u,p,a,m,b,u,a
p,a,m,b,u,a,&,l,a,m,b,a,#,k,u,l,a,m,b,a,$,V,FIN	k,u,p,a,m,b,u,a
p,a,m,b,u,a,&,l,a,m,b,a,#,n,i,n,g,e,l,a,m,b,a,$,V,FIN,COND,SG,1,PRS	n,i,n,g,e,p,a,m,b,u,a
p,a,m,b,u,a,&,l,a,m,b,a,#,m,n,g,a,l,i,l,a,m,b,a,$,V,FIN,COND,PL,2,PST	m,n,g,a,l,i,p,a,m,b,u,a
p,a,m,b,u,a,&,l,a,m,b,a,#,a,n,g,a,l,i,l,a,m,b,a,$,V,FIN,COND,SG,3,PST	a,n,g,a,l,i,p,a,m,b,u,a
p,a,m,b,u,a,&,l,a,m,b,a,#,a,a,l,a,m,b,a,$,V,INDF,FIN,IND,SG,3,PRS	a,a,p,a,m,b,u,a
p,a,m,b,u,a,&,l,a,m,b,a,#,u,l,i,l,a,m,b,a,$,V,FIN,IND,SG,2,PST	u,l,i,p,a,m,b,u,a
p,a,m,b,u,a,&,l,a,m,b,a,#,n,i,n,g,a,l,i,l,a,m,b,a,$,V,FIN,COND,SG,1,PST	n,i,n,g,a,l,i,p,a,m,b,u,a
p,a,m,b,u,a,&,l,a,m,b,a,#,w,a,l,i,l,a,m,b,a,$,V,FIN,IND,PL,3,PST	w,a,l,i,p,a,m,b,u,a
p,a,m,b,u,a,&,l,a,m,b,a,#,u,n,g,e,l,a,m,b,a,$,V,FIN,COND,SG,2,PRS	u,n,g,e,p,a,m,b,u,a
p,a,m,b,u,a,&,l,a,m,b,a,#,t,u,m,e,l,a,m,b,a,$,V,PRF,FIN,IND,PL,1,PST	t,u,m,e,p,a,m,b,u,a
p,a,m,b,u,a,&,l,a,m,b,a,#,n,i,n,a,l,a,m,b,a,$,V,DEF,FIN,IND,SG,1,PRS	n,i,n,a,p,a,m,b,u,a
p,a,m,b,u,a,&,l,a,m,b,a,#,t,u,t,a,l,a,m,b,a,$,V,FIN,IND,PL,1,FUT	t,u,t,a,p,a,m,b,u,a
p,a,m,b,u,a,&,l,a,m,b,a,#,a,h,u,l,a,m,b,a,$,V,HAB,FIN,IND,SG,3,PRS	a,h,u,p,a,m,b,u,a
p,a,m,b,u,a,&,l,a,m,b,a,#,m,l,i,l,a,m,b,a,$,V,FIN,IND,PL,2,PST	m,l,i,p,a,m,b,u,a
p,a,m,b,u,a,&,l,a,m,b,a,#,n,i,a,l,a,m,b,a,$,V,INDF,FIN,IND,SG,1,PRS	n,i,a,p,a,m,b,u,a
p,a,m,b,u,a,&,l,a,m,b,a,#,a,n,a,l,a,m,b,a,$,V,DEF,FIN,IND,SG,3,PRS	a,n,a,p,a,m,b,u,a
p,a,m,b,u,a,&,l,a,m,b,a,#,n,i,l,i,l,a,m,b,a,$,V,FIN,IND,SG,1,PST	n,i,l,i,p,a,m,b,u,a
f,u,a,t,a,&,f,u,n,g,a,#,w,a,l,i,f,u,n,g,a,$,V,FIN,IND,PL,3,PST	w,a,l,i,f,u,a,t,a
f,u,a,t,a,&,f,u,n,g,a,#,m,m,e,f,u,n,g,a,$,V,PRF,FIN,IND,PL,2,PST	m,m,e,f,u,a,t,a
f,u,a,t,a,&,f,u,n,g,a,#,u,n,g,e,f,u,n,g,a,$,V,FIN,COND,SG,2,PRS	u,n,g,e,f,u,a,t,a
f,u,a,t,a,&,f,u,n,g,a,#,a,t,a,f,u,n,g,a,$,V,FIN,IND,SG,3,FUT	a,t,a,f,u,a,t,a
f,u,a,t,a,&,f,u,n,g,a,#,a,n,g,a,l,i,f,u,n,g,a,$,V,FIN,COND,SG,3,PST	a,n,g,a,l,i,f,u,a,t,a
f,u,a,t,a,&,f,u,n,g,a,#,t,u,t,a,f,u,n,g,a,$,V,FIN,IND,PL,1,FUT	t,u,t,a,f,u,a,t,a
f,u,a,t,a,&,f,u,y,t,a,#,n,i,t,a,f,u,y,t,a,$,V,FIN,IND,SG,1,FUT	n,i,t,a,f,u,a,t,a
f,u,a,t,a,&,f,u,n,g,a,#,u,t,a,f,u,n,g,a,$,V,FIN,IND,SG,2,FUT	u,t,a,f,u,a,t,a
f,u,a,t,a,&,f,u,n,g,a,#,t,u,n,g,a,l,i,f,u,n,g,a,$,V,FIN,COND,PL,1,PST	t,u,n,g,a,l,i,f,u,a,t,a
f,u,a,t,a,&,f,u,n,g,a,#,m,n,g,e,f,u,n,g,a,$,V,FIN,COND,PL,2,PRS	m,n,g,e,f,u,a,t,a
f,u,a,t,a,&,f,u,n,g,a,#,a,n,a,f,u,n,g,a,$,V,DEF,FIN,IND,SG,3,PRS	a,n,a,f,u,a,t,a
f,u,a,t,a,&,f,u,n,g,a,#,w,a,a,f,u,n,g,a,$,V,INDF,FIN,IND,PL,3,PRS	w,a,a,f,u,a,t,a
f,u,a,t,a,&,f,u,n,g,a,#,n,i,a,f,u,n,g,a,$,V,INDF,FIN,IND,SG,1,PRS	n,i,a,f,u,a,t,a
f,u,a,t,a,&,u,a,t,a,#,a,h,u,u,a,t,a,$,V,HAB,FIN,IND,SG,3,PRS	a,h,u,f,u,a,t,a
f,u,a,t,a,&,f,u,n,g,a,#,a,l,i,f,u,n,g,a,$,V,FIN,IND,SG,3,PST	a,l,i,f,u,a,t,a
f,u,a,t,a,&,f,u,n,g,a,#,m,n,g,a,l,i,f,u,n,g,a,$,V,FIN,COND,PL,2,PST	m,n,g,a,l,i,f,u,a,t,a
f,u,a,t,a,&,f,u,n,g,a,#,w,a,n,g,e,f,u,n,g,a,$,V,FIN,COND,PL,3,PRS	w,a,n,g,e,f,u,a,t,a
f,u,a,t,a,&,f,u,n,g,a,#,m,a,f,u,n,g,a,$,V,INDF,FIN,IND,PL,2,PRS	m,a,f,u,a,t,a
f,u,a,t,a,&,f,u,n,g,a,#,n,i,n,g,a,l,i,f,u,n,g,a,$,V,FIN,COND,SG,1,PST	n,i,n,g,a,l,i,f,u,a,t,a
f,u,a,t,a,&,f,u,n,g,a,#,u,l,i,f,u,n,g,a,$,V,FIN,IND,SG,2,PST	u,l,i,f,u,a,t,a
f,u,a,t,a,&,f,u,n,g,a,#,n,i,m,e,f,u,n,g,a,$,V,PRF,FIN,IND,SG,1,PST	n,i,m,e,f,u,a,t,a
f,u,a,t,a,&,f,u,n,g,a,#,w,a,n,g,a,l,i,f,u,n,g,a,$,V,FIN,COND,PL,3,PST	w,a,n,g,a,l,i,f,u,a,t,a
f,u,a,t,a,&,f,u,n,g,a,#,m,n,a,f,u,n,g,a,$,V,DEF,FIN,IND,PL,2,PRS	m,n,a,f,u,a,t,a
f,u,a,t,a,&,f,u,n,g,a,#,a,m,e,f,u,n,g,a,$,V,PRF,FIN,IND,SG,3,PST	a,m,e,f,u,a,t,a
f,u,a,t,a,&,f,u,n,g,a,#,m,t,a,f,u,n,g,a,$,V,FIN,IND,PL,2,FUT	m,t,a,f,u,a,t,a
f,u,a,t,a,&,f,u,n,g,a,#,u,n,g,a,l,i,f,u,n,g,a,$,V,FIN,COND,SG,2,PST	u,n,g,a,l,i,f,u,a,t,a
f,u,a,t,a,&,f,u,n,g,a,#,k,u,f,u,n,g,a,$,V,FIN	k,u,f,u,a,t,a
f,u,a,t,a,&,f,u,n,g,a,#,n,i,n,g,e,f,u,n,g,a,$,V,FIN,COND,SG,1,PRS	n,i,n,g,e,f,u,a,t,a
f,u,a,t,a,&,f,u,n,g,a,#,t,u,l,i,f,u,n,g,a,$,V,FIN,IND,PL,1,PST	t,u,l,i,f,u,a,t,a
f,u,a,t,a,&,f,u,n,g,a,#,w,a,n,a,f,u,n,g,a,$,V,DEF,FIN,IND,PL,3,PRS	w,a,n,a,f,u,a,t,a
f,u,a,t,a,&,f,u,n,g,a,#,u,n,a,f,u,n,g,a,$,V,DEF,FIN,IND,SG,2,PRS	u,n,a,f,u,a,t,a
f,u,a,t,a,&,f,a,t,a,#,t,u,n,g,e,f,a,t,a,$,V,FIN,COND,PL,1,PRS	t,u,n,g,e,f,u,a,t,a
f,u,a,t,a,&,f,u,n,g,a,#,u,m,e,f,u,n,g,a,$,V,PRF,FIN,IND,SG,2,PST	u,m,e,f,u,a,t,a
f,u,a,t,a,&,f,u,n,g,a,#,a,a,f,u,n,g,a,$,V,INDF,FIN,IND,SG,3,PRS	a,a,f,u,a,t,a
f,u,a,t,a,&,f,u,n,g,a,#,w,a,h,u,f,u,n,g,a,$,V,HAB,FIN,IND,PL,3,PRS	w,a,h,u,f,u,a,t,a
f,u,a,t,a,&,f,u,n,g,a,#,t,u,h,u,f,u,n,g,a,$,V,HAB,FIN,IND,PL,1,PRS	t,u,h,u,f,u,a,t,a
f,u,a,t,a,&,f,u,n,g,a,#,t,u,a,f,u,n,g,a,$,V,INDF,FIN,IND,PL,1,PRS	t,u,a,f,u,a,t,a
f,u,a,t,a,&,f,u,n,g,a,#,n,i,h,u,f,u,n,g,a,$,V,HAB,FIN,IND,SG,1,PRS	n,i,h,u,f,u,a,t,a
f,u,a,t,a,&,f,u,n,g,a,#,w,a,t,a,f,u,n,g,a,$,V,FIN,IND,PL,3,FUT	w,a,t,a,f,u,a,t,a
f,u,a,t,a,&,f,u,n,g,a,#,m,l,i,f,u,n,g,a,$,V,FIN,IND,PL,2,PST	m,l,i,f,u,a,t,a
f,u,a,t,a,&,f,u,n,g,a,#,u,a,f,u,n,g,a,$,V,INDF,FIN,IND,SG,2,PRS	u,a,f,u,a,t,a
f,u,a,t,a,&,f,u,n,g,a,#,t,u,m,e,f,u,n,g,a,$,V,PRF,FIN,IND,PL,1,PST	t,u,m,e,f,u,a,t,a
f,u,a,t,a,&,f,u,n,g,a,#,t,u,n,a,f,u,n,g,a,$,V,DEF,FIN,IND,PL,1,PRS	t,u,n,a,f,u,a,t,a
f,u,a,t,a,&,f,u,n,g,a,#,w,a,m,e,f,u,n,g,a,$,V,PRF,FIN,IND,PL,3,PST	w,a,m,e,f,u,a,t,a
f,u,a,t,a,&,f,u,n,g,a,#,n,i,l,i,f,u,n,g,a,$,V,FIN,IND,SG,1,PST	n,i,l,i,f,u,a,t,a
f,u,a,t,a,&,f,a,t,a,#,u,h,u,f,a,t,a,$,V,HAB,FIN,IND,SG,2,PRS	u,h,u,f,u,a,t,a
f,u,a,t,a,&,f,u,n,g,a,#,a,n,g,e,f,u,n,g,a,$,V,FIN,COND,SG,3,PRS	a,n,g,e,f,u,a,t,a
f,u,a,t,a,&,f,u,n,g,a,#,m,h,u,f,u,n,g,a,$,V,HAB,FIN,IND,PL,2,PRS	m,h,u,f,u,a,t,a
f,u,a,t,a,&,f,u,n,g,a,#,n,i,n,a,f,u,n,g,a,$,V,DEF,FIN,IND,SG,1,PRS	n,i,n,a,f,u,a,t,a
c,h,a,p,i,s,h,a,&,c,h,a,f,y,a,#,m,a,c,h,a,f,y,a,$,V,INDF,FIN,IND,PL,2,PRS	m,a,c,h,a,p,i,s,h,a
c,h,a,p,i,s,h,a,&,c,h,a,f,y,a,#,t,u,n,a,c,h,a,f,y,a,$,V,DEF,FIN,IND,PL,1,PRS	t,u,n,a,c,h,a,p,i,s,h,a
c,h,a,p,i,s,h,a,&,c,h,a,f,y,a,#,w,a,t,a,c,h,a,f,y,a,$,V,FIN,IND,PL,3,FUT	w,a,t,a,c,h,a,p,i,s,h,a
c,h,a,p,i,s,h,a,&,c,h,a,f,y,a,#,t,u,n,g,e,c,h,a,f,y,a,$,V,FIN,COND,PL,1,PRS	t,u,n,g,e,c,h,a,p,i,s,h,a
c,h,a,p,i,s,h,a,&,c,h,a,f,y,a,#,n,i,m,e,c,h,a,f,y,a,$,V,PRF,FIN,IND,SG,1,PST	n,i,m,e,c,h,a,p,i,s,h,a
c,h,a,p,i,s,h,a,&,c,h,a,f,y,a,#,k,u,c,h,a,f,y,a,$,V,FIN	k,u,c,h,a,p,i,s,h,a
c,h,a,p,i,s,h,a,&,c,h,a,f,y,a,#,u,l,i,c,h,a,f,y,a,$,V,FIN,IND,SG,2,PST	u,l,i,c,h,a,p,i,s,h,a
c,h,a,p,i,s,h,a,&,c,h,a,f,y,a,#,a,h,u,c,h,a,f,y,a,$,V,HAB,FIN,IND,SG,3,PRS	a,h,u,c,h,a,p,i,s,h,a
c,h,a,p,i,s,h,a,&,c,h,a,f,y,a,#,a,a,c,h,a,f,y,a,$,V,INDF,FIN,IND,SG,3,PRS	a,a,c,h,a,p,i,s,h,a
c,h,a,p,i,s,h,a,&,c,h,a,f,y,a,#,w,a,n,a,c,h,a,f,y,a,$,V,DEF,FIN,IND,PL,3,PRS	w,a,n,a,c,h,a,p,i,s,h,a
c,h,a,p,i,s,h,a,&,c,h,a,f,y,a,#,a,t,a,c,h,a,f,y,a,$,V,FIN,IND,SG,3,FUT	a,t,a,c,h,a,p,i,s,h,a
c,h,a,p,i,s,h,a,&,c,h,a,f,y,a,#,t,u,l,i,c,h,a,f,y,a,$,V,FIN,IND,PL,1,PST	t,u,l,i,c,h,a,p,i,s,h,a
c,h,a,p,i,s,h,a,&,c,h,a,f,y,a,#,n,i,h,u,c,h,a,f,y,a,$,V,HAB,FIN,IND,SG,1,PRS	n,i,h,u,c,h,a,p,i,s,h,a
c,h,a,p,i,s,h,a,&,c,h,a,f,y,a,#,u,n,g,a,l,i,c,h,a,f,y,a,$,V,FIN,COND,SG,2,PST	u,n,g,a,l,i,c,h,a,p,i,s,h,a
c,h,a,p,i,s,h,a,&,c,h,a,f,y,a,#,m,n,g,a,l,i,c,h,a,f,y,a,$,V,FIN,COND,PL,2,PST	m,n,g,a,l,i,c,h,a,p,i,s,h,a
c,h,a,p,i,s,h,a,&,c,h,a,f,y,a,#,m,n,g,e,c,h,a,f,y,a,$,V,FIN,COND,PL,2,PRS	m,n,g,e,c,h,a,p,i,s,h,a
c,h,a,p,i,s,h,a,&,c,h,a,f,y,a,#,n,i,t,a,c,h,a,f,y,a,$,V,FIN,IND,SG,1,FUT	n,i,t,a,c,h,a,p,i,s,h,a
c,h,a,p,i,s,h,a,&,c,h,a,f,y,a,#,a,m,e,c,h,a,f,y,a,$,V,PRF,FIN,IND,SG,3,PST	a,m,e,c,h,a,p,i,s,h,a
c,h,a,p,i,s,h,a,&,c,h,a,f,i,a,#,n,i,n,a,c,h,a,f,i,a,$,V,DEF,FIN,IND,SG,1,PRS	n,i,n,a,c,h,a,p,i,s,h,a
c,h,a,p,i,s,h,a,&,c,h,a,f,y,a,#,a,n,g,e,c,h,a,f,y,a,$,V,FIN,COND,SG,3,PRS	a,n,g,e,c,h,a,p,i,s,h,a
c,h,a,p,i,s,h,a,&,c,h,a,f,y,a,#,n,i,n,g,e,c,h,a,f,y,a,$,V,FIN,COND,SG,1,PRS	n,i,n,g,e,c,h,a,p,i,s,h,a
c,h,a,p,i,s,h,a,&,c,h,a,f,y,a,#,a,n,a,c,h,a,f,y,a,$,V,DEF,FIN,IND,SG,3,PRS	a,n,a,c,h,a,p,i,s,h,a
c,h,a,p,i,s,h,a,&,c,h,a,f,y,a,#,m,t,a,c,h,a,f,y,a,$,V,FIN,IND,PL,2,FUT	m,t,a,c,h,a,p,i,s,h,a
c,h,a,p,i,s,h,a,&,c,h,a,f,y,a,#,u,t,a,c,h,a,f,y,a,$,V,FIN,IND,SG,2,FUT	u,t,a,c,h,a,p,i,s,h,a
c,h,a,p,i,s,h,a,&,c,h,a,f,y,a,#,w,a,n,g,e,c,h,a,f,y,a,$,V,FIN,COND,PL,3,PRS	w,a,n,g,e,c,h,a,p,i,s,h,a
c,h,a,p,i,s,h,a,&,c,h,a,i,y,a,#,t,u,m,e,c,h,a,i,y,a,$,V,PRF,FIN,IND,PL,1,PST	t,u,m,e,c,h,a,p,i,s,h,a
c,h,a,p,i,s,h,a,&,c,h,a,f,y,a,#,w,a,h,u,c,h,a,f,y,a,$,V,HAB,FIN,IND,PL,3,PRS	w,a,h,u,c,h,a,p,i,s,h,a
c,h,a,p,i,s,h,a,&,c,h,a,f,y,a,#,a,l,i,c,h,a,f,y,a,$,V,FIN,IND,SG,3,PST	a,l,i,c,h,a,p,i,s,h,a
c,h,a,p,i,s,h,a,&,c,h,a,f,y,a,#,w,a,a,c,h,a,f,y,a,$,V,INDF,FIN,IND,PL,3,PRS	w,a,a,c,h,a,p,i,s,h,a
c,h,a,p,i,s,h,a,&,c,h,a,f,y,a,#,m,h,u,c,h,a,f,y,a,$,V,HAB,FIN,IND,PL,2,PRS	m,h,u,c,h,a,p,i,s,h,a
c,h,a,p,i,s,h,a,&,c,h,a,f,y,a,#,m,l,i,c,h,a,f,y,a,$,V,FIN,IND,PL,2,PST	m,l,i,c,h,a,p,i,s,h,a
c,h,a,p,i,s,h,a,&,c,h,a,f,y,a,#,u,a,c,h,a,f,y,a,$,V,INDF,FIN,IND,SG,2,PRS	u,a,c,h,a,p,i,s,h,a
c,h,a,p,i,s,h,a,&,c,h,a,f,y,a,#,m,m,e,c,h,a,f,y,a,$,V,PRF,FIN,IND,PL,2,PST	m,m,e,c,h,a,p,i,s,h,a
c,h,a,p,i,s,h,a,&,c,h,p,i,a,#,t,u,n,g,a,l,i,c,h,p,i,a,$,V,FIN,COND,PL,1,PST	t,u,n,g,a,l,i,c,h,a,p,i,s,h,a
c,h,a,p,i,s,h,a,&,c,h,a,f,y,a,#,m,n,a,c,h,a,f,y,a,$,V,DEF,FIN,IND,PL,2,PRS	m,n,a,c,h,a,p,i,s,h,a
c,h,a,p,i,s,h,a,&,c,h,a,f,y,a,#,w,a,l,i,c,h,a,f,y,a,$,V,FIN,IND,PL,3,PST	w,a,l,i,c,h,a,p,i,s,h,a
c,h,a,p,i,s,h,a,&,c,h,a,f,y,a,#,t,u,t,a,c,h,a,f,y,a,$,V,FIN,IND,PL,1,FUT	t,u,t,a,c,h,a,p,i,s,h,a
c,h,a,p,i,s,h,a,&,c,h,u,p,i,a,#,a,n,g,a,l,i,c,h,u,p,i,a,$,V,FIN,COND,SG,3,PST	a,n,g,a,l,i,c,h,a,p,i,s,h,a
c,h,a,p,i,s,h,a,&,c,h,a,f,y,a,#,u,n,g,e,c,h,a,f,y,a,$,V,FIN,COND,SG,2,PRS	u,n,g,e,c,h,a,p,i,s,h,a
c,h,a,p,i,s,h,a,&,c,h,a,f,y,a,#,u,m,e,c,h,a,f,y,a,$,V,PRF,FIN,IND,SG,2,PST	u,m,e,c,h,a,p,i,s,h,a
c,h,a,p,i,s,h,a,&,c,h,a,f,y,a,#,w,a,m,e,c,h,a,f,y,a,$,V,PRF,FIN,IND,PL,3,PST	w,a,m,e,c,h,a,p,i,s,h,a
c,h,a,p,i,s,h,a,&,c,h,a,f,y,a,#,n,i,n,g,a,l,i,c,h,a,f,y,a,$,V,FIN,COND,SG,1,PST	n,i,n,g,a,l,i,c,h,a,p,i,s,h,a
c,h,a,p,i,s,h,a,&,c,h,a,f,y,a,#,u,h,u,c,h,a,f,y,a,$,V,HAB,FIN,IND,SG,2,PRS	u,h,u,c,h,a,p,i,s,h,a
c,h,a,p,i,s,h,a,&,c,h,a,f,y,a,#,t,u,a,c,h,a,f,y,a,$,V,INDF,FIN,IND,PL,1,PRS	t,u,a,c,h,a,p,i,s,h,a
c,h,a,p,i,s,h,a,&,c,h,a,f,y,a,#,n,i,l,i,c,h,a,f,y,a,$,V,FIN,IND,SG,1,PST	n,i,l,i,c,h,a,p,i,s,h,a
c,h,a,p,i,s,h,a,&,c,h,a,p,h,a,#,w,a,n,g,a,l,i,c,h,a,p,h,a,$,V,FIN,COND,PL,3,PST	w,a,n,g,a,l,i,c,h,a,p,i,s,h,a
c,h,a,p,i,s,h,a,&,c,h,a,f,y,a,#,u,n,a,c,h,a,f,y,a,$,V,DEF,FIN,IND,SG,2,PRS	u,n,a,c,h,a,p,i,s,h,a
c,h,a,p,i,s,h,a,&,c,h,a,f,y,a,#,t,u,h,u,c,h,a,f,y,a,$,V,HAB,FIN,IND,PL,1,PRS	t,u,h,u,c,h,a,p,i,s,h,a
c,h,a,p,i,s,h,a,&,c,h,a,f,y,a,#,n,i,a,c,h,a,f,y,a,$,V,INDF,FIN,IND,SG,1,PRS	n,i,a,c,h,a,p,i,s,h,a
t,a,f,u,t,a,&,t,a,g,u,z,a,#,n,i,l,i,t,a,g,u,z,a,$,V,FIN,IND,SG,1,PST	n,i,l,i,t,a,f,u,t,a
t,a,f,u,t,a,&,k,a,u,s,h,a,#,t,u,n,a,k,a,u,s,h,a,$,V,DEF,FIN,IND,PL,1,PRS	t,u,n,a,t,a,f,u,t,a
t,a,f,u,t,a,&,k,a,u,s,h,a,#,n,i,n,g,a,l,i,k,a,u,s,h,a,$,V,FIN,COND,SG,1,PST	n,i,n,g,a,l,i,t,a,f,u,t,a
t,a,f,u,t,a,&,s,c,f,u,t,a,#,t,u,n,g,e,s,c,f,u,t,a,$,V,FIN,COND,PL,1,PRS	t,u,n,g,e,t,a,f,u,t,a
t,a,f,u,t,a,&,s,i,f,u,t,a,#,a,l,i,s,i,f,u,t,a,$,V,FIN,IND,SG,3,PST	a,l,i,t,a,f,u,t,a
t,a,f,u,t,a,&,t,a,z,a,t,a,#,t,u,m,e,t,a,z,a,t,a,$,V,PRF,FIN,IND,PL,1,PST	t,u,m,e,t,a,f,u,t,a
t,a,f,u,t,a,&,k,a,u,s,h,a,#,m,n,g,e,k,a,u,s,h,a,$,V,FIN,COND,PL,2,PRS	m,n,g,e,t,a,f,u,t,a
t,a,f,u,t,a,&,k,a,u,s,h,a,#,w,a,l,i,k,a,u,s,h,a,$,V,FIN,IND,PL,3,PST	w,a,l,i,t,a,f,u,t,a
t,a,f,u,t,a,&,k,a,u,s,h,a,#,m,a,k,a,u,s,h,a,$,V,INDF,FIN,IND,PL,2,PRS	m,a,t,a,f,u,t,a
t,a,f,u,t,a,&,t,z,z,u,t,a,#,t,u,a,t,z,z,u,t,a,$,V,INDF,FIN,IND,PL,1,PRS	t,u,a,t,a,f,u,t,a
t,a,f,u,t,a,&,k,a,u,s,h,a,#,k,u,k,a,u,s,h,a,$,V,FIN	k,u,t,a,f,u,t,a
t,a,f,u,t,a,&,k,a,u,s,h,a,#,n,i,t,a,k,a,u,s,h,a,$,V,FIN,IND,SG,1,FUT	n,i,t,a,t,a,f,u,t,a
t,a,f,u,t,a,&,k,a,u,s,h,a,#,t,u,h,u,k,a,u,s,h,a,$,V,HAB,FIN,IND,PL,1,PRS	t,u,h,u,t,a,f,u,t,a
t,a,f,u,t,a,&,k,a,u,s,h,a,#,a,n,g,e,k,a,u,s,h,a,$,V,FIN,COND,SG,3,PRS	a,n,g,e,t,a,f,u,t,a
t,a,f,u,t,a,&,k,a,u,s,h,a,#,w,a,m,e,k,a,u,s,h,a,$,V,PRF,FIN,IND,PL,3,PST	w,a,m,e,t,a,f,u,t,a
t,a,f,u,t,a,&,k,a,u,s,h,a,#,u,h,u,k,a,u,s,h,a,$,V,HAB,FIN,IND,SG,2,PRS	u,h,u,t,a,f,u,t,a
t,a,f,u,t,a,&,k,a,u,s,h,a,#,u,n,g,e,k,a,u,s,h,a,$,V,FIN,COND,SG,2,PRS	u,n,g,e,t,a,f,u,t,a
t,a,f,u,t,a,&,k,a,u,s,h,a,#,m,n,a,k,a,u,s,h,a,$,V,DEF,FIN,IND,PL,2,PRS	m,n,a,t,a,f,u,t,a
t,a,f,u,t,a,&,k,a,u,s,h,a,#,u,m,e,k,a,u,s,h,a,$,V,PRF,FIN,IND,SG,2,PST	u,m,e,t,a,f,u,t,a
t,a,f,u,t,a,&,k,a,u,s,h,a,#,u,n,a,k,a,u,s,h,a,$,V,DEF,FIN,IND,SG,2,PRS	u,n,a,t,a,f,u,t,a
t,a,f,u,t,a,&,k,a,u,s,h,a,#,w,a,h,u,k,a,u,s,h,a,$,V,HAB,FIN,IND,PL,3,PRS	w,a,h,u,t,a,f,u,t,a
t,a,f,u,t,a,&,k,a,u,s,h,a,#,a,m,e,k,a,u,s,h,a,$,V,PRF,FIN,IND,SG,3,PST	a,m,e,t,a,f,u,t,a
t,a,f,u,t,a,&,k,a,u,s,h,a,#,a,n,g,a,l,i,k,a,u,s,h,a,$,V,FIN,COND,SG,3,PST	a,n,g,a,l,i,t,a,f,u,t,a
t,a,f,u,t,a,&,k,a,u,s,h,a,#,n,i,h,u,k,a,u,s,h,a,$,V,HAB,FIN,IND,SG,1,PRS	n,i,h,u,t,a,f,u,t,a
t,a,f,u,t,a,&,k,a,u,s,h,a,#,u,n,g,a,l,i,k,a,u,s,h,a,$,V,FIN,COND,SG,2,PST	u,n,g,a,l,i,t,a,f,u,t,a
t,a,f,u,t,a,&,t,a,t,a,#,m,l,i,t,a,t,a,$,V,FIN,IND,PL,2,PST	m,l,i,t,a,f,u,t,a
t,a,f,u,t,a,&,t,e,w,u,t,a,#,w,a,n,a,t,e,w,u,t,a,$,V,DEF,FIN,IND,PL,3,PRS	w,a,n,a,t,a,f,u,t,a
t,a,f,u,t,a,&,k,a,u,s,h,a,#,u,t,a,k,a,u,s,h,a,$,V,FIN,IND,SG,2,FUT	u,t,a,t,a,f,u,t,a
t,a,f,u,t,a,&,k,a,u,s,h,a,#,a,h,u,k,a,u,s,h,a,$,V,HAB,FIN,IND,SG,3,PRS	a,h,u,t,a,f,u,t,a
t,a,f,u,t,a,&,t,a,u,a,#,a,t,a,t,a,u,a,$,V,FIN,IND,SG,3,FUT	a,t,a,t,a,f,u,t,a
t,a,f,u,t,a,&,k,a,u,s,h,a,#,a,n,a,k,a,u,s,h,a,$,V,DEF,FIN,IND,SG,3,PRS	a,n,a,t,a,f,u,t,a
t,a,f,u,t,a,&,t,a,j,k,t,a,#,w,a,n,g,a,l,i,t,a,j,k,t,a,$,V,FIN,COND,PL,3,PST	w,a,n,g,a,l,i,t,a,f,u,t,a
t,a,f,u,t,a,&,k,a,u,s,h,a,#,a,a,k,a,u,s,h,a,$,V,INDF,FIN,IND,SG,3,PRS	a,a,t,a,f,u,t,a
t,a,f,u,t,a,&,t,a,t,a,#,n,i,m,e,t,a,t,a,$,V,PRF,FIN,IND,SG,1,PST	n,i,m,e,t,a,f,u,t,a
t,a,f,u,t,a,&,t,a,u,a,#,n,i,a,t,a,u,a,$,V,INDF,FIN,IND,SG,1,PRS	n,i,a,t,a,f,u,t,a
t,a,f,u,t,a,&,k,a,u,s,h,a,#,n,i,n,g,e,k,a,u,s,h,a,$,V,FIN,COND,SG,1,PRS	n,i,n,g,e,t,a,f,u,t,a
t,a,f,u,t,a,&,k,a,u,s,h,a,#,m,t,a,k,a,u,s,h,a,$,V,FIN,IND,PL,2,FUT	m,t,a,t,a,f,u,t,a
t,a,f,u,t,a,&,k,a,u,s,h,a,#,t,u,l,i,k,a,u,s,h,a,$,V,FIN,IND,PL,1,PST	t,u,l,i,t,a,f,u,t,a
t,a,f,u,t,a,&,k,a,u,s,h,a,#,w,a,a,k,a,u,s,h,a,$,V,INDF,FIN,IND,PL,3,PRS	w,a,a,t,a,f,u,t,a
t,a,f,u,t,a,&,k,a,u,s,h,a,#,u,l,i,k,a,u,s,h,a,$,V,FIN,IND,SG,2,PST	u,l,i,t,a,f,u,t,a
t,a,f,u,t,a,&,k,a,u,s,h,a,#,w,a,t,a,k,a,u,s,h,a,$,V,FIN,IND,PL,3,FUT	w,a,t,a,t,a,f,u,t,a
t,a,f,u,t,a,&,k,a,u,s,h,a,#,m,h,u,k,a,u,s,h,a,$,V,HAB,FIN,IND,PL,2,PRS	m,h,u,t,a,f,u,t,a
t,a,f,u,t,a,&,k,a,u,s,h,a,#,t,u,t,a,k,a,u,s,h,a,$,V,FIN,IND,PL,1,FUT	t,u,t,a,t,a,f,u,t,a
t,a,f,u,t,a,&,k,a,u,s,h,a,#,w,a,n,g,e,k,a,u,s,h,a,$,V,FIN,COND,PL,3,PRS	w,a,n,g,e,t,a,f,u,t,a
t,a,f,u,t,a,&,k,a,u,s,h,a,#,m,m,e,k,a,u,s,h,a,$,V,PRF,FIN,IND,PL,2,PST	m,m,e,t,a,f,u,t,a
t,a,f,u,t,a,&,k,a,u,s,h,a,#,m,n,g,a,l,i,k,a,u,s,h,a,$,V,FIN,COND,PL,2,PST	m,n,g,a,l,i,t,a,f,u,t,a
t,a,f,u,t,a,&,k,a,u,s,h,a,#,n,i,n,a,k,a,u,s,h,a,$,V,DEF,FIN,IND,SG,1,PRS	n,i,n,a,t,a,f,u,t,a
t,a,f,u,t,a,&,k,a,u,s,h,a,#,u,a,k,a,u,s,h,a,$,V,INDF,FIN,IND,SG,2,PRS	u,a,t,a,f,u,t,a
t,a,f,u,t,a,&,k,a,u,s,h,a,#,t,u,n,g,a,l,i,k,a,u,s,h,a,$,V,FIN,COND,PL,1,PST	t,u,n,g,a,l,i,t,a,f,u,t,a
t,a,f,u,n,a,&,k,a,u,s,h,a,#,w,a,m,e,k,a,u,s,h,a,$,V,PRF,FIN,IND,PL,3,PST	w,a,m,e,t,a,f,u,n,a
t,a,f,u,n,a,&,t,a,g,u,z,a,#,n,i,l,i,t,a,g,u,z,a,$,V,FIN,IND,SG,1,PST	n,i,l,i,t,a,f,u,n,a
t,a,f,u,n,a,&,k,a,u,s,h,a,#,m,a,k,a,u,s,h,a,$,V,INDF,FIN,IND,PL,2,PRS	m,a,t,a,f,u,n,a
t,a,f,u,n,a,&,k,a,u,s,h,a,#,a,n,a,k,a,u,s,h,a,$,V,DEF,FIN,IND,SG,3,PRS	a,n,a,t,a,f,u,n,a
t,a,f,u,n,a,&,k,a,u,s,h,a,#,u,n,g,e,k,a,u,s,h,a,$,V,FIN,COND,SG,2,PRS	u,n,g,e,t,a,f,u,n,a
t,a,f,u,n,a,&,k,a,u,s,h,a,#,w,a,l,i,k,a,u,s,h,a,$,V,FIN,IND,PL,3,PST	w,a,l,i,t,a,f,u,n,a
t,a,f,u,n,a,&,k,a,u,s,h,a,#,u,l,i,k,a,u,s,h,a,$,V,FIN,IND,SG,2,PST	u,l,i,t,a,f,u,n,a
t,a,f,u,n,a,&,k,a,u,s,h,a,#,n,i,h,u,k,a,u,s,h,a,$,V,HAB,FIN,IND,SG,1,PRS	n,i,h,u,t,a,f,u,n,a
t,a,f,u,n,a,&,t,a,u,a,#,n,i,a,t,a,u,a,$,V,INDF,FIN,IND,SG,1,PRS	n,i,a,t,a,f,u,n,a
t,a,f,u,n,a,&,k,a,u,s,h,a,#,m,n,a,k,a,u,s,h,a,$,V,DEF,FIN,IND,PL,2,PRS	m,n,a,t,a,f,u,n,a
t,a,f,u,n,a,&,k,a,u,s,h,a,#,u,h,u,k,a,u,s,h,a,$,V,HAB,FIN,IND,SG,2,PRS	u,h,u,t,a,f,u,n,a
t,a,f,u,n,a,&,k,a,u,s,h,a,#,n,i,m,e,k,a,u,s,h,a,$,V,PRF,FIN,IND,SG,1,PST	n,i,m,e,t,a,f,u,n,a
t,a,f,u,n,a,&,k,a,u,s,h,a,#,t,u,l,i,k,a,u,s,h,a,$,V,FIN,IND,PL,1,PST	t,u,l,i,t,a,f,u,n,a
t,a,f,u,n,a,&,k,a,u,s,h,a,#,w,a,n,g,a,l,i,k,a,u,s,h,a,$,V,FIN,COND,PL,3,PST	w,a,n,g,a,l,i,t,a,f,u,n,a
t,a,f,u,n,a,&,k,a,u,s,h,a,#,a,n,g,e,k,a,u,s,h,a,$,V,FIN,COND,SG,3,PRS	a,n,g,e,t,a,f,u,n,a
t,a,f,u,n,a,&,k,a,u,s,h,a,#,t,u,h,u,k,a,u,s,h,a,$,V,HAB,FIN,IND,PL,1,PRS	t,u,h,u,t,a,f,u,n,a
t,a,f,u,n,a,&,k,a,u,s,h,a,#,u,t,a,k,a,u,s,h,a,$,V,FIN,IND,SG,2,FUT	u,t,a,t,a,f,u,n,a
t,a,f,u,n,a,&,k,a,u,s,h,a,#,m,l,i,k,a,u,s,h,a,$,V,FIN,IND,PL,2,PST	m,l,i,t,a,f,u,n,a
t,a,f,u,n,a,&,k,a,u,s,h,a,#,a,m,e,k,a,u,s,h,a,$,V,PRF,FIN,IND,SG,3,PST	a,m,e,t,a,f,u,n,a
t,a,f,u,n,a,&,t,f,i,n,a,#,m,h,u,t,f,i,n,a,$,V,HAB,FIN,IND,PL,2,PRS	m,h,u,t,a,f,u,n,a
t,a,f,u,n,a,&,k,a,u,s,h,a,#,a,h,u,k,a,u,s,h,a,$,V,HAB,FIN,IND,SG,3,PRS	a,h,u,t,a,f,u,n,a
t,a,f,u,n,a,&,k,a,u,s,h,a,#,w,a,h,u,k,a,u,s,h,a,$,V,HAB,FIN,IND,PL,3,PRS	w,a,h,u,t,a,f,u,n,a
t,a,f,u,n,a,&,t,a,z,l,n,a,#,w,a,n,a,t,a,z,l,n,a,$,V,DEF,FIN,IND,PL,3,PRS	w,a,n,a,t,a,f,u,n,a
t,a,f,u,n,a,&,k,a,u,s,h,a,#,a,l,i,k,a,u,s,h,a,$,V,FIN,IND,SG,3,PST	a,l,i,t,a,f,u,n,a
t,a,f,u,n,a,&,k,a,u,s,h,a,#,k,u,k,a,u,s,h,a,$,V,FIN	k,u,t,a,f,u,n,a
t,a,f,u,n,a,&,t,a,u,a,#,a,t,a,t,a,u,a,$,V,FIN,IND,SG,3,FUT	a,t,a,t,a,f,u,n,a
t,a,f,u,n,a,&,k,a,u,s,h,a,#,w,a,n,g,e,k,a,u,s,h,a,$,V,FIN,COND,PL,3,PRS	w,a,n,g,e,t,a,f,u,n,a
t,a,f,u,n,a,&,k,a,u,s,h,a,#,u,n,a,k,a,u,s,h,a,$,V,DEF,FIN,IND,SG,2,PRS	u,n,a,t,a,f,u,n,a
t,a,f,u,n,a,&,k,a,u,s,h,a,#,m,n,g,a,l,i,k,a,u,s,h,a,$,V,FIN,COND,PL,2,PST	m,n,g,a,l,i,t,a,f,u,n,a
t,a,f,u,n,a,&,k,a,u,s,h,a,#,t,u,n,g,e,k,a,u,s,h,a,$,V,FIN,COND,PL,1,PRS	t,u,n,g,e,t,a,f,u,n,a
t,a,f,u,n,a,&,k,a,u,s,h,a,#,a,a,k,a,u,s,h,a,$,V,INDF,FIN,IND,SG,3,PRS	a,a,t,a,f,u,n,a
t,a,f,u,n,a,&,k,a,u,s,h,a,#,t,u,a,k,a,u,s,h,a,$,V,INDF,FIN,IND,PL,1,PRS	t,u,a,t,a,f,u,n,a
t,a,f,u,n,a,&,k,a,u,s,h,a,#,w,a,t,a,k,a,u,s,h,a,$,V,FIN,IND,PL,3,FUT	w,a,t,a,t,a,f,u,n,a
t,a,f,u,n,a,&,c,g,f,u,n,a,#,n,i,n,g,e,c,g,f,u,n,a,$,V,FIN,COND,SG,1,PRS	n,i,n,g,e,t,a,f,u,n,a
t,a,f,u,n,a,&,k,a,u,s,h,a,#,t,u,t,a,k,a,u,s,h,a,$,V,FIN,IND,PL,1,FUT	t,u,t,a,t,a,f,u,n,a
t,a,f,u,n,a,&,j,a,f,u,n,z,a,#,m,n,g,e,j,a,f,u,n,z,a,$,V,FIN,COND,PL,2,PRS	m,n,g,e,t,a,f,u,n,a
t,a,f,u,n,a,&,k,a,u,s,h,a,#,n,i,n,g,a,l,i,k,a,u,s,h,a,$,V,FIN,COND,SG,1,PST	n,i,n,g,a,l,i,t,a,f,u,n,a
t,a,f,u,n,a,&,k,a,u,s,h,a,#,u,m,e,k,a,u,s,h,a,$,V,PRF,FIN,IND,SG,2,PST	u,m,e,t,a,f,u,n,a
t,a,f,u,n,a,&,k,a,u,s,h,a,#,t,u,m,e,k,a,u,s,h,a,$,V,PRF,FIN,IND,PL,1,PST	t,u,m,e,t,a,f,u,n,a
t,a,f,u,n,a,&,k,a,u,s,h,a,#,w,a,a,k,a,u,s,h,a,$,V,INDF,FIN,IND,PL,3,PRS	w,a,a,t,a,f,u,n,a
t,a,f,u,n,a,&,k,a,u,s,h,a,#,n,i,t,a,k,a,u,s,h,a,$,V,FIN,IND,SG,1,FUT	n,i,t,a,t,a,f,u,n,a
t,a,f,u,n,a,&,k,a,u,s,h,a,#,n,i,n,a,k,a,u,s,h,a,$,V,DEF,FIN,IND,SG,1,PRS	n,i,n,a,t,a,f,u,n,a
t,a,f,u,n,a,&,k,a,u,s,h,a,#,u,a,k,a,u,s,h,a,$,V,INDF,FIN,IND,SG,2,PRS	u,a,t,a,f,u,n,a
t,a,f,u,n,a,&,k,a,u,s,h,a,#,m,t,a,k,a,u,s,h,a,$,V,FIN,IND,PL,2,FUT	m,t,a,t,a,f,u,n,a
t,a,f,u,n,a,&,t,a,m,a,n,a,#,a,n,g,a,l,i,t,a,m,a,n,a,$,V,FIN,COND,SG,3,PST	a,n,g,a,l,i,t,a,f,u,n,a
t,a,f,u,n,a,&,k,a,u,s,h,a,#,t,u,n,a,k,a,u,s,h,a,$,V,DEF,FIN,IND,PL,1,PRS	t,u,n,a,t,a,f,u,n,a
t,a,f,u,n,a,&,k,a,u,s,h,a,#,m,m,e,k,a,u,s,h,a,$,V,PRF,FIN,IND,PL,2,PST	m,m,e,t,a,f,u,n,a
t,a,f,u,n,a,&,k,a,u,s,h,a,#,t,u,n,g,a,l,i,k,a,u,s,h,a,$,V,FIN,COND,PL,1,PST	t,u,n,g,a,l,i,t,a,f,u,n,a
t,a,f,u,n,a,&,k,a,u,s,h,a,#,u,n,g,a,l,i,k,a,u,s,h,a,$,V,FIN,COND,SG,2,PST	u,n,g,a,l,i,t,a,f,u,n,a
k,a,a,&,k,a,t,a,#,u,t,a,k,a,t,a,$,V,FIN,IND,SG,2,FUT	u,t,a,k,a,a
k,a,a,&,k,a,t,a,#,w,a,a,k,a,t,a,$,V,INDF,FIN,IND,PL,3,PRS	w,a,a,k,a,a
k,a,a,&,k,a,t,a,#,u,n,g,a,l,i,k,a,t,a,$,V,FIN,COND,SG,2,PST	u,n,g,a,l,i,k,a,a
k,a,a,&,k,a,t,a,#,m,t,a,k,a,t,a,$,V,FIN,IND,PL,2,FUT	m,t,a,k,a,a
k,a,a,&,k,a,t,a,#,n,i,n,g,a,l,i,k,a,t,a,$,V,FIN,COND,SG,1,PST	n,i,n,g,a,l,i,k,a,a
k,a,a,&,k,a,t,a,#,t,u,l,i,k,a,t,a,$,V,FIN,IND,PL,1,PST	t,u,l,i,k,a,a
k,a,a,&,k,a,t,a,#,t,u,n,g,e,k,a,t,a,$,V,FIN,COND,PL,1,PRS	t,u,n,g,e,k,a,a
k,a,a,&,k,a,t,a,#,u,l,i,k,a,t,a,$,V,FIN,IND,SG,2,PST	u,l,i,k,a,a
k,a,a,&,k,a,t,a,#,u,n,g,e,k,a,t,a,$,V,FIN,COND,SG,2,PRS	u,n,g,e,k,a,a
k,a,a,&,k,a,t,a,#,t,u,t,a,k,a,t,a,$,V,FIN,IND,PL,1,FUT	t,u,t,a,k,a,a
k,a,a,&,k,a,t,a,#,w,a,t,a,k,a,t,a,$,V,FIN,IND,PL,3,FUT	w,a,t,a,k,a,a
k,a,a,&,k,a,t,a,#,u,m,e,k,a,t,a,$,V,PRF,FIN,IND,SG,2,PST	u,m,e,k,a,a
k,a,a,&,k,a,t,a,#,m,n,a,k,a,t,a,$,V,DEF,FIN,IND,PL,2,PRS	m,n,a,k,a,a
k,a,a,&,k,a,t,a,#,w,a,h,u,k,a,t,a,$,V,HAB,FIN,IND,PL,3,PRS	w,a,h,u,k,a,a
k,a,a,&,k,a,t,a,#,a,n,a,k,a,t,a,$,V,DEF,FIN,IND,SG,3,PRS	a,n,a,k,a,a
k,a,a,&,k,a,t,a,#,w,a,l,i,k,a,t,a,$,V,FIN,IND,PL,3,PST	w,a,l,i,k,a,a
k,a,a,&,k,a,t,a,#,u,h,u,k,a,t,a,$,V,HAB,FIN,IND,SG,2,PRS	u,h,u,k,a,a
k,a,a,&,k,a,t,a,#,t,u,n,a,k,a,t,a,$,V,DEF,FIN,IND,PL,1,PRS	t,u,n,a,k,a,a
k,a,a,&,k,a,t,a,#,t,u,h,u,k,a,t,a,$,V,HAB,FIN,IND,PL,1,PRS	t,u,h,u,k,a,a
k,a,a,&,k,a,t,a,#,a,m,e,k,a,t,a,$,V,PRF,FIN,IND,SG,3,PST	a,m,e,k,a,a
k,a,a,&,k,a,t,a,#,n,i,n,g,e,k,a,t,a,$,V,FIN,COND,SG,1,PRS	n,i,n,g,e,k,a,a
k,a,a,&,k,a,t,a,#,a,n,g,e,k,a,t,a,$,V,FIN,COND,SG,3,PRS	a,n,g,e,k,a,a
k,a,a,&,k,a,t,a,#,w,a,m,e,k,a,t,a,$,V,PRF,FIN,IND,PL,3,PST	w,a,m,e,k,a,a
k,a,a,&,k,a,t,a,#,a,a,k,a,t,a,$,V,INDF,FIN,IND,SG,3,PRS	a,a,k,a,a
k,a,a,&,k,a,t,a,#,u,a,k,a,t,a,$,V,INDF,FIN,IND,SG,2,PRS	u,a,k,a,a
k,a,a,&,k,a,t,a,#,m,h,u,k,a,t,a,$,V,HAB,FIN,IND,PL,2,PRS	m,h,u,k,a,a
k,a,a,&,k,a,t,a,#,n,i,l,i,k,a,t,a,$,V,FIN,IND,SG,1,PST	n,i,l,i,k,a,a
k,a,a,&,k,a,t,a,#,m,a,k,a,t,a,$,V,INDF,FIN,IND,PL,2,PRS	m,a,k,a,a
k,a,a,&,k,a,t,a,#,n,i,t,a,k,a,t,a,$,V,FIN,IND,SG,1,FUT	n,i,t,a,k,a,a
k,a,a,&,k,a,t,a,#,n,i,a,k,a,t,a,$,V,INDF,FIN,IND,SG,1,PRS	n,i,a,k,a,a
k,a,a,&,k,a,t,a,#,a,t,a,k,a,t,a,$,V,FIN,IND,SG,3,FUT	a,t,a,k,a,a
k,a,a,&,k,a,t,a,#,a,h,u,k,a,t,a,$,V,HAB,FIN,IND,SG,3,PRS	a,h,u,k,a,a
k,a,a,&,k,a,t,a,#,u,n,a,k,a,t,a,$,V,DEF,FIN,IND,SG,2,PRS	u,n,a,k,a,a
k,a,a,&,k,a,t,a,#,a,l,i,k,a,t,a,$,V,FIN,IND,SG,3,PST	a,l,i,k,a,a
k,a,a,&,k,a,t,a,#,w,a,n,a,k,a,t,a,$,V,DEF,FIN,IND,PL,3,PRS	w,a,n,a,k,a,a
k,a,a,&,k,a,t,a,#,w,a,n,g,e,k,a,t,a,$,V,FIN,COND,PL,3,PRS	w,a,n,g,e,k,a,a
k,a,a,&,k,a,t,a,#,m,n,g,e,k,a,t,a,$,V,FIN,COND,PL,2,PRS	m,n,g,e,k,a,a
k,a,a,&,k,a,t,a,#,t,u,a,k,a,t,a,$,V,INDF,FIN,IND,PL,1,PRS	t,u,a,k,a,a
k,a,a,&,k,a,t,a,#,n,i,m,e,k,a,t,a,$,V,PRF,FIN,IND,SG,1,PST	n,i,m,e,k,a,a
k,a,a,&,k,a,t,a,#,w,a,n,g,a,l,i,k,a,t,a,$,V,FIN,COND,PL,3,PST	w,a,n,g,a,l,i,k,a,a
k,a,a,&,k,a,t,a,#,n,i,n,a,k,a,t,a,$,V,DEF,FIN,IND,SG,1,PRS	n,i,n,a,k,a,a
k,a,a,&,k,a,t,a,#,a,n,g,a,l,i,k,a,t,a,$,V,FIN,COND,SG,3,PST	a,n,g,a,l,i,k,a,a
k,a,a,&,k,a,t,a,#,n,i,h,u,k,a,t,a,$,V,HAB,FIN,IND,SG,1,PRS	n,i,h,u,k,a,a
k,a,a,&,k,a,t,a,#,m,n,g,a,l,i,k,a,t,a,$,V,FIN,COND,PL,2,PST	m,n,g,a,l,i,k,a,a
k,a,a,&,k,a,t,a,#,m,l,i,k,a,t,a,$,V,FIN,IND,PL,2,PST	m,l,i,k,a,a
k,a,a,&,k,a,t,a,#,k,u,k,a,t,a,$,V,FIN	k,u,k,a,a
k,a,a,&,k,a,t,a,#,t,u,n,g,a,l,i,k,a,t,a,$,V,FIN,COND,PL,1,PST	t,u,n,g,a,l,i,k,a,a
k,a,a,&,k,a,t,a,#,t,u,m,e,k,a,t,a,$,V,PRF,FIN,IND,PL,1,PST	t,u,m,e,k,a,a
k,a,a,&,k,a,t,a,#,m,m,e,k,a,t,a,$,V,PRF,FIN,IND,PL,2,PST	m,m,e,k,a,a
k,a,m,a,t,a,&,k,a,t,a,#,w,a,n,g,e,k,a,t,a,$,V,FIN,COND,PL,3,PRS	w,a,n,g,e,k,a,m,a,t,a
k,a,m,a,t,a,&,k,a,t,a,#,m,n,g,e,k,a,t,a,$,V,FIN,COND,PL,2,PRS	m,n,g,e,k,a,m,a,t,a
k,a,m,a,t,a,&,k,a,t,a,#,t,u,n,g,a,l,i,k,a,t,a,$,V,FIN,COND,PL,1,PST	t,u,n,g,a,l,i,k,a,m,a,t,a
k,a,m,a,t,a,&,k,a,t,a,#,a,h,u,k,a,t,a,$,V,HAB,FIN,IND,SG,3,PRS	a,h,u,k,a,m,a,t,a
k,a,m,a,t,a,&,k,a,t,a,#,w,a,l,i,k,a,t,a,$,V,FIN,IND,PL,3,PST	w,a,l,i,k,a,m,a,t,a
k,a,m,a,t,a,&,k,a,t,a,#,w,a,n,g,a,l,i,k,a,t,a,$,V,FIN,COND,PL,3,PST	w,a,n,g,a,l,i,k,a,m,a,t,a
k,a,m,a,t,a,&,k,a,t,a,#,u,h,u,k,a,t,a,$,V,HAB,FIN,IND,SG,2,PRS	u,h,u,k,a,m,a,t,a
k,a,m,a,t,a,&,k,a,t,a,#,m,a,k,a,t,a,$,V,INDF,FIN,IND,PL,2,PRS	m,a,k,a,m,a,t,a
k,a,m,a,t,a,&,k,a,t,a,#,m,n,g,a,l,i,k,a,t,a,$,V,FIN,COND,PL,2,PST	m,n,g,a,l,i,k,a,m,a,t,a
k,a,m,a,t,a,&,k,a,t,a,#,t,u,l,i,k,a,t,a,$,V,FIN,IND,PL,1,PST	t,u,l,i,k,a,m,a,t,a
k,a,m,a,t,a,&,k,a,t,a,#,w,a,m,e,k,a,t,a,$,V,PRF,FIN,IND,PL,3,PST	w,a,m,e,k,a,m,a,t,a
k,a,m,a,t,a,&,k,a,t,a,#,a,l,i,k,a,t,a,$,V,FIN,IND,SG,3,PST	a,l,i,k,a,m,a,t,a
k,a,m,a,t,a,&,k,a,t,a,#,n,i,t,a,k,a,t,a,$,V,FIN,IND,SG,1,FUT	n,i,t,a,k,a,m,a,t,a
k,a,m,a,t,a,&,k,a,t,a,#,u,l,i,k,a,t,a,$,V,FIN,IND,SG,2,PST	u,l,i,k,a,m,a,t,a
k,a,m,a,t,a,&,k,a,t,a,#,a,t,a,k,a,t,a,$,V,FIN,IND,SG,3,FUT	a,t,a,k,a,m,a,t,a
k,a,m,a,t,a,&,k,a,t,a,#,a,n,g,a,l,i,k,a,t,a,$,V,FIN,COND,SG,3,PST	a,n,g,a,l,i,k,a,m,a,t,a
k,a,m,a,t,a,&,k,a,t,a,#,n,i,l,i,k,a,t,a,$,V,FIN,IND,SG,1,PST	n,i,l,i,k,a,m,a,t,a
k,a,m,a,t,a,&,k,a,t,a,#,a,m,e,k,a,t,a,$,V,PRF,FIN,IND,SG,3,PST	a,m,e,k,a,m,a,t,a
k,a,m,a,t,a,&,k,a,t,a,#,n,i,n,g,e,k,a,t,a,$,V,FIN,COND,SG,1,PRS	n,i,n,g,e,k,a,m,a,t,a
k,a,m,a,t,a,&,k,a,t,a,#,a,n,a,k,a,t,a,$,V,DEF,FIN,IND,SG,3,PRS	a,n,a,k,a,m,a,t,a
k,a,m,a,t,a,&,k,a,t,a,#,u,a,k,a,t,a,$,V,INDF,FIN,IND,SG,2,PRS	u,a,k,a,m,a,t,a
k,a,m,a,t,a,&,k,a,t,a,#,m,n,a,k,a,t,a,$,V,DEF,FIN,IND,PL,2,PRS	m,n,a,k,a,m,a,t,a
k,a,m,a,t,a,&,k,a,t,a,#,w,a,n,a,k,a,t,a,$,V,DEF,FIN,IND,PL,3,PRS	w,a,n,a,k,a,m,a,t,a
k,a,m,a,t,a,&,k,a,t,a,#,w,a,a,k,a,t,a,$,V,INDF,FIN,IND,PL,3,PRS	w,a,a,k,a,m,a,t,a
k,a,m,a,t,a,&,k,a,t,a,#,m,m,e,k,a,t,a,$,V,PRF,FIN,IND,PL,2,PST	m,m,e,k,a,m,a,t,a
k,a,m,a,t,a,&,k,a,t,a,#,a,a,k,a,t,a,$,V,INDF,FIN,IND,SG,3,PRS	a,a,k,a,m,a,t,a
k,a,m,a,t,a,&,k,a,t,a,#,t,u,a,k,a,t,a,$,V,INDF,FIN,IND,PL,1,PRS	t,u,a,k,a,m,a,t,a
k,a,m,a,t,a,&,k,a,t,a,#,k,u,k,a,t,a,$,V,FIN	k,u,k,a,m,a,t,a
k,a,m,a,t,a,&,k,a,t,a,#,t,u,n,g,e,k,a,t,a,$,V,FIN,COND,PL,1,PRS	t,u,n,g,e,k,a,m,a,t,a
k,a,m,a,t,a,&,k,a,t,a,#,w,a,h,u,k,a,t,a,$,V,HAB,FIN,IND,PL,3,PRS	w,a,h,u,k,a,m,a,t,a
k,a,m,a,t,a,&,k,a,t,a,#,n,i,h,u,k,a,t,a,$,V,HAB,FIN,IND,SG,1,PRS	n,i,h,u,k,a,m,a,t,a
k,a,m,a,t,a,&,k,a,t,a,#,t,u,t,a,k,a,t,a,$,V,FIN,IND,PL,1,FUT	t,u,t,a,k,a,m,a,t,a
k,a,m,a,t,a,&,k,a,t,a,#,w,a,t,a,k,a,t,a,$,V,FIN,IND,PL,3,FUT	w,a,t,a,k,a,m,a,t,a
k,a,m,a,t,a,&,k,a,t,a,#,n,i,n,g,a,l,i,k,a,t,a,$,V,FIN,COND,SG,1,PST	n,i,n,g,a,l,i,k,a,m,a,t,a
k,a,m,a,t,a,&,k,a,t,a,#,m,h,u,k,a,t,a,$,V,HAB,FIN,IND,PL,2,PRS	m,h,u,k,a,m,a,t,a
k,a,m,a,t,a,&,k,a,t,a,#,m,l,i,k,a,t,a,$,V,FIN,IND,PL,2,PST	m,l,i,k,a,m,a,t,a
k,a,m,a,t,a,&,k,a,t,a,#,t,u,m,e,k,a,t,a,$,V,PRF,FIN,IND,PL,1,PST	t,u,m,e,k,a,m,a,t,a
k,a,m,a,t,a,&,k,a,t,a,#,u,n,a,k,a,t,a,$,V,DEF,FIN,IND,SG,2,PRS	u,n,a,k,a,m,a,t,a
k,a,m,a,t,a,&,k,a,t,a,#,m,t,a,k,a,t,a,$,V,FIN,IND,PL,2,FUT	m,t,a,k,a,m,a,t,a
k,a,m,a,t,a,&,k,a,t,a,#,u,t,a,k,a,t,a,$,V,FIN,IND,SG,2,FUT	u,t,a,k,a,m,a,t,a
k,a,m,a,t,a,&,k,a,t,a,#,a,n,g,e,k,a,t,a,$,V,FIN,COND,SG,3,PRS	a,n,g,e,k,a,m,a,t,a
k,a,m,a,t,a,&,k,a,t,a,#,u,m,e,k,a,t,a,$,V,PRF,FIN,IND,SG,2,PST	u,m,e,k,a,m,a,t,a
k,a,m,a,t,a,&,k,a,t,a,#,t,u,h,u,k,a,t,a,$,V,HAB,FIN,IND,PL,1,PRS	t,u,h,u,k,a,m,a,t,a
k,a,m,a,t,a,&,k,a,t,a,#,n,i,m,e,k,a,t,a,$,V,PRF,FIN,IND,SG,1,PST	n,i,m,e,k,a,m,a,t,a
k,a,m,a,t,a,&,k,a,t,a,#,u,n,g,a,l,i,k,a,t,a,$,V,FIN,COND,SG,2,PST	u,n,g,a,l,i,k,a,m,a,t,a
k,a,m,a,t,a,&,k,a,t,a,#,n,i,a,k,a,t,a,$,V,INDF,FIN,IND,SG,1,PRS	n,i,a,k,a,m,a,t,a
k,a,m,a,t,a,&,k,a,t,a,#,u,n,g,e,k,a,t,a,$,V,FIN,COND,SG,2,PRS	u,n,g,e,k,a,m,a,t,a
k,a,m,a,t,a,&,k,a,t,a,#,n,i,n,a,k,a,t,a,$,V,DEF,FIN,IND,SG,1,PRS	n,i,n,a,k,a,m,a,t,a
k,a,m,a,t,a,&,k,a,t,a,#,t,u,n,a,k,a,t,a,$,V,DEF,FIN,IND,PL,1,PRS	t,u,n,a,k,a,m,a,t,a
s,a,g,a,&,s,g,a,#,m,n,g,a,l,i,s,g,a,$,V,FIN,COND,PL,2,PST	m,n,g,a,l,i,s,a,g,a
s,a,g,a,&,f,a,g,i,a,#,n,i,n,a,f,a,g,i,a,$,V,DEF,FIN,IND,SG,1,PRS	n,i,n,a,s,a,g,a
s,a,g,a,&,s,o,g,a,#,a,t,a,s,o,g,a,$,V,FIN,IND,SG,3,FUT	a,t,a,s,a,g,a
s,a,g,a,&,s,l,g,a,#,n,i,m,e,s,l,g,a,$,V,PRF,FIN,IND,SG,1,PST	n,i,m,e,s,a,g,a
s,a,g,a,&,k,a,g,a,#,a,m,e,k,a,g,a,$,V,PRF,FIN,IND,SG,3,PST	a,m,e,s,a,g,a
s,a,g,a,&,f,a,g,i,a,#,n,i,n,g,e,f,a,g,i,a,$,V,FIN,COND,SG,1,PRS	n,i,n,g,e,s,a,g,a
s,a,g,a,&,f,a,g,i,a,#,u,n,g,a,l,i,f,a,g,i,a,$,V,FIN,COND,SG,2,PST	u,n,g,a,l,i,s,a,g,a
s,a,g,a,&,f,a,g,i,a,#,t,u,n,g,a,l,i,f,a,g,i,a,$,V,FIN,COND,PL,1,PST	t,u,n,g,a,l,i,s,a,g,a
s,a,g,a,&,f,a,g,i,a,#,u,m,e,f,a,g,i,a,$,V,PRF,FIN,IND,SG,2,PST	u,m,e,s,a,g,a
s,a,g,a,&,f,a,g,i,a,#,w,a,t,a,f,a,g,i,a,$,V,FIN,IND,PL,3,FUT	w,a,t,a,s,a,g,a
s,a,g,a,&,f,a,g,i,a,#,a,n,g,e,f,a,g,i,a,$,V,FIN,COND,SG,3,PRS	a,n,g,e,s,a,g,a
s,a,g,a,&,a,a,g,a,#,a,n,g,a,l,i,a,a,g,a,$,V,FIN,COND,SG,3,PST	a,n,g,a,l,i,s,a,g,a
s,a,g,a,&,f,a,g,i,a,#,u,a,f,a,g,i,a,$,V,INDF,FIN,IND,SG,2,PRS	u,a,s,a,g,a
s,a,g,a,&,f,a,g,i,a,#,m,n,a,f,a,g,i,a,$,V,DEF,FIN,IND,PL,2,PRS	m,n,a,s,a,g,a
s,a,g,a,&,a,g,a,#,t,u,h,u,a,g,a,$,V,HAB,FIN,IND,PL,1,PRS	t,u,h,u,s,a,g,a
s,a,g,a,&,f,a,g,i,a,#,w,a,n,a,f,a,g,i,a,$,V,DEF,FIN,IND,PL,3,PRS	w,a,n,a,s,a,g,a
s,a,g,a,&,f,a,g,i,a,#,a,l,i,f,a,g,i,a,$,V,FIN,IND,SG,3,PST	a,l,i,s,a,g,a
s,a,g,a,&,s,a,u,a,#,m,m,e,s,a,u,a,$,V,PRF,FIN,IND,PL,2,PST	m,m,e,s,a,g,a
s,a,g,a,&,f,a,g,i,a,#,n,i,h,u,f,a,g,i,a,$,V,HAB,FIN,IND,SG,1,PRS	n,i,h,u,s,a,g,a
s,a,g,a,&,f,a,g,i,a,#,w,a,a,f,a,g,i,a,$,V,INDF,FIN,IND,PL,3,PRS	w,a,a,s,a,g,a
s,a,g,a,&,f,a,g,i,a,#,w,a,m,e,f,a,g,i,a,$,V,PRF,FIN,IND,PL,3,PST	w,a,m,e,s,a,g,a
s,a,g,a,&,f,a,g,i,a,#,u,n,g,e,f,a,g,i,a,$,V,FIN,COND,SG,2,PRS	u,n,g,e,s,a,g,a
s,a,g,a,&,f,a,g,i,a,#,k,u,f,a,g,i,a,$,V,FIN	k,u,s,a,g,a
s,a,g,a,&,s,a,l,a,#,n,i,t,a,s,a,l,a,$,V,FIN,IND,SG,1,FUT	n,i,t,a,s,a,g,a
s,a,g,a,&,f,a,g,i,a,#,t,u,t,a,f,a,g,i,a,$,V,FIN,IND,PL,1,FUT	t,u,t,a,s,a,g,a
s,a,g,a,&,f,a,g,i,a,#,n,i,l,i,f,a,g,i,a,$,V,FIN,IND,SG,1,PST	n,i,l,i,s,a,g,a
s,a,g,a,&,s,a,w,a,#,w,a,l,i,s,a,w,a,$,V,FIN,IND,PL,3,PST	w,a,l,i,s,a,g,a
s,a,g,a,&,f,a,g,i,a,#,w,a,n,g,a,l,i,f,a,g,i,a,$,V,FIN,COND,PL,3,PST	w,a,n,g,a,l,i,s,a,g,a
s,a,g,a,&,f,a,g,i,a,#,m,a,f,a,g,i,a,$,V,INDF,FIN,IND,PL,2,PRS	m,a,s,a,g,a
s,a,g,a,&,f,a,g,i,a,#,m,n,g,e,f,a,g,i,a,$,V,FIN,COND,PL,2,PRS	m,n,g,e,s,a,g,a
s,a,g,a,&,f,a,g,i,a,#,u,l,i,f,a,g,i,a,$,V,FIN,IND,SG,2,PST	u,l,i,s,a,g,a
s,a,g,a,&,f,a,g,i,a,#,w,a,n,g,e,f,a,g,i,a,$,V,FIN,COND,PL,3,PRS	w,a,n,g,e,s,a,g,a
s,a,g,a,&,f,a,g,i,a,#,t,u,n,g,e,f,a,g,i,a,$,V,FIN,COND,PL,1,PRS	t,u,n,g,e,s,a,g,a
s,a,g,a,&,f,a,g,i,a,#,u,n,a,f,a,g,i,a,$,V,DEF,FIN,IND,SG,2,PRS	u,n,a,s,a,g,a
s,a,g,a,&,f,a,g,i,a,#,t,u,m,e,f,a,g,i,a,$,V,PRF,FIN,IND,PL,1,PST	t,u,m,e,s,a,g,a
s,a,g,a,&,f,a,g,i,a,#,m,t,a,f,a,g,i,a,$,V,FIN,IND,PL,2,FUT	m,t,a,s,a,g,a
s,a,g,a,&,f,a,g,i,a,#,a,a,f,a,g,i,a,$,V,INDF,FIN,IND,SG,3,PRS	a,a,s,a,g,a
s,a,g,a,&,s,o,g,a,#,n,i,n,g,a,l,i,s,o,g,a,$,V,FIN,COND,SG,1,PST	n,i,n,g,a,l,i,s,a,g,a
s,a,g,a,&,s,a,m,a,#,t,u,a,s,a,m,a,$,V,INDF,FIN,IND,PL,1,PRS	t,u,a,s,a,g,a
s,a,g,a,&,s,k,g,a,#,a,h,u,s,k,g,a,$,V,HAB,FIN,IND,SG,3,PRS	a,h,u,s,a,g,a
s,a,g,a,&,f,a,g,i,a,#,t,u,l,i,f,a,g,i,a,$,V,FIN,IND,PL,1,PST	t,u,l,i,s,a,g,a
s,a,g,a,&,k,a,g,a,#,n,i,a,k,a,g,a,$,V,INDF,FIN,IND,SG,1,PRS	n,i,a,s,a,g,a
s,a,g,a,&,f,a,g,i,a,#,w,a,h,u,f,a,g,i,a,$,V,HAB,FIN,IND,PL,3,PRS	w,a,h,u,s,a,g,a
s,a,g,a,&,a,g,a,#,a,n,a,a,g,a,$,V,DEF,FIN,IND,SG,3,PRS	a,n,a,s,a,g,a
s,a,g,a,&,f,a,g,i,a,#,u,h,u,f,a,g,i,a,$,V,HAB,FIN,IND,SG,2,PRS	u,h,u,s,a,g,a
s,a,g,a,&,f,a,g,i,a,#,u,t,a,f,a,g,i,a,$,V,FIN,IND,SG,2,FUT	u,t,a,s,a,g,a
s,a,g,a,&,f,a,g,i,a,#,m,l,i,f,a,g,i,a,$,V,FIN,IND,PL,2,PST	m,l,i,s,a,g,a
s,a,g,a,&,s,a,l,a,#,t,u,n,a,s,a,l,a,$,V,DEF,FIN,IND,PL,1,PRS	t,u,n,a,s,a,g,a
s,a,g,a,&,f,a,g,i,a,#,m,h,u,f,a,g,i,a,$,V,HAB,FIN,IND,PL,2,PRS	m,h,u,s,a,g,a
e,l,e,w,a,&,l,e,t,a,#,a,t,a,l,e,t,a,$,V,FIN,IND,SG,3,FUT	a,t,a,e,l,e,w,a
e,l,e,w,a,&,l,e,t,a,#,m,l,i,l,e,t,a,$,V,FIN,IND,PL,2,PST	m,l,i,e,l,e,w,a
e,l,e,w,a,&,l,e,t,a,#,n,i,a,l,e,t,a,$,V,INDF,FIN,IND,SG,1,PRS	n,i,a,e,l,e,w,a
e,l,e,w,a,&,l,e,t,a,#,a,a,l,e,t,a,$,V,INDF,FIN,IND,SG,3,PRS	a,a,e,l,e,w,a
e,l,e,w,a,&,l,e,t,a,#,a,m,e,l,e,t,a,$,V,PRF,FIN,IND,SG,3,PST	a,m,e,e,l,e,w,a
e,l,e,w,a,&,l,e,t,a,#,u,h,u,l,e,t,a,$,V,HAB,FIN,IND,SG,2,PRS	u,h,u,e,l,e,w,a
e,l,e,w,a,&,l,e,t,a,#,w,a,a,l,e,t,a,$,V,INDF,FIN,IND,PL,3,PRS	w,a,a,e,l,e,w,a
e,l,e,w,a,&,l,e,t,a,#,m,a,l,e,t,a,$,V,INDF,FIN,IND,PL,2,PRS	m,a,e,l,e,w,a
e,l,e,w,a,&,l,e,t,a,#,t,u,l,i,l,e,t,a,$,V,FIN,IND,PL,1,PST	t,u,l,i,e,l,e,w,a
e,l,e,w,a,&,l,e,t,a,#,m,n,g,a,l,i,l,e,t,a,$,V,FIN,COND,PL,2,PST	m,n,g,a,l,i,e,l,e,w,a
e,l,e,w,a,&,l,e,t,a,#,t,u,n,g,e,l,e,t,a,$,V,FIN,COND,PL,1,PRS	t,u,n,g,e,e,l,e,w,a
e,l,e,w,a,&,l,e,t,a,#,w,a,n,g,a,l,i,l,e,t,a,$,V,FIN,COND,PL,3,PST	w,a,n,g,a,l,i,e,l,e,w,a
e,l,e,w,a,&,l,e,t,a,#,w,a,t,a,l,e,t,a,$,V,FIN,IND,PL,3,FUT	w,a,t,a,e,l,e,w,a
e,l,e,w,a,&,l,e,t,a,#,a,n,g,e,l,e,t,a,$,V,FIN,COND,SG,3,PRS	a,n,g,e,e,l,e,w,a
e,l,e,w,a,&,l,e,t,a,#,u,n,a,l,e,t,a,$,V,DEF,FIN,IND,SG,2,PRS	u,n,a,e,l,e,w,a
e,l,e,w,a,&,l,e,t,a,#,m,m,e,l,e,t,a,$,V,PRF,FIN,IND,PL,2,PST	m,m,e,e,l,e,w,a
e,l,e,w,a,&,l,e,t,a,#,a,l,i,l,e,t,a,$,V,FIN,IND,SG,3,PST	a,l,i,e,l,e,w,a
e,l,e,w,a,&,l,e,t,a,#,w,a,h,u,l,e,t,a,$,V,HAB,FIN,IND,PL,3,PRS	w,a,h,u,e,l,e,w,a
e,l,e,w,a,&,l,e,t,a,#,a,h,u,l,e,t,a,$,V,HAB,FIN,IND,SG,3,PRS	a,h,u,e,l,e,w,a
e,l,e,w,a,&,l,e,t,a,#,t,u,h,u,l,e,t,a,$,V,HAB,FIN,IND,PL,1,PRS	t,u,h,u,e,l,e,w,a
e,l,e,w,a,&,l,e,t,a,#,u,n,g,e,l,e,t,a,$,V,FIN,COND,SG,2,PRS	u,n,g,e,e,l,e,w,a
e,l,e,w,a,&,e,l,e,a,#,n,i,n,a,e,l,e,a,$,V,DEF,FIN,IND,SG,1,PRS	n,i,n,a,e,l,e,w,a
e,l,e,w,a,&,l,e,t,a,#,n,i,h,u,l,e,t,a,$,V,HAB,FIN,IND,SG,1,PRS	n,i,h,u,e,l,e,w,a
e,l,e,w,a,&,l,e,t,a,#,m,h,u,l,e,t,a,$,V,HAB,FIN,IND,PL,2,PRS	m,h,u,e,l,e,w,a
e,l,e,w,a,&,l,e,t,a,#,m,t,a,l,e,t,a,$,V,FIN,IND,PL,2,FUT	m,t,a,e,l,e,w,a
e,l,e,w,a,&,l,e,t,a,#,n,i,l,i,l,e,t,a,$,V,FIN,IND,SG,1,PST	n,i,l,i,e,l,e,w,a
e,l,e,w,a,&,l,e,t,a,#,n,i,t,a,l,e,t,a,$,V,FIN,IND,SG,1,FUT	n,i,t,a,e,l,e,w,a
e,l,e,w,a,&,l,e,t,a,#,a,n,a,l,e,t,a,$,V,DEF,FIN,IND,SG,3,PRS	a,n,a,e,l,e,w,a
e,l,e,w,a,&,l,e,t,a,#,w,a,m,e,l,e,t,a,$,V,PRF,FIN,IND,PL,3,PST	w,a,m,e,e,l,e,w,a
e,l,e,w,a,&,l,e,t,a,#,t,u,n,g,a,l,i,l,e,t,a,$,V,FIN,COND,PL,1,PST	t,u,n,g,a,l,i,e,l,e,w,a
e,l,e,w,a,&,l,e,t,a,#,k,u,l,e,t,a,$,V,FIN	k,u,e,l,e,w,a
e,l,e,w,a,&,l,e,t,a,#,n,i,m,e,l,e,t,a,$,V,PRF,FIN,IND,SG,1,PST	n,i,m,e,e,l,e,w,a
e,l,e,w,a,&,l,e,t,a,#,m,n,g,e,l,e,t,a,$,V,FIN,COND,PL,2,PRS	m,n,g,e,e,l,e,w,a
e,l,e,w,a,&,l,e,t,a,#,n,i,n,g,a,l,i,l,e,t,a,$,V,FIN,COND,SG,1,PST	n,i,n,g,a,l,i,e,l,e,w,a
e,l,e,w,a,&,l,e,t,a,#,u,l,i,l,e,t,a,$,V,FIN,IND,SG,2,PST	u,l,i,e,l,e,w,a
e,l,e,w,a,&,l,e,t,a,#,u,n,g,a,l,i,l,e,t,a,$,V,FIN,COND,SG,2,PST	u,n,g,a,l,i,e,l,e,w,a
e,l,e,w,a,&,l,e,t,a,#,u,m,e,l,e,t,a,$,V,PRF,FIN,IND,SG,2,PST	u,m,e,e,l,e,w,a
e,l,e,w,a,&,l,e,t,a,#,t,u,n,a,l,e,t,a,$,V,DEF,FIN,IND,PL,1,PRS	t,u,n,a,e,l,e,w,a
e,l,e,w,a,&,l,e,t,a,#,w,a,n,a,l,e,t,a,$,V,DEF,FIN,IND,PL,3,PRS	w,a,n,a,e,l,e,w,a
e,l,e,w,a,&,l,e,t,a,#,w,a,n,g,e,l,e,t,a,$,V,FIN,COND,PL,3,PRS	w,a,n,g,e,e,l,e,w,a
e,l,e,w,a,&,l,e,t,a,#,t,u,a,l,e,t,a,$,V,INDF,FIN,IND,PL,1,PRS	t,u,a,e,l,e,w,a
e,l,e,w,a,&,l,e,t,a,#,u,t,a,l,e,t,a,$,V,FIN,IND,SG,2,FUT	u,t,a,e,l,e,w,a
e,l,e,w,a,&,l,e,t,a,#,w,a,l,i,l,e,t,a,$,V,FIN,IND,PL,3,PST	w,a,l,i,e,l,e,w,a
e,l,e,w,a,&,l,e,t,a,#,t,u,t,a,l,e,t,a,$,V,FIN,IND,PL,1,FUT	t,u,t,a,e,l,e,w,a
e,l,e,w,a,&,l,e,t,a,#,a,n,g,a,l,i,l,e,t,a,$,V,FIN,COND,SG,3,PST	a,n,g,a,l,i,e,l,e,w,a
e,l,e,w,a,&,l,e,t,a,#,u,a,l,e,t,a,$,V,INDF,FIN,IND,SG,2,PRS	u,a,e,l,e,w,a
e,l,e,w,a,&,l,e,t,a,#,n,i,n,g,e,l,e,t,a,$,V,FIN,COND,SG,1,PRS	n,i,n,g,e,e,l,e,w,a
e,l,e,w,a,&,l,e,t,a,#,t,u,m,e,l,e,t,a,$,V,PRF,FIN,IND,PL,1,PST	t,u,m,e,e,l,e,w,a
e,l,e,w,a,&,l,e,t,a,#,m,n,a,l,e,t,a,$,V,DEF,FIN,IND,PL,2,PRS	m,n,a,e,l,e,w,a
p,i,g,a,&,l,i,a,#,a,m,e,l,i,a,$,V,PRF,FIN,IND,SG,3,PST	a,m,e,p,i,g,a
p,i,g,a,&,l,i,a,#,m,n,g,e,l,i,a,$,V,FIN,COND,PL,2,PRS	m,n,g,e,p,i,g,a
p,i,g,a,&,l,i,a,#,w,a,l,i,l,i,a,$,V,FIN,IND,PL,3,PST	w,a,l,i,p,i,g,a
p,i,g,a,&,l,i,a,#,u,h,u,l,i,a,$,V,HAB,FIN,IND,SG,2,PRS	u,h,u,p,i,g,a
p,i,g,a,&,l,i,a,#,t,u,a,l,i,a,$,V,INDF,FIN,IND,PL,1,PRS	t,u,a,p,i,g,a
p,i,g,a,&,l,i,a,#,w,a,n,g,a,l,i,l,i,a,$,V,FIN,COND,PL,3,PST	w,a,n,g,a,l,i,p,i,g,a
p,i,g,a,&,p,i,k,a,#,n,i,n,g,a,l,i,p,i,k,a,$,V,FIN,COND,SG,1,PST	n,i,n,g,a,l,i,p,i,g,a
p,i,g,a,&,l,i,a,#,u,m,e,l,i,a,$,V,PRF,FIN,IND,SG,2,PST	u,m,e,p,i,g,a
p,i,g,a,&,l,i,a,#,n,i,a,l,i,a,$,V,INDF,FIN,IND,SG,1,PRS	n,i,a,p,i,g,a
p,i,g,a,&,l,i,a,#,t,u,n,a,l,i,a,$,V,DEF,FIN,IND,PL,1,PRS	t,u,n,a,p,i,g,a
p,i,g,a,&,l,i,a,#,t,u,h,u,l,i,a,$,V,HAB,FIN,IND,PL,1,PRS	t,u,h,u,p,i,g,a
p,i,g,a,&,l,i,a,#,m,a,l,i,a,$,V,INDF,FIN,IND,PL,2,PRS	m,a,p,i,g,a
p,i,g,a,&,l,i,a,#,n,i,t,a,l,i,a,$,V,FIN,IND,SG,1,FUT	n,i,t,a,p,i,g,a
p,i,g,a,&,p,g,a,#,m,t,a,p,g,a,$,V,FIN,IND,PL,2,FUT	m,t,a,p,i,g,a
p,i,g,a,&,l,i,a,#,n,i,n,g,e,l,i,a,$,V,FIN,COND,SG,1,PRS	n,i,n,g,e,p,i,g,a
p,i,g,a,&,l,i,a,#,t,u,l,i,l,i,a,$,V,FIN,IND,PL,1,PST	t,u,l,i,p,i,g,a
p,i,g,a,&,l,i,a,#,w,a,t,a,l,i,a,$,V,FIN,IND,PL,3,FUT	w,a,t,a,p,i,g,a
p,i,g,a,&,l,i,a,#,u,n,a,l,i,a,$,V,DEF,FIN,IND,SG,2,PRS	u,n,a,p,i,g,a
p,i,g,a,&,l,i,a,#,a,n,g,e,l,i,a,$,V,FIN,COND,SG,3,PRS	a,n,g,e,p,i,g,a
p,i,g,a,&,p,i,a,#,a,n,a,p,i,a,$,V,DEF,FIN,IND,SG,3,PRS	a,n,a,p,i,g,a
p,i,g,a,&,l,i,a,#,m,n,a,l,i,a,$,V,DEF,FIN,IND,PL,2,PRS	m,n,a,p,i,g,a
p,i,g,a,&,l,i,a,#,a,a,l,i,a,$,V,INDF,FIN,IND,SG,3,PRS	a,a,p,i,g,a
p,i,g,a,&,l,i,a,#,t,u,m,e,l,i,a,$,V,PRF,FIN,IND,PL,1,PST	t,u,m,e,p,i,g,a
p,i,g,a,&,l,i,a,#,w,a,m,e,l,i,a,$,V,PRF,FIN,IND,PL,3,PST	w,a,m,e,p,i,g,a
p,i,g,a,&,l,i,a,#,w,a,a,l,i,a,$,V,INDF,FIN,IND,PL,3,PRS	w,a,a,p,i,g,a
p,i,g,a,&,l,i,a,#,m,l,i,l,i,a,$,V,FIN,IND,PL,2,PST	m,l,i,p,i,g,a
p,i,g,a,&,p,i,k,a,#,t,u,t,a,p,i,k,a,$,V,FIN,IND,PL,1,FUT	t,u,t,a,p,i,g,a
p,i,g,a,&,l,i,a,#,n,i,h,u,l,i,a,$,V,HAB,FIN,IND,SG,1,PRS	n,i,h,u,p,i,g,a
p,i,g,a,&,l,i,a,#,n,i,m,e,l,i,a,$,V,PRF,FIN,IND,SG,1,PST	n,i,m,e,p,i,g,a
p,i,g,a,&,l,i,a,#,n,i,n,a,l,i,a,$,V,DEF,FIN,IND,SG,1,PRS	n,i,n,a,p,i,g,a
p,i,g,a,&,l,i,a,#,k,u,l,i,a,$,V,FIN	k,u,p,i,g,a
p,i,g,a,&,l,i,a,#,w,a,h,u,l,i,a,$,V,HAB,FIN,IND,PL,3,PRS	w,a,h,u,p,i,g,a
p,i,g,a,&,l,i,a,#,n,i,l,i,l,i,a,$,V,FIN,IND,SG,1,PST	n,i,l,i,p,i,g,a
p,i,g,a,&,l,i,a,#,m,n,g,a,l,i,l,i,a,$,V,FIN,COND,PL,2,PST	m,n,g,a,l,i,p,i,g,a
p,i,g,a,&,l,i,a,#,a,l,i,l,i,a,$,V,FIN,IND,SG,3,PST	a,l,i,p,i,g,a
p,i,g,a,&,l,i,a,#,t,u,n,g,e,l,i,a,$,V,FIN,COND,PL,1,PRS	t,u,n,g,e,p,i,g,a
p,i,g,a,&,l,i,a,#,w,a,n,a,l,i,a,$,V,DEF,FIN,IND,PL,3,PRS	w,a,n,a,p,i,g,a
p,i,g,a,&,l,i,a,#,u,n,g,e,l,i,a,$,V,FIN,COND,SG,2,PRS	u,n,g,e,p,i,g,a
p,i,g,a,&,l,i,a,#,m,m,e,l,i,a,$,V,PRF,FIN,IND,PL,2,PST	m,m,e,p,i,g,a
p,i,g,a,&,p,i,a,#,u,n,g,a,l,i,p,i,a,$,V,FIN,COND,SG,2,PST	u,n,g,a,l,i,p,i,g,a
p,i,g,a,&,l,i,a,#,t,u,n,g,a,l,i,l,i,a,$,V,FIN,COND,PL,1,PST	t,u,n,g,a,l,i,p,i,g,a
p,i,g,a,&,l,i,a,#,a,t,a,l,i,a,$,V,FIN,IND,SG,3,FUT	a,t,a,p,i,g,a
p,i,g,a,&,l,i,a,#,a,h,u,l,i,a,$,V,HAB,FIN,IND,SG,3,PRS	a,h,u,p,i,g,a
p,i,g,a,&,l,i,a,#,w,a,n,g,e,l,i,a,$,V,FIN,COND,PL,3,PRS	w,a,n,g,e,p,i,g,a
p,i,g,a,&,l,i,a,#,u,l,i,l,i,a,$,V,FIN,IND,SG,2,PST	u,l,i,p,i,g,a
p,i,g,a,&,l,i,a,#,a,n,g,a,l,i,l,i,a,$,V,FIN,COND,SG,3,PST	a,n,g,a,l,i,p,i,g,a
p,i,g,a,&,l,i,a,#,m,h,u,l,i,a,$,V,HAB,FIN,IND,PL,2,PRS	m,h,u,p,i,g,a
p,i,g,a,&,p,i,g,#,u,a,p,i,g,$,V,INDF,FIN,IND,SG,2,PRS	u,a,p,i,g,a
p,i,g,a,&,l,i,a,#,u,t,a,l,i,a,$,V,FIN,IND,SG,2,FUT	u,t,a,p,i,g,a
b,o,f,y,a,&,f,o,y,a,#,n,i,a,f,o,y,a,$,V,INDF,FIN,IND,SG,1,PRS	n,i,a,b,o,f,y,a
b,o,f,y,a,&,g,o,n,g,a,#,m,t,a,g,o,n,g,a,$,V,FIN,IND,PL,2,FUT	m,t,a,b,o,f,y,a
b,o,f,y,a,&,o,o,f,n,a,#,n,i,n,a,o,o,f,n,a,$,V,DEF,FIN,IND,SG,1,PRS	n,i,n,a,b,o,f,y,a
b,o,f,y,a,&,o,f,b,a,#,n,i,t,a,o,f,b,a,$,V,FIN,IND,SG,1,FUT	n,i,t,a,b,o,f,y,a
b,o,f,y,a,&,g,o,f,g,a,#,m,n,g,a,l,i,g,o,f,g,a,$,V,FIN,COND,PL,2,PST	m,n,g,a,l,i,b,o,f,y,a
b,o,f,y,a,&,o,m,y,a,#,t,u,n,g,a,l,i,o,m,y,a,$,V,FIN,COND,PL,1,PST	t,u,n,g,a,l,i,b,o,f,y,a
b,o,f,y,a,&,g,o,n,g,a,#,n,i,n,g,a,l,i,g,o,n,g,a,$,V,FIN,COND,SG,1,PST	n,i,n,g,a,l,i,b,o,f,y,a
b,o,f,y,a,&,a,o,f,a,#,u,n,g,a,l,i,a,o,f,a,$,V,FIN,COND,SG,2,PST	u,n,g,a,l,i,b,o,f,y,a
b,o,f,y,a,&,g,o,n,g,a,#,a,h,u,g,o,n,g,a,$,V,HAB,FIN,IND,SG,3,PRS	a,h,u,b,o,f,y,a
b,o,f,y,a,&,b,o,p,a,#,t,u,t,a,b,o,p,a,$,V,FIN,IND,PL,1,FUT	t,u,t,a,b,o,f,y,a
b,o,f,y,a,&,g,o,n,g,a,#,n,i,m,e,g,o,n,g,a,$,V,PRF,FIN,IND,SG,1,PST	n,i,m,e,b,o,f,y,a
b,o,f,y,a,&,b,o,z,e,a,#,a,m,e,b,o,z,e,a,$,V,PRF,FIN,IND,SG,3,PST	a,m,e,b,o,f,y,a
b,o,f,y,a,&,i,o,t,y,a,#,w,a,h,u,i,o,t,y,a,$,V,HAB,FIN,IND,PL,3,PRS	w,a,h,u,b,o,f,y,a
b,o,f,y,a,&,g,o,n,g,a,#,t,u,a,g,o,n,g,a,$,V,INDF,FIN,IND,PL,1,PRS	t,u,a,b,o,f,y,a
b,o,f,y,a,&,b,p,m,y,a,#,u,l,i,b,p,m,y,a,$,V,FIN,IND,SG,2,PST	u,l,i,b,o,f,y,a
b,o,f,y,a,&,g,o,n,g,a,#,a,t,a,g,o,n,g,a,$,V,FIN,IND,SG,3,FUT	a,t,a,b,o,f,y,a
b,o,f,y,a,&,f,p,f,y,a,#,w,a,n,g,e,f,p,f,y,a,$,V,FIN,COND,PL,3,PRS	w,a,n,g,e,b,o,f,y,a
b,o,f,y,a,&,g,o,n,g,a,#,w,a,n,a,g,o,n,g,a,$,V,DEF,FIN,IND,PL,3,PRS	w,a,n,a,b,o,f,y,a
b,o,f,y,a,&,c,g,o,f,y,a,#,w,a,a,c,g,o,f,y,a,$,V,INDF,FIN,IND,PL,3,PRS	w,a,a,b,o,f,y,a
b,o,f,y,a,&,b,f,g,y,a,#,u,t,a,b,f,g,y,a,$,V,FIN,IND,SG,2,FUT	u,t,a,b,o,f,y,a
b,o,f,y,a,&,g,o,n,g,a,#,u,n,a,g,o,n,g,a,$,V,DEF,FIN,IND,SG,2,PRS	u,n,a,b,o,f,y,a
b,o,f,y,a,&,b,d,y,a,#,m,h,u,b,d,y,a,$,V,HAB,FIN,IND,PL,2,PRS	m,h,u,b,o,f,y,a
b,o,f,y,a,&,g,o,n,g,a,#,m,a,g,o,n,g,a,$,V,INDF,FIN,IND,PL,2,PRS	m,a,b,o,f,y,a
b,o,f,y,a,&,n,o,f,a,#,w,a,l,i,n,o,f,a,$,V,FIN,IND,PL,3,PST	w,a,l,i,b,o,f,y,a
b,o,f,y,a,&,g,o,n,g,a,#,w,a,m,e,g,o,n,g,a,$,V,PRF,FIN,IND,PL,3,PST	w,a,m,e,b,o,f,y,a
b,o,f,y,a,&,g,o,n,g,a,#,a,l,i,g,o,n,g,a,$,V,FIN,IND,SG,3,PST	a,l,i,b,o,f,y,a
b,o,f,y,a,&,p,o,f,d,a,#,a,n,g,a,l,i,p,o,f,d,a,$,V,FIN,COND,SG,3,PST	a,n,g,a,l,i,b,o,f,y,a
b,o,f,y,a,&,b,o,o,p,a,#,w,a,t,a,b,o,o,p,a,$,V,FIN,IND,PL,3,FUT	w,a,t,a,b,o,f,y,a
b,o,f,y,a,&,o,y,a,#,t,u,n,g,e,o,y,a,$,V,FIN,COND,PL,1,PRS	t,u,n,g,e,b,o,f,y,a
b,o,f,y,a,&,g,o,n,g,a,#,k,u,g,o,n,g,a,$,V,FIN	k,u,b,o,f,y,a
b,o,f,y,a,&,k,o,h,y,a,#,a,n,g,e,k,o,h,y,a,$,V,FIN,COND,SG,3,PRS	a,n,g,e,b,o,f,y,a
b,o,f,y,a,&,g,o,n,g,a,#,a,n,a,g,o,n,g,a,$,V,DEF,FIN,IND,SG,3,PRS	a,n,a,b,o,f,y,a
b,o,f,y,a,&,e,o,h,y,a,#,u,a,e,o,h,y,a,$,V,INDF,FIN,IND,SG,2,PRS	u,a,b,o,f,y,a
b,o,f,y,a,&,g,o,n,g,a,#,n,i,h,u,g,o,n,g,a,$,V,HAB,FIN,IND,SG,1,PRS	n,i,h,u,b,o,f,y,a
b,o,f,y,a,&,g,o,n,g,a,#,t,u,n,a,g,o,n,g,a,$,V,DEF,FIN,IND,PL,1,PRS	t,u,n,a,b,o,f,y,a
b,o,f,y,a,&,o,f,a,#,w,a,n,g,a,l,i,o,f,a,$,V,FIN,COND,PL,3,PST	w,a,n,g,a,l,i,b,o,f,y,a
b,o,f,y,a,&,g,o,n,g,a,#,t,u,h,u,g,o,n,g,a,$,V,HAB,FIN,IND,PL,1,PRS	t,u,h,u,b,o,f,y,a
b,o,f,y,a,&,g,o,n,g,a,#,u,h,u,g,o,n,g,a,$,V,HAB,FIN,IND,SG,2,PRS	u,h,u,b,o,f,y,a
b,o,f,y,a,&,l,o,f,z,a,#,m,n,g,e,l,o,f,z,a,$,V,FIN,COND,PL,2,PRS	m,n,g,e,b,o,f,y,a
b,o,f,y,a,&,g,o,n,g,a,#,u,n,g,e,g,o,n,g,a,$,V,FIN,COND,SG,2,PRS	u,n,g,e,b,o,f,y,a
b,o,f,y,a,&,g,o,n,g,a,#,m,n,a,g,o,n,g,a,$,V,DEF,FIN,IND,PL,2,PRS	m,n,a,b,o,f,y,a
b,o,f,y,a,&,g,o,n,g,a,#,n,i,l,i,g,o,n,g,a,$,V,FIN,IND,SG,1,PST	n,i,l,i,b,o,f,y,a
b,o,f,y,a,&,b,o,a,#,t,u,l,i,b,o,a,$,V,FIN,IND,PL,1,PST	t,u,l,i,b,o,f,y,a
b,o,f,y,a,&,i,o,t,y,a,#,t,u,m,e,i,o,t,y,a,$,V,PRF,FIN,IND,PL,1,PST	t,u,m,e,b,o,f,y,a
b,o,f,y,a,&,o,f,a,#,n,i,n,g,e,o,f,a,$,V,FIN,COND,SG,1,PRS	n,i,n,g,e,b,o,f,y,a
b,o,f,y,a,&,k,o,y,a,#,u,m,e,k,o,y,a,$,V,PRF,FIN,IND,SG,2,PST	u,m,e,b,o,f,y,a
b,o,f,y,a,&,g,o,n,g,a,#,a,a,g,o,n,g,a,$,V,INDF,FIN,IND,SG,3,PRS	a,a,b,o,f,y,a
b,o,f,y,a,&,l,o,f,r,a,#,m,m,e,l,o,f,r,a,$,V,PRF,FIN,IND,PL,2,PST	m,m,e,b,o,f,y,a
b,o,f,y,a,&,m,w,f,y,a,#,m,l,i,m,w,f,y,a,$,V,FIN,IND,PL,2,PST	m,l,i,b,o,f,y,a
m,e,z,a,&,s,e,m,a,#,u,n,a,s,e,m,a,$,V,DEF,FIN,IND,SG,2,PRS	u,n,a,m,e,z,a
m,e,z,a,&,s,e,m,a,#,u,l,i,s,e,m,a,$,V,FIN,IND,SG,2,PST	u,l,i,m,e,z,a
m,e,z,a,&,s,e,m,a,#,m,a,s,e,m,a,$,V,INDF,FIN,IND,PL,2,PRS	m,a,m,e,z,a
m,e,z,a,&,s,e,m,a,#,k,u,s,e,m,a,$,V,FIN	k,u,m,e,z,a
m,e,z,a,&,s,e,m,a,#,a,m,e,s,e,m,a,$,V,PRF,FIN,IND,SG,3,PST	a,m,e,m,e,z,a
m,e,z,a,&,s,e,m,a,#,t,u,m,e,s,e,m,a,$,V,PRF,FIN,IND,PL,1,PST	t,u,m,e,m,e,z,a
m,e,z,a,&,s,e,m,a,#,n,i,l,i,s,e,m,a,$,V,FIN,IND,SG,1,PST	n,i,l,i,m,e,z,a
m,e,z,a,&,s,e,m,a,#,t,u,n,g,e,s,e,m,a,$,V,FIN,COND,PL,1,PRS	t,u,n,g,e,m,e,z,a
m,e,z,a,&,s,e,m,a,#,w,a,n,a,s,e,m,a,$,V,DEF,FIN,IND,PL,3,PRS	w,a,n,a,m,e,z,a
m,e,z,a,&,s,e,m,a,#,t,u,a,s,e,m,a,$,V,INDF,FIN,IND,PL,1,PRS	t,u,a,m,e,z,a
m,e,z,a,&,s,e,m,a,#,a,l,i,s,e,m,a,$,V,FIN,IND,SG,3,PST	a,l,i,m,e,z,a
m,e,z,a,&,s,e,m,a,#,t,u,n,a,s,e,m,a,$,V,DEF,FIN,IND,PL,1,PRS	t,u,n,a,m,e,z,a
m,e,z,a,&,s,e,m,a,#,a,n,g,e,s,e,m,a,$,V,FIN,COND,SG,3,PRS	a,n,g,e,m,e,z,a
m,e,z,a,&,s,e,m,a,#,a,a,s,e,m,a,$,V,INDF,FIN,IND,SG,3,PRS	a,a,m,e,z,a
m,e,z,a,&,s,e,m,a,#,t,u,h,u,s,e,m,a,$,V,HAB,FIN,IND,PL,1,PRS	t,u,h,u,m,e,z,a
m,e,z,a,&,s,e,m,a,#,a,n,g,a,l,i,s,e,m,a,$,V,FIN,COND,SG,3,PST	a,n,g,a,l,i,m,e,z,a
m,e,z,a,&,s,e,m,a,#,a,n,a,s,e,m,a,$,V,DEF,FIN,IND,SG,3,PRS	a,n,a,m,e,z,a
m,e,z,a,&,s,e,m,a,#,w,a,t,a,s,e,m,a,$,V,FIN,IND,PL,3,FUT	w,a,t,a,m,e,z,a
m,e,z,a,&,s,e,m,a,#,t,u,t,a,s,e,m,a,$,V,FIN,IND,PL,1,FUT	t,u,t,a,m,e,z,a
m,e,z,a,&,m,e,a,#,m,l,i,m,e,a,$,V,FIN,IND,PL,2,PST	m,l,i,m,e,z,a
m,e,z,a,&,s,e,m,a,#,n,i,a,s,e,m,a,$,V,INDF,FIN,IND,SG,1,PRS	n,i,a,m,e,z,a
m,e,z,a,&,s,e,m,a,#,w,a,n,g,e,s,e,m,a,$,V,FIN,COND,PL,3,PRS	w,a,n,g,e,m,e,z,a
m,e,z,a,&,s,e,m,a,#,n,i,t,a,s,e,m,a,$,V,FIN,IND,SG,1,FUT	n,i,t,a,m,e,z,a
m,e,z,a,&,e,z,a,#,t,u,l,i,e,z,a,$,V,FIN,IND,PL,1,PST	t,u,l,i,m,e,z,a
m,e,z,a,&,s,e,m,a,#,w,a,m,e,s,e,m,a,$,V,PRF,FIN,IND,PL,3,PST	w,a,m,e,m,e,z,a
m,e,z,a,&,s,e,m,a,#,m,m,e,s,e,m,a,$,V,PRF,FIN,IND,PL,2,PST	m,m,e,m,e,z,a
m,e,z,a,&,e,z,a,#,u,n,g,a,l,i,e,z,a,$,V,FIN,COND,SG,2,PST	u,n,g,a,l,i,m,e,z,a
m,e,z,a,&,s,e,m,a,#,w,a,a,s,e,m,a,$,V,INDF,FIN,IND,PL,3,PRS	w,a,a,m,e,z,a
m,e,z,a,&,s,e,m,a,#,t,u,n,g,a,l,i,s,e,m,a,$,V,FIN,COND,PL,1,PST	t,u,n,g,a,l,i,m,e,z,a
m,e,z,a,&,m,e,m,a,#,n,i,n,a,m,e,m,a,$,V,DEF,FIN,IND,SG,1,PRS	n,i,n,a,m,e,z,a
m,e,z,a,&,s,e,m,a,#,u,n,g,e,s,e,m,a,$,V,FIN,COND,SG,2,PRS	u,n,g,e,m,e,z,a
m,e,z,a,&,s,e,m,a,#,w,a,l,i,s,e,m,a,$,V,FIN,IND,PL,3,PST	w,a,l,i,m,e,z,a
m,e,z,a,&,s,e,m,a,#,n,i,n,g,e,s,e,m,a,$,V,FIN,COND,SG,1,PRS	n,i,n,g,e,m,e,z,a
m,e,z,a,&,s,e,m,a,#,m,n,g,e,s,e,m,a,$,V,FIN,COND,PL,2,PRS	m,n,g,e,m,e,z,a
m,e,z,a,&,s,e,m,a,#,u,m,e,s,e,m,a,$,V,PRF,FIN,IND,SG,2,PST	u,m,e,m,e,z,a
m,e,z,a,&,s,e,m,a,#,m,n,a,s,e,m,a,$,V,DEF,FIN,IND,PL,2,PRS	m,n,a,m,e,z,a
m,e,z,a,&,s,e,m,a,#,u,a,s,e,m,a,$,V,INDF,FIN,IND,SG,2,PRS	u,a,m,e,z,a
m,e,z,a,&,s,e,m,a,#,u,h,u,s,e,m,a,$,V,HAB,FIN,IND,SG,2,PRS	u,h,u,m,e,z,a
m,e,z,a,&,m,n,z,a,#,n,i,m,e,m,n,z,a,$,V,PRF,FIN,IND,SG,1,PST	n,i,m,e,m,e,z,a
m,e,z,a,&,s,e,m,a,#,m,n,g,a,l,i,s,e,m,a,$,V,FIN,COND,PL,2,PST	m,n,g,a,l,i,m,e,z,a
m,e,z,a,&,s,e,m,a,#,w,a,h,u,s,e,m,a,$,V,HAB,FIN,IND,PL,3,PRS	w,a,h,u,m,e,z,a
m,e,z,a,&,s,e,m,a,#,a,t,a,s,e,m,a,$,V,FIN,IND,SG,3,FUT	a,t,a,m,e,z,a
m,e,z,a,&,s,e,m,a,#,m,h,u,s,e,m,a,$,V,HAB,FIN,IND,PL,2,PRS	m,h,u,m,e,z,a
m,e,z,a,&,s,e,m,a,#,a,h,u,s,e,m,a,$,V,HAB,FIN,IND,SG,3,PRS	a,h,u,m,e,z,a
m,e,z,a,&,s,e,m,a,#,m,t,a,s,e,m,a,$,V,FIN,IND,PL,2,FUT	m,t,a,m,e,z,a
m,e,z,a,&,s,e,m,a,#,n,i,n,g,a,l,i,s,e,m,a,$,V,FIN,COND,SG,1,PST	n,i,n,g,a,l,i,m,e,z,a
m,e,z,a,&,s,e,m,a,#,u,t,a,s,e,m,a,$,V,FIN,IND,SG,2,FUT	u,t,a,m,e,z,a
m,e,z,a,&,s,e,m,a,#,n,i,h,u,s,e,m,a,$,V,HAB,FIN,IND,SG,1,PRS	n,i,h,u,m,e,z,a
m,e,z,a,&,s,e,m,a,#,w,a,n,g,a,l,i,s,e,m,a,$,V,FIN,COND,PL,3,PST	w,a,n,g,a,l,i,m,e,z,a
a,n,d,i,k,a,&,b,a,n,d,i,k,a,#,k,u,b,a,n,d,i,k,a,$,V,FIN	k,u,a,n,d,i,k,a
a,n,d,i,k,a,&,b,a,n,d,i,k,a,#,w,a,l,i,b,a,n,d,i,k,a,$,V,FIN,IND,PL,3,PST	w,a,l,i,a,n,d,i,k,a
a,n,d,i,k,a,&,b,a,n,d,i,k,a,#,u,l,i,b,a,n,d,i,k,a,$,V,FIN,IND,SG,2,PST	u,l,i,a,n,d,i,k,a
a,n,d,i,k,a,&,b,a,n,d,i,k,a,#,w,a,n,a,b,a,n,d,i,k,a,$,V,DEF,FIN,IND,PL,3,PRS	w,a,n,a,a,n,d,i,k,a
a,n,d,i,k,a,&,b,a,n,d,i,k,a,#,w,a,n,g,e,b,a,n,d,i,k,a,$,V,FIN,COND,PL,3,PRS	w,a,n,g,e,a,n,d,i,k,a
a,n,d,i,k,a,&,b,a,n,d,i,k,a,#,u,a,b,a,n,d,i,k,a,$,V,INDF,FIN,IND,SG,2,PRS	u,a,a,n,d,i,k,a
a,n,d,i,k,a,&,b,a,n,d,i,k,a,#,m,n,a,b,a,n,d,i,k,a,$,V,DEF,FIN,IND,PL,2,PRS	m,n,a,a,n,d,i,k,a
a,n,d,i,k,a,&,b,a,n,d,i,k,a,#,w,a,m,e,b,a,n,d,i,k,a,$,V,PRF,FIN,IND,PL,3,PST	w,a,m,e,a,n,d,i,k,a
a,n,d,i,k,a,&,b,a,n,d,i,k,a,#,w,a,a,b,a,n,d,i,k,a,$,V,INDF,FIN,IND,PL,3,PRS	w,a,a,a,n,d,i,k,a
a,n,d,i,k,a,&,b,a,n,d,i,k,a,#,t,u,h,u,b,a,n,d,i,k,a,$,V,HAB,FIN,IND,PL,1,PRS	t,u,h,u,a,n,d,i,k,a
a,n,d,i,k,a,&,b,a,n,d,i,k,a,#,n,i,t,a,b,a,n,d,i,k,a,$,V,FIN,IND,SG,1,FUT	n,i,t,a,a,n,d,i,k,a
a,n,d,i,k,a,&,b,a,n,d,i,k,a,#,a,n,g,a,l,i,b,a,n,d,i,k,a,$,V,FIN,COND,SG,3,PST	a,n,g,a,l,i,a,n,d,i,k,a
a,n,d,i,k,a,&,b,a,n,d,i,k,a,#,w,a,n,g,a,l,i,b,a,n,d,i,k,a,$,V,FIN,COND,PL,3,PST	w,a,n,g,a,l,i,a,n,d,i,k,a
a,n,d,i,k,a,&,b,a,n,d,i,k,a,#,t,u,t,a,b,a,n,d,i,k,a,$,V,FIN,IND,PL,1,FUT	t,u,t,a,a,n,d,i,k,a
a,n,d,i,k,a,&,b,a,n,d,i,k,a,#,a,m,e,b,a,n,d,i,k,a,$,V,PRF,FIN,IND,SG,3,PST	a,m,e,a,n,d,i,k,a
a,n,d,i,k,a,&,b,a,n,d,i,k,a,#,w,a,h,u,b,a,n,d,i,k,a,$,V,HAB,FIN,IND,PL,3,PRS	w,a,h,u,a,n,d,i,k,a
a,n,d,i,k,a,&,b,a,n,d,i,k,a,#,w,a,t,a,b,a,n,d,i,k,a,$,V,FIN,IND,PL,3,FUT	w,a,t,a,a,n,d,i,k,a
a,n,d,i,k,a,&,b,a,n,d,i,k,a,#,n,i,m,e,b,a,n,d,i,k,a,$,V,PRF,FIN,IND,SG,1,PST	n,i,m,e,a,n,d,i,k,a
a,n,d,i,k,a,&,b,a,n,d,i,k,a,#,t,u,n,a,b,a,n,d,i,k,a,$,V,DEF,FIN,IND,PL,1,PRS	t,u,n,a,a,n,d,i,k,a
a,n,d,i,k,a,&,b,a,n,d,i,k,a,#,n,i,n,g,a,l,i,b,a,n,d,i,k,a,$,V,FIN,COND,SG,1,PST	n,i,n,g,a,l,i,a,n,d,i,k,a
a,n,d,i,k,a,&,b,a,n,d,i,k,a,#,a,n,a,b,a,n,d,i,k,a,$,V,DEF,FIN,IND,SG,3,PRS	a,n,a,a,n,d,i,k,a
a,n,d,i,k,a,&,b,a,n,d,i,k,a,#,t,u,a,b,a,n,d,i,k,a,$,V,INDF,FIN,IND,PL,1,PRS	t,u,a,a,n,d,i,k,a
a,n,d,i,k,a,&,b,a,n,d,i,k,a,#,m,n,g,e,b,a,n,d,i,k,a,$,V,FIN,COND,PL,2,PRS	m,n,g,e,a,n,d,i,k,a
a,n,d,i,k,a,&,b,a,n,d,i,k,a,#,a,h,u,b,a,n,d,i,k,a,$,V,HAB,FIN,IND,SG,3,PRS	a,h,u,a,n,d,i,k,a
a,n,d,i,k,a,&,b,a,n,d,i,k,a,#,m,n,g,a,l,i,b,a,n,d,i,k,a,$,V,FIN,COND,PL,2,PST	m,n,g,a,l,i,a,n,d,i,k,a
a,n,d,i,k,a,&,b,a,n,d,i,k,a,#,m,a,b,a,n,d,i,k,a,$,V,INDF,FIN,IND,PL,2,PRS	m,a,a,n,d,i,k,a
a,n,d,i,k,a,&,b,a,n,d,i,k,a,#,n,i,a,b,a,n,d,i,k,a,$,V,INDF,FIN,IND,SG,1,PRS	n,i,a,a,n,d,i,k,a
a,n,d,i,k,a,&,b,a,n,d,i,k,a,#,t,u,n,g,e,b,a,n,d,i,k,a,$,V,FIN,COND,PL,1,PRS	t,u,n,g,e,a,n,d,i,k,a
a,n,d,i,k,a,&,b,a,n,d,i,k,a,#,u,n,a,b,a,n,d,i,k,a,$,V,DEF,FIN,IND,SG,2,PRS	u,n,a,a,n,d,i,k,a
a,n,d,i,k,a,&,b,a,n,d,i,k,a,#,a,t,a,b,a,n,d,i,k,a,$,V,FIN,IND,SG,3,FUT	a,t,a,a,n,d,i,k,a
a,n,d,i,k,a,&,b,a,n,d,i,k,a,#,m,l,i,b,a,n,d,i,k,a,$,V,FIN,IND,PL,2,PST	m,l,i,a,n,d,i,k,a
a,n,d,i,k,a,&,b,a,n,d,i,k,a,#,m,h,u,b,a,n,d,i,k,a,$,V,HAB,FIN,IND,PL,2,PRS	m,h,u,a,n,d,i,k,a
a,n,d,i,k,a,&,b,a,n,d,i,k,a,#,n,i,h,u,b,a,n,d,i,k,a,$,V,HAB,FIN,IND,SG,1,PRS	n,i,h,u,a,n,d,i,k,a
a,n,d,i,k,a,&,b,a,n,d,i,k,a,#,n,i,n,g,e,b,a,n,d,i,k,a,$,V,FIN,COND,SG,1,PRS	n,i,n,g,e,a,n,d,i,k,a
a,n,d,i,k,a,&,b,a,n,d,i,k,a,#,t,u,n,g,a,l,i,b,a,n,d,i,k,a,$,V,FIN,COND,PL,1,PST	t,u,n,g,a,l,i,a,n,d,i,k,a
a,n,d,i,k,a,&,b,a,n,d,i,k,a,#,a,n,g,e,b,a,n,d,i,k,a,$,V,FIN,COND,SG,3,PRS	a,n,g,e,a,n,d,i,k,a
a,n,d,i,k,a,&,b,a,n,d,i,k,a,#,t,u,m,e,b,a,n,d,i,k,a,$,V,PRF,FIN,IND,PL,1,PST	t,u,m,e,a,n,d,i,k,a
a,n,d,i,k,a,&,b,a,n,d,i,k,a,#,n,i,n,a,b,a,n,d,i,k,a,$,V,DEF,FIN,IND,SG,1,PRS	n,i,n,a,a,n,d,i,k,a
a,n,d,i,k,a,&,b,a,n,d,i,k,a,#,m,m,e,b,a,n,d,i,k,a,$,V,PRF,FIN,IND,PL,2,PST	m,m,e,a,n,d,i,k,a
a,n,d,i,k,a,&,b,a,n,d,i,k,a,#,a,a,b,a,n,d,i,k,a,$,V,INDF,FIN,IND,SG,3,PRS	a,a,a,n,d,i,k,a
a,n,d,i,k,a,&,b,a,n,d,i,k,a,#,u,m,e,b,a,n,d,i,k,a,$,V,PRF,FIN,IND,SG,2,PST	u,m,e,a,n,d,i,k,a
a,n,d,i,k,a,&,b,a,n,d,i,k,a,#,m,t,a,b,a,n,d,i,k,a,$,V,FIN,IND,PL,2,FUT	m,t,a,a,n,d,i,k,a
a,n,d,i,k,a,&,b,a,n,d,i,k,a,#,u,n,g,a,l,i,b,a,n,d,i,k,a,$,V,FIN,COND,SG,2,PST	u,n,g,a,l,i,a,n,d,i,k,a
a,n,d,i,k,a,&,b,a,n,d,i,k,a,#,a,l,i,b,a,n,d,i,k,a,$,V,FIN,IND,SG,3,PST	a,l,i,a,n,d,i,k,a
a,n,d,i,k,a,&,b,a,n,d,i,k,a,#,u,n,g,e,b,a,n,d,i,k,a,$,V,FIN,COND,SG,2,PRS	u,n,g,e,a,n,d,i,k,a
a,n,d,i,k,a,&,b,a,n,d,i,k,a,#,n,i,l,i,b,a,n,d,i,k,a,$,V,FIN,IND,SG,1,PST	n,i,l,i,a,n,d,i,k,a
a,n,d,i,k,a,&,b,a,n,d,i,k,a,#,t,u,l,i,b,a,n,d,i,k,a,$,V,FIN,IND,PL,1,PST	t,u,l,i,a,n,d,i,k,a
a,n,d,i,k,a,&,b,a,n,d,i,k,a,#,u,t,a,b,a,n,d,i,k,a,$,V,FIN,IND,SG,2,FUT	u,t,a,a,n,d,i,k,a
a,n,d,i,k,a,&,b,a,n,d,i,k,a,#,u,h,u,b,a,n,d,i,k,a,$,V,HAB,FIN,IND,SG,2,PRS	u,h,u,a,n,d,i,k,a
t,e,n,g,e,n,e,z,a,&,f,e,n,g,z,a,#,n,i,t,a,f,e,n,g,z,a,$,V,FIN,IND,SG,1,FUT	n,i,t,a,t,e,n,g,e,n,e,z,a
t,e,n,g,e,n,e,z,a,&,o,n,g,e,a,#,u,t,a,o,n,g,e,a,$,V,FIN,IND,SG,2,FUT	u,t,a,t,e,n,g,e,n,e,z,a
t,e,n,g,e,n,e,z,a,&,o,n,g,e,a,#,u,n,a,o,n,g,e,a,$,V,DEF,FIN,IND,SG,2,PRS	u,n,a,t,e,n,g,e,n,e,z,a
t,e,n,g,e,n,e,z,a,&,t,e,t,e,z,a,#,u,a,t,e,t,e,z,a,$,V,INDF,FIN,IND,SG,2,PRS	u,a,t,e,n,g,e,n,e,z,a
t,e,n,g,e,n,e,z,a,&,o,n,g,e,a,#,u,n,g,a,l,i,o,n,g,e,a,$,V,FIN,COND,SG,2,PST	u,n,g,a,l,i,t,e,n,g,e,n,e,z,a
t,e,n,g,e,n,e,z,a,&,o,n,g,e,a,#,a,m,e,o,n,g,e,a,$,V,PRF,FIN,IND,SG,3,PST	a,m,e,t,e,n,g,e,n,e,z,a
t,e,n,g,e,n,e,z,a,&,o,n,g,e,a,#,t,u,n,g,e,o,n,g,e,a,$,V,FIN,COND,PL,1,PRS	t,u,n,g,e,t,e,n,g,e,n,e,z,a
t,e,n,g,e,n,e,z,a,&,t,e,s,n,e,a,#,w,a,m,e,t,e,s,n,e,a,$,V,PRF,FIN,IND,PL,3,PST	w,a,m,e,t,e,n,g,e,n,e,z,a
t,e,n,g,e,n,e,z,a,&,o,n,g,e,a,#,a,a,o,n,g,e,a,$,V,INDF,FIN,IND,SG,3,PRS	a,a,t,e,n,g,e,n,e,z,a
t,e,n,g,e,n,e,z,a,&,o,n,g,e,a,#,a,t,a,o,n,g,e,a,$,V,FIN,IND,SG,3,FUT	a,t,a,t,e,n,g,e,n,e,z,a
t,e,n,g,e,n,e,z,a,&,o,n,g,e,a,#,t,u,t,a,o,n,g,e,a,$,V,FIN,IND,PL,1,FUT	t,u,t,a,t,e,n,g,e,n,e,z,a
t,e,n,g,e,n,e,z,a,&,o,n,g,e,a,#,w,a,t,a,o,n,g,e,a,$,V,FIN,IND,PL,3,FUT	w,a,t,a,t,e,n,g,e,n,e,z,a
t,e,n,g,e,n,e,z,a,&,o,n,g,e,a,#,w,a,n,g,a,l,i,o,n,g,e,a,$,V,FIN,COND,PL,3,PST	w,a,n,g,a,l,i,t,e,n,g,e,n,e,z,a
t,e,n,g,e,n,e,z,a,&,o,n,g,e,a,#,t,u,m,e,o,n,g,e,a,$,V,PRF,FIN,IND,PL,1,PST	t,u,m,e,t,e,n,g,e,n,e,z,a
t,e,n,g,e,n,e,z,a,&,o,n,g,e,a,#,n,i,n,a,o,n,g,e,a,$,V,DEF,FIN,IND,SG,1,PRS	n,i,n,a,t,e,n,g,e,n,e,z,a
t,e,n,g,e,n,e,z,a,&,e,m,f,e,n,z,a,#,t,u,a,e,m,f,e,n,z,a,$,V,INDF,FIN,IND,PL,1,PRS	t,u,a,t,e,n,g,e,n,e,z,a
t,e,n,g,e,n,e,z,a,&,o,n,g,e,a,#,w,a,l,i,o,n,g,e,a,$,V,FIN,IND,PL,3,PST	w,a,l,i,t,e,n,g,e,n,e,z,a
t,e,n,g,e,n,e,z,a,&,e,n,i,e,s,e,a,#,u,n,g,e,e,n,i,e,s,e,a,$,V,FIN,COND,SG,2,PRS	u,n,g,e,t,e,n,g,e,n,e,z,a
t,e,n,g,e,n,e,z,a,&,o,n,g,e,a,#,t,u,h,u,o,n,g,e,a,$,V,HAB,FIN,IND,PL,1,PRS	t,u,h,u,t,e,n,g,e,n,e,z,a
t,e,n,g,e,n,e,z,a,&,o,n,g,e,a,#,k,u,o,n,g,e,a,$,V,FIN	k,u,t,e,n,g,e,n,e,z,a
t,e,n,g,e,n,e,z,a,&,e,n,d,e,s,z,a,#,n,i,n,g,e,e,n,d,e,s,z,a,$,V,FIN,COND,SG,1,PRS	n,i,n,g,e,t,e,n,g,e,n,e,z,a
t,e,n,g,e,n,e,z,a,&,e,n,n,e,a,z,a,#,n,i,l,i,e,n,n,e,a,z,a,$,V,FIN,IND,SG,1,PST	n,i,l,i,t,e,n,g,e,n,e,z,a
t,e,n,g,e,n,e,z,a,&,o,n,g,e,a,#,t,u,n,g,a,l,i,o,n,g,e,a,$,V,FIN,COND,PL,1,PST	t,u,n,g,a,l,i,t,e,n,g,e,n,e,z,a
t,e,n,g,e,n,e,z,a,&,o,n,g,e,a,#,n,i,a,o,n,g,e,a,$,V,INDF,FIN,IND,SG,1,PRS	n,i,a,t,e,n,g,e,n,e,z,a
t,e,n,g,e,n,e,z,a,&,o,n,g,e,a,#,a,n,g,e,o,n,g,e,a,$,V,FIN,COND,SG,3,PRS	a,n,g,e,t,e,n,g,e,n,e,z,a
t,e,n,g,e,n,e,z,a,&,o,n,g,e,a,#,m,a,o,n,g,e,a,$,V,INDF,FIN,IND,PL,2,PRS	m,a,t,e,n,g,e,n,e,z,a
t,e,n,g,e,n,e,z,a,&,o,n,g,e,a,#,a,n,g,a,l,i,o,n,g,e,a,$,V,FIN,COND,SG,3,PST	a,n,g,a,l,i,t,e,n,g,e,n,e,z,a
t,e,n,g,e,n,e,z,a,&,e,n,d,e,n,h,a,#,n,i,n,g,a,l,i,e,n,d,e,n,h,a,$,V,FIN,COND,SG,1,PST	n,i,n,g,a,l,i,t,e,n,g,e,n,e,z,a
t,e,n,g,e,n,e,z,a,&,o,n,g,e,a,#,m,n,g,e,o,n,g,e,a,$,V,FIN,COND,PL,2,PRS	m,n,g,e,t,e,n,g,e,n,e,z,a
t,e,n,g,e,n,e,z,a,&,e,n,h,e,e,e,a,#,m,t,a,e,n,h,e,e,e,a,$,V,FIN,IND,PL,2,FUT	m,t,a,t,e,n,g,e,n,e,z,a
t,e,n,g,e,n,e,z,a,&,e,n,g,e,s,k,a,#,m,m,e,e,n,g,e,s,k,a,$,V,PRF,FIN,IND,PL,2,PST	m,m,e,t,e,n,g,e,n,e,z,a
t,e,n,g,e,n,e,z,a,&,o,n,g,e,a,#,w,a,h,u,o,n,g,e,a,$,V,HAB,FIN,IND,PL,3,PRS	w,a,h,u,t,e,n,g,e,n,e,z,a
t,e,n,g,e,n,e,z,a,&,o,n,g,e,a,#,a,n,a,o,n,g,e,a,$,V,DEF,FIN,IND,SG,3,PRS	a,n,a,t,e,n,g,e,n,e,z,a
t,e,n,g,e,n,e,z,a,&,t,n,t,e,e,a,#,m,l,i,t,n,t,e,e,a,$,V,FIN,IND,PL,2,PST	m,l,i,t,e,n,g,e,n,e,z,a
t,e,n,g,e,n,e,z,a,&,o,n,g,e,a,#,m,n,g,a,l,i,o,n,g,e,a,$,V,FIN,COND,PL,2,PST	m,n,g,a,l,i,t,e,n,g,e,n,e,z,a
t,e,n,g,e,n,e,z,a,&,o,n,g,e,a,#,t,u,l,i,o,n,g,e,a,$,V,FIN,IND,PL,1,PST	t,u,l,i,t,e,n,g,e,n,e,z,a
t,e,n,g,e,n,e,z,a,&,j,e,n,g,n,e,a,#,w,a,n,a,j,e,n,g,n,e,a,$,V,DEF,FIN,IND,PL,3,PRS	w,a,n,a,t,e,n,g,e,n,e,z,a
t,e,n,g,e,n,e,z,a,&,o,n,g,e,a,#,w,a,a,o,n,g,e,a,$,V,INDF,FIN,IND,PL,3,PRS	w,a,a,t,e,n,g,e,n,e,z,a
t,e,n,g,e,n,e,z,a,&,o,n,g,e,a,#,w,a,n,g,e,o,n,g,e,a,$,V,FIN,COND,PL,3,PRS	w,a,n,g,e,t,e,n,g,e,n,e,z,a
t,e,n,g,e,n,e,z,a,&,o,n,g,e,a,#,n,i,h,u,o,n,g,e,a,$,V,HAB,FIN,IND,SG,1,PRS	n,i,h,u,t,e,n,g,e,n,e,z,a
t,e,n,g,e,n,e,z,a,&,o,n,g,e,a,#,u,l,i,o,n,g,e,a,$,V,FIN,IND,SG,2,PST	u,l,i,t,e,n,g,e,n,e,z,a
t,e,n,g,e,n,e,z,a,&,o,n,g,e,a,#,t,u,n,a,o,n,g,e,a,$,V,DEF,FIN,IND,PL,1,PRS	t,u,n,a,t,e,n,g,e,n,e,z,a
t,e,n,g,e,n,e,z,a,&,o,n,g,e,a,#,u,m,e,o,n,g,e,a,$,V,PRF,FIN,IND,SG,2,PST	u,m,e,t,e,n,g,e,n,e,z,a
t,e,n,g,e,n,e,z,a,&,o,n,g,e,a,#,m,n,a,o,n,g,e,a,$,V,DEF,FIN,IND,PL,2,PRS	m,n,a,t,e,n,g,e,n,e,z,a
t,e,n,g,e,n,e,z,a,&,o,n,g,e,a,#,m,h,u,o,n,g,e,a,$,V,HAB,FIN,IND,PL,2,PRS	m,h,u,t,e,n,g,e,n,e,z,a
t,e,n,g,e,n,e,z,a,&,e,n,n,e,s,h,a,#,a,l,i,e,n,n,e,s,h,a,$,V,FIN,IND,SG,3,PST	a,l,i,t,e,n,g,e,n,e,z,a
t,e,n,g,e,n,e,z,a,&,o,n,g,e,a,#,u,h,u,o,n,g,e,a,$,V,HAB,FIN,IND,SG,2,PRS	u,h,u,t,e,n,g,e,n,e,z,a
t,e,n,g,e,n,e,z,a,&,o,n,g,e,a,#,n,i,m,e,o,n,g,e,a,$,V,PRF,FIN,IND,SG,1,PST	n,i,m,e,t,e,n,g,e,n,e,z,a
t,e,n,g,e,n,e,z,a,&,o,n,g,e,a,#,a,h,u,o,n,g,e,a,$,V,HAB,FIN,IND,SG,3,PRS	a,h,u,t,e,n,g,e,n,e,z,a
n,u,n,u,a,&,f,u,n,g,a,#,w,a,m,e,f,u,n,g,a,$,V,PRF,FIN,IND,PL,3,PST	w,a,m,e,n,u,n,u,a
n,u,n,u,a,&,f,u,n,g,a,#,m,n,g,e,f,u,n,g,a,$,V,FIN,COND,PL,2,PRS	m,n,g,e,n,u,n,u,a
n,u,n,u,a,&,f,u,n,g,a,#,w,a,n,g,e,f,u,n,g,a,$,V,FIN,COND,PL,3,PRS	w,a,n,g,e,n,u,n,u,a
n,u,n,u,a,&,f,u,n,g,a,#,u,n,g,e,f,u,n,g,a,$,V,FIN,COND,SG,2,PRS	u,n,g,e,n,u,n,u,a
n,u,n,u,a,&,f,u,n,g,a,#,t,u,m,e,f,u,n,g,a,$,V,PRF,FIN,IND,PL,1,PST	t,u,m,e,n,u,n,u,a
n,u,n,u,a,&,f,u,n,g,a,#,t,u,n,g,e,f,u,n,g,a,$,V,FIN,COND,PL,1,PRS	t,u,n,g,e,n,u,n,u,a
n,u,n,u,a,&,f,u,n,g,a,#,u,h,u,f,u,n,g,a,$,V,HAB,FIN,IND,SG,2,PRS	u,h,u,n,u,n,u,a
n,u,n,u,a,&,f,u,n,g,a,#,w,a,n,a,f,u,n,g,a,$,V,DEF,FIN,IND,PL,3,PRS	w,a,n,a,n,u,n,u,a
n,u,n,u,a,&,f,u,n,g,a,#,n,i,t,a,f,u,n,g,a,$,V,FIN,IND,SG,1,FUT	n,i,t,a,n,u,n,u,a
n,u,n,u,a,&,f,u,n,g,a,#,a,m,e,f,u,n,g,a,$,V,PRF,FIN,IND,SG,3,PST	a,m,e,n,u,n,u,a
n,u,n,u,a,&,f,u,n,u,a,#,a,h,u,f,u,n,u,a,$,V,HAB,FIN,IND,SG,3,PRS	a,h,u,n,u,n,u,a
n,u,n,u,a,&,f,u,n,g,a,#,m,t,a,f,u,n,g,a,$,V,FIN,IND,PL,2,FUT	m,t,a,n,u,n,u,a
n,u,n,u,a,&,f,u,n,g,a,#,t,u,n,a,f,u,n,g,a,$,V,DEF,FIN,IND,PL,1,PRS	t,u,n,a,n,u,n,u,a
n,u,n,u,a,&,f,u,n,g,a,#,t,u,n,g,a,l,i,f,u,n,g,a,$,V,FIN,COND,PL,1,PST	t,u,n,g,a,l,i,n,u,n,u,a
n,u,n,u,a,&,f,u,n,g,a,#,u,l,i,f,u,n,g,a,$,V,FIN,IND,SG,2,PST	u,l,i,n,u,n,u,a
n,u,n,u,a,&,f,u,n,g,a,#,u,t,a,f,u,n,g,a,$,V,FIN,IND,SG,2,FUT	u,t,a,n,u,n,u,a
n,u,n,u,a,&,f,u,n,g,a,#,n,i,n,g,e,f,u,n,g,a,$,V,FIN,COND,SG,1,PRS	n,i,n,g,e,n,u,n,u,a
n,u,n,u,a,&,f,u,n,g,a,#,a,l,i,f,u,n,g,a,$,V,FIN,IND,SG,3,PST	a,l,i,n,u,n,u,a
n,u,n,u,a,&,f,u,n,g,a,#,t,u,t,a,f,u,n,g,a,$,V,FIN,IND,PL,1,FUT	t,u,t,a,n,u,n,u,a
n,u,n,u,a,&,f,u,n,g,a,#,w,a,l,i,f,u,n,g,a,$,V,FIN,IND,PL,3,PST	w,a,l,i,n,u,n,u,a
n,u,n,u,a,&,f,u,n,g,a,#,t,u,a,f,u,n,g,a,$,V,INDF,FIN,IND,PL,1,PRS	t,u,a,n,u,n,u,a
n,u,n,u,a,&,f,u,n,g,a,#,w,a,h,u,f,u,n,g,a,$,V,HAB,FIN,IND,PL,3,PRS	w,a,h,u,n,u,n,u,a
n,u,n,u,a,&,f,u,n,g,a,#,n,i,h,u,f,u,n,g,a,$,V,HAB,FIN,IND,SG,1,PRS	n,i,h,u,n,u,n,u,a
n,u,n,u,a,&,f,u,n,g,a,#,m,l,i,f,u,n,g,a,$,V,FIN,IND,PL,2,PST	m,l,i,n,u,n,u,a
n,u,n,u,a,&,f,u,n,g,a,#,w,a,n,g,a,l,i,f,u,n,g,a,$,V,FIN,COND,PL,3,PST	w,a,n,g,a,l,i,n,u,n,u,a
n,u,n,u,a,&,f,u,n,g,a,#,k,u,f,u,n,g,a,$,V,FIN	k,u,n,u,n,u,a
n,u,n,u,a,&,f,u,n,g,a,#,a,n,g,e,f,u,n,g,a,$,V,FIN,COND,SG,3,PRS	a,n,g,e,n,u,n,u,a
n,u,n,u,a,&,f,u,n,g,a,#,t,u,l,i,f,u,n,g,a,$,V,FIN,IND,PL,1,PST	t,u,l,i,n,u,n,u,a
n,u,n,u,a,&,f,u,n,g,a,#,m,a,f,u,n,g,a,$,V,INDF,FIN,IND,PL,2,PRS	m,a,n,u,n,u,a
n,u,n,u,a,&,f,u,n,g,a,#,u,n,a,f,u,n,g,a,$,V,DEF,FIN,IND,SG,2,PRS	u,n,a,n,u,n,u,a
n,u,n,u,a,&,f,u,n,g,a,#,w,a,a,f,u,n,g,a,$,V,INDF,FIN,IND,PL,3,PRS	w,a,a,n,u,n,u,a
n,u,n,u,a,&,f,u,n,g,a,#,a,t,a,f,u,n,g,a,$,V,FIN,IND,SG,3,FUT	a,t,a,n,u,n,u,a
n,u,n,u,a,&,f,u,n,g,a,#,n,i,l,i,f,u,n,g,a,$,V,FIN,IND,SG,1,PST	n,i,l,i,n,u,n,u,a
n,u,n,u,a,&,f,u,n,g,a,#,m,n,g,a,l,i,f,u,n,g,a,$,V,FIN,COND,PL,2,PST	m,n,g,a,l,i,n,u,n,u,a
n,u,n,u,a,&,f,u,n,g,a,#,t,u,h,u,f,u,n,g,a,$,V,HAB,FIN,IND,PL,1,PRS	t,u,h,u,n,u,n,u,a
n,u,n,u,a,&,f,u,n,g,a,#,a,n,a,f,u,n,g,a,$,V,DEF,FIN,IND,SG,3,PRS	a,n,a,n,u,n,u,a
n,u,n,u,a,&,f,u,n,g,a,#,u,n,g,a,l,i,f,u,n,g,a,$,V,FIN,COND,SG,2,PST	u,n,g,a,l,i,n,u,n,u,a
n,u,n,u,a,&,l,u,n,u,a,#,n,i,a,l,u,n,u,a,$,V,INDF,FIN,IND,SG,1,PRS	n,i,a,n,u,n,u,a
n,u,n,u,a,&,f,u,n,g,a,#,a,n,g,a,l,i,f,u,n,g,a,$,V,FIN,COND,SG,3,PST	a,n,g,a,l,i,n,u,n,u,a
n,u,n,u,a,&,f,u,n,g,a,#,n,i,n,a,f,u,n,g,a,$,V,DEF,FIN,IND,SG,1,PRS	n,i,n,a,n,u,n,u,a
n,u,n,u,a,&,f,u,n,g,a,#,m,m,e,f,u,n,g,a,$,V,PRF,FIN,IND,PL,2,PST	m,m,e,n,u,n,u,a
n,u,n,u,a,&,f,u,n,g,a,#,m,n,a,f,u,n,g,a,$,V,DEF,FIN,IND,PL,2,PRS	m,n,a,n,u,n,u,a
n,u,n,u,a,&,f,u,n,g,a,#,n,i,m,e,f,u,n,g,a,$,V,PRF,FIN,IND,SG,1,PST	n,i,m,e,n,u,n,u,a
n,u,n,u,a,&,f,u,n,g,a,#,n,i,n,g,a,l,i,f,u,n,g,a,$,V,FIN,COND,SG,1,PST	n,i,n,g,a,l,i,n,u,n,u,a
n,u,n,u,a,&,f,u,n,g,a,#,u,a,f,u,n,g,a,$,V,INDF,FIN,IND,SG,2,PRS	u,a,n,u,n,u,a
n,u,n,u,a,&,f,u,n,g,a,#,w,a,t,a,f,u,n,g,a,$,V,FIN,IND,PL,3,FUT	w,a,t,a,n,u,n,u,a
n,u,n,u,a,&,f,u,n,g,a,#,u,m,e,f,u,n,g,a,$,V,PRF,FIN,IND,SG,2,PST	u,m,e,n,u,n,u,a
n,u,n,u,a,&,f,u,n,g,a,#,m,h,u,f,u,n,g,a,$,V,HAB,FIN,IND,PL,2,PRS	m,h,u,n,u,n,u,a
n,u,n,u,a,&,f,u,n,g,a,#,a,a,f,u,n,g,a,$,V,INDF,FIN,IND,SG,3,PRS	a,a,n,u,n,u,a
p,a,n,g,u,z,a,&,p,u,n,g,u,z,a,#,a,n,a,p,u,n,g,u,z,a,$,V,DEF,FIN,IND,SG,3,PRS	a,n,a,p,a,n,g,u,z,a
p,a,n,g,u,z,a,&,p,u,n,g,u,z,a,#,m,n,a,p,u,n,g,u,z,a,$,V,DEF,FIN,IND,PL,2,PRS	m,n,a,p,a,n,g,u,z,a
p,a,n,g,u,z,a,&,p,u,n,g,u,z,a,#,n,i,t,a,p,u,n,g,u,z,a,$,V,FIN,IND,SG,1,FUT	n,i,t,a,p,a,n,g,u,z,a
p,a,n,g,u,z,a,&,p,u,n,g,u,z,a,#,a,a,p,u,n,g,u,z,a,$,V,INDF,FIN,IND,SG,3,PRS	a,a,p,a,n,g,u,z,a
p,a,n,g,u,z,a,&,p,u,n,g,u,z,a,#,a,n,g,a,l,i,p,u,n,g,u,z,a,$,V,FIN,COND,SG,3,PST	a,n,g,a,l,i,p,a,n,g,u,z,a
p,a,n,g,u,z,a,&,p,u,n,g,u,z,a,#,n,i,h,u,p,u,n,g,u,z,a,$,V,HAB,FIN,IND,SG,1,PRS	n,i,h,u,p,a,n,g,u,z,a
p,a,n,g,u,z,a,&,p,u,n,g,u,z,a,#,w,a,t,a,p,u,n,g,u,z,a,$,V,FIN,IND,PL,3,FUT	w,a,t,a,p,a,n,g,u,z,a
p,a,n,g,u,z,a,&,p,u,n,g,u,z,a,#,u,a,p,u,n,g,u,z,a,$,V,INDF,FIN,IND,SG,2,PRS	u,a,p,a,n,g,u,z,a
p,a,n,g,u,z,a,&,p,u,n,g,u,z,a,#,a,h,u,p,u,n,g,u,z,a,$,V,HAB,FIN,IND,SG,3,PRS	a,h,u,p,a,n,g,u,z,a
p,a,n,g,u,z,a,&,p,u,n,g,u,z,a,#,m,n,g,a,l,i,p,u,n,g,u,z,a,$,V,FIN,COND,PL,2,PST	m,n,g,a,l,i,p,a,n,g,u,z,a
p,a,n,g,u,z,a,&,p,u,n,g,u,z,a,#,t,u,h,u,p,u,n,g,u,z,a,$,V,HAB,FIN,IND,PL,1,PRS	t,u,h,u,p,a,n,g,u,z,a
p,a,n,g,u,z,a,&,p,u,n,g,u,z,a,#,a,l,i,p,u,n,g,u,z,a,$,V,FIN,IND,SG,3,PST	a,l,i,p,a,n,g,u,z,a
p,a,n,g,u,z,a,&,p,u,n,g,u,z,a,#,m,h,u,p,u,n,g,u,z,a,$,V,HAB,FIN,IND,PL,2,PRS	m,h,u,p,a,n,g,u,z,a
p,a,n,g,u,z,a,&,p,u,n,g,u,z,a,#,u,l,i,p,u,n,g,u,z,a,$,V,FIN,IND,SG,2,PST	u,l,i,p,a,n,g,u,z,a
p,a,n,g,u,z,a,&,p,u,n,g,u,z,a,#,w,a,l,i,p,u,n,g,u,z,a,$,V,FIN,IND,PL,3,PST	w,a,l,i,p,a,n,g,u,z,a
p,a,n,g,u,z,a,&,p,u,n,g,u,z,a,#,t,u,a,p,u,n,g,u,z,a,$,V,INDF,FIN,IND,PL,1,PRS	t,u,a,p,a,n,g,u,z,a
p,a,n,g,u,z,a,&,p,u,n,g,u,z,a,#,u,t,a,p,u,n,g,u,z,a,$,V,FIN,IND,SG,2,FUT	u,t,a,p,a,n,g,u,z,a
p,a,n,g,u,z,a,&,p,u,n,g,u,z,a,#,u,m,e,p,u,n,g,u,z,a,$,V,PRF,FIN,IND,SG,2,PST	u,m,e,p,a,n,g,u,z,a
p,a,n,g,u,z,a,&,p,u,n,g,u,z,a,#,m,n,g,e,p,u,n,g,u,z,a,$,V,FIN,COND,PL,2,PRS	m,n,g,e,p,a,n,g,u,z,a
p,a,n,g,u,z,a,&,p,u,n,g,u,z,a,#,m,a,p,u,n,g,u,z,a,$,V,INDF,FIN,IND,PL,2,PRS	m,a,p,a,n,g,u,z,a
p,a,n,g,u,z,a,&,p,u,n,g,u,z,a,#,k,u,p,u,n,g,u,z,a,$,V,FIN	k,u,p,a,n,g,u,z,a
p,a,n,g,u,z,a,&,p,u,n,g,u,z,a,#,u,n,g,e,p,u,n,g,u,z,a,$,V,FIN,COND,SG,2,PRS	u,n,g,e,p,a,n,g,u,z,a
p,a,n,g,u,z,a,&,p,u,n,g,u,z,a,#,w,a,m,e,p,u,n,g,u,z,a,$,V,PRF,FIN,IND,PL,3,PST	w,a,m,e,p,a,n,g,u,z,a
p,a,n,g,u,z,a,&,p,u,n,g,u,z,a,#,a,m,e,p,u,n,g,u,z,a,$,V,PRF,FIN,IND,SG,3,PST	a,m,e,p,a,n,g,u,z,a
p,a,n,g,u,z,a,&,p,u,n,g,u,z,a,#,n,i,n,g,e,p,u,n,g,u,z,a,$,V,FIN,COND,SG,1,PRS	n,i,n,g,e,p,a,n,g,u,z,a
p,a,n,g,u,z,a,&,p,u,n,g,u,z,a,#,m,m,e,p,u,n,g,u,z,a,$,V,PRF,FIN,IND,PL,2,PST	m,m,e,p,a,n,g,u,z,a
p,a,n,g,u,z,a,&,p,u,n,g,u,z,a,#,n,i,n,g,a,l,i,p,u,n,g,u,z,a,$,V,FIN,COND,SG,1,PST	n,i,n,g,a,l,i,p,a,n,g,u,z,a
p,a,n,g,u,z,a,&,p,u,n,g,u,z,a,#,t,u,l,i,p,u,n,g,u,z,a,$,V,FIN,IND,PL,1,PST	t,u,l,i,p,a,n,g,u,z,a
p,a,n,g,u,z,a,&,p,u,n,g,u,z,a,#,a,n,g,e,p,u,n,g,u,z,a,$,V,FIN,COND,SG,3,PRS	a,n,g,e,p,a,n,g,u,z,a
p,a,n,g,u,z,a,&,p,u,n,g,u,z,a,#,m,t,a,p,u,n,g,u,z,a,$,V,FIN,IND,PL,2,FUT	m,t,a,p,a,n,g,u,z,a
p,a,n,g,u,z,a,&,p,u,n,g,u,z,a,#,u,h,u,p,u,n,g,u,z,a,$,V,HAB,FIN,IND,SG,2,PRS	u,h,u,p,a,n,g,u,z,a
p,a,n,g,u,z,a,&,p,u,n,g,u,z,a,#,m,l,i,p,u,n,g,u,z,a,$,V,FIN,IND,PL,2,PST	m,l,i,p,a,n,g,u,z,a
p,a,n,g,u,z,a,&,p,u,n,g,u,z,a,#,t,u,n,g,a,l,i,p,u,n,g,u,z,a,$,V,FIN,COND,PL,1,PST	t,u,n,g,a,l,i,p,a,n,g,u,z,a
p,a,n,g,u,z,a,&,p,u,n,g,u,z,a,#,w,a,n,a,p,u,n,g,u,z,a,$,V,DEF,FIN,IND,PL,3,PRS	w,a,n,a,p,a,n,g,u,z,a
p,a,n,g,u,z,a,&,p,u,n,g,u,z,a,#,w,a,a,p,u,n,g,u,z,a,$,V,INDF,FIN,IND,PL,3,PRS	w,a,a,p,a,n,g,u,z,a
p,a,n,g,u,z,a,&,p,u,n,g,u,z,a,#,w,a,n,g,e,p,u,n,g,u,z,a,$,V,FIN,COND,PL,3,PRS	w,a,n,g,e,p,a,n,g,u,z,a
p,a,n,g,u,z,a,&,p,u,n,g,u,z,a,#,n,i,l,i,p,u,n,g,u,z,a,$,V,FIN,IND,SG,1,PST	n,i,l,i,p,a,n,g,u,z,a
p,a,n,g,u,z,a,&,p,u,n,g,u,z,a,#,n,i,m,e,p,u,n,g,u,z,a,$,V,PRF,FIN,IND,SG,1,PST	n,i,m,e,p,a,n,g,u,z,a
p,a,n,g,u,z,a,&,p,u,n,g,u,z,a,#,t,u,m,e,p,u,n,g,u,z,a,$,V,PRF,FIN,IND,PL,1,PST	t,u,m,e,p,a,n,g,u,z,a
p,a,n,g,u,z,a,&,p,u,n,g,u,z,a,#,n,i,a,p,u,n,g,u,z,a,$,V,INDF,FIN,IND,SG,1,PRS	n,i,a,p,a,n,g,u,z,a
p,a,n,g,u,z,a,&,p,u,n,g,u,z,a,#,u,n,g,a,l,i,p,u,n,g,u,z,a,$,V,FIN,COND,SG,2,PST	u,n,g,a,l,i,p,a,n,g,u,z,a
p,a,n,g,u,z,a,&,p,u,n,g,u,z,a,#,t,u,n,a,p,u,n,g,u,z,a,$,V,DEF,FIN,IND,PL,1,PRS	t,u,n,a,p,a,n,g,u,z,a
p,a,n,g,u,z,a,&,p,u,n,g,u,z,a,#,w,a,h,u,p,u,n,g,u,z,a,$,V,HAB,FIN,IND,PL,3,PRS	w,a,h,u,p,a,n,g,u,z,a
p,a,n,g,u,z,a,&,p,u,n,g,u,z,a,#,n,i,n,a,p,u,n,g,u,z,a,$,V,DEF,FIN,IND,SG,1,PRS	n,i,n,a,p,a,n,g,u,z,a
p,a,n,g,u,z,a,&,p,u,n,g,u,z,a,#,u,n,a,p,u,n,g,u,z,a,$,V,DEF,FIN,IND,SG,2,PRS	u,n,a,p,a,n,g,u,z,a
p,a,n,g,u,z,a,&,p,u,n,g,u,z,a,#,a,t,a,p,u,n,g,u,z,a,$,V,FIN,IND,SG,3,FUT	a,t,a,p,a,n,g,u,z,a
p,a,n,g,u,z,a,&,p,u,n,g,u,z,a,#,t,u,n,g,e,p,u,n,g,u,z,a,$,V,FIN,COND,PL,1,PRS	t,u,n,g,e,p,a,n,g,u,z,a
p,a,n,g,u,z,a,&,p,u,n,g,u,z,a,#,t,u,t,a,p,u,n,g,u,z,a,$,V,FIN,IND,PL,1,FUT	t,u,t,a,p,a,n,g,u,z,a
p,a,n,g,u,z,a,&,p,u,n,g,u,z,a,#,w,a,n,g,a,l,i,p,u,n,g,u,z,a,$,V,FIN,COND,PL,3,PST	w,a,n,g,a,l,i,p,a,n,g,u,z,a
c,h,a,n,g,a,n,y,a,&,c,h,a,f,y,a,#,w,a,l,i,c,h,a,f,y,a,$,V,FIN,IND,PL,3,PST	w,a,l,i,c,h,a,n,g,a,n,y,a
c,h,a,n,g,a,n,y,a,&,c,h,a,f,y,a,#,m,n,a,c,h,a,f,y,a,$,V,DEF,FIN,IND,PL,2,PRS	m,n,a,c,h,a,n,g,a,n,y,a
c,h,a,n,g,a,n,y,a,&,c,h,a,f,y,a,#,a,n,a,c,h,a,f,y,a,$,V,DEF,FIN,IND,SG,3,PRS	a,n,a,c,h,a,n,g,a,n,y,a
c,h,a,n,g,a,n,y,a,&,c,h,a,f,y,a,#,w,a,n,g,e,c,h,a,f,y,a,$,V,FIN,COND,PL,3,PRS	w,a,n,g,e,c,h,a,n,g,a,n,y,a
c,h,a,n,g,a,n,y,a,&,c,h,a,f,y,a,#,u,h,u,c,h,a,f,y,a,$,V,HAB,FIN,IND,SG,2,PRS	u,h,u,c,h,a,n,g,a,n,y,a
c,h,a,n,g,a,n,y,a,&,c,h,a,f,y,a,#,t,u,n,g,e,c,h,a,f,y,a,$,V,FIN,COND,PL,1,PRS	t,u,n,g,e,c,h,a,n,g,a,n,y,a
c,h,a,n,g,a,n,y,a,&,c,h,a,f,y,a,#,w,a,a,c,h,a,f,y,a,$,V,INDF,FIN,IND,PL,3,PRS	w,a,a,c,h,a,n,g,a,n,y,a
c,h,a,n,g,a,n,y,a,&,c,h,a,f,y,a,#,w,a,m,e,c,h,a,f,y,a,$,V,PRF,FIN,IND,PL,3,PST	w,a,m,e,c,h,a,n,g,a,n,y,a
c,h,a,n,g,a,n,y,a,&,c,h,a,f,y,a,#,t,u,a,c,h,a,f,y,a,$,V,INDF,FIN,IND,PL,1,PRS	t,u,a,c,h,a,n,g,a,n,y,a
c,h,a,n,g,a,n,y,a,&,c,h,a,f,y,a,#,n,i,n,g,a,l,i,c,h,a,f,y,a,$,V,FIN,COND,SG,1,PST	n,i,n,g,a,l,i,c,h,a,n,g,a,n,y,a
c,h,a,n,g,a,n,y,a,&,c,h,a,f,y,a,#,w,a,n,a,c,h,a,f,y,a,$,V,DEF,FIN,IND,PL,3,PRS	w,a,n,a,c,h,a,n,g,a,n,y,a
c,h,a,n,g,a,n,y,a,&,c,h,a,f,y,a,#,n,i,n,a,c,h,a,f,y,a,$,V,DEF,FIN,IND,SG,1,PRS	n,i,n,a,c,h,a,n,g,a,n,y,a
c,h,a,n,g,a,n,y,a,&,c,h,a,f,y,a,#,w,a,n,g,a,l,i,c,h,a,f,y,a,$,V,FIN,COND,PL,3,PST	w,a,n,g,a,l,i,c,h,a,n,g,a,n,y,a
c,h,a,n,g,a,n,y,a,&,c,h,a,f,y,a,#,u,a,c,h,a,f,y,a,$,V,INDF,FIN,IND,SG,2,PRS	u,a,c,h,a,n,g,a,n,y,a
c,h,a,n,g,a,n,y,a,&,c,h,a,f,y,a,#,n,i,m,e,c,h,a,f,y,a,$,V,PRF,FIN,IND,SG,1,PST	n,i,m,e,c,h,a,n,g,a,n,y,a
c,h,a,n,g,a,n,y,a,&,c,h,a,f,y,a,#,t,u,t,a,c,h,a,f,y,a,$,V,FIN,IND,PL,1,FUT	t,u,t,a,c,h,a,n,g,a,n,y,a
c,h,a,n,g,a,n,y,a,&,c,h,a,f,y,a,#,a,m,e,c,h,a,f,y,a,$,V,PRF,FIN,IND,SG,3,PST	a,m,e,c,h,a,n,g,a,n,y,a
c,h,a,n,g,a,n,y,a,&,c,h,a,f,y,a,#,m,n,g,e,c,h,a,f,y,a,$,V,FIN,COND,PL,2,PRS	m,n,g,e,c,h,a,n,g,a,n,y,a
c,h,a,n,g,a,n,y,a,&,c,h,a,f,y,a,#,t,u,n,a,c,h,a,f,y,a,$,V,DEF,FIN,IND,PL,1,PRS	t,u,n,a,c,h,a,n,g,a,n,y,a
c,h,a,n,g,a,n,y,a,&,c,h,a,a,y,a,#,u,m,e,c,h,a,a,y,a,$,V,PRF,FIN,IND,SG,2,PST	u,m,e,c,h,a,n,g,a,n,y,a
c,h,a,n,g,a,n,y,a,&,c,h,a,f,y,a,#,u,t,a,c,h,a,f,y,a,$,V,FIN,IND,SG,2,FUT	u,t,a,c,h,a,n,g,a,n,y,a
c,h,a,n,g,a,n,y,a,&,c,h,a,f,y,a,#,n,i,t,a,c,h,a,f,y,a,$,V,FIN,IND,SG,1,FUT	n,i,t,a,c,h,a,n,g,a,n,y,a
c,h,a,n,g,a,n,y,a,&,c,h,a,f,y,a,#,u,n,g,e,c,h,a,f,y,a,$,V,FIN,COND,SG,2,PRS	u,n,g,e,c,h,a,n,g,a,n,y,a
c,h,a,n,g,a,n,y,a,&,c,h,a,f,y,a,#,u,l,i,c,h,a,f,y,a,$,V,FIN,IND,SG,2,PST	u,l,i,c,h,a,n,g,a,n,y,a
c,h,a,n,g,a,n,y,a,&,c,h,a,f,y,a,#,t,u,l,i,c,h,a,f,y,a,$,V,FIN,IND,PL,1,PST	t,u,l,i,c,h,a,n,g,a,n,y,a
c,h,a,n,g,a,n,y,a,&,c,h,a,f,y,a,#,a,t,a,c,h,a,f,y,a,$,V,FIN,IND,SG,3,FUT	a,t,a,c,h,a,n,g,a,n,y,a
c,h,a,n,g,a,n,y,a,&,c,h,a,f,y,a,#,u,n,a,c,h,a,f,y,a,$,V,DEF,FIN,IND,SG,2,PRS	u,n,a,c,h,a,n,g,a,n,y,a
c,h,a,n,g,a,n,y,a,&,c,h,a,f,y,a,#,t,u,m,e,c,h,a,f,y,a,$,V,PRF,FIN,IND,PL,1,PST	t,u,m,e,c,h,a,n,g,a,n,y,a
c,h,a,n,g,a,n,y,a,&,c,h,a,f,y,a,#,w,a,h,u,c,h,a,f,y,a,$,V,HAB,FIN,IND,PL,3,PRS	w,a,h,u,c,h,a,n,g,a,n,y,a
c,h,a,n,g,a,n,y,a,&,c,h,a,f,y,a,#,m,n,g,a,l,i,c,h,a,f,y,a,$,V,FIN,COND,PL,2,PST	m,n,g,a,l,i,c,h,a,n,g,a,n,y,a
c,h,a,n,g,a,n,y,a,&,c,h,a,f,y,a,#,n,i,n,g,e,c,h,a,f,y,a,$,V,FIN,COND,SG,1,PRS	n,i,n,g,e,c,h,a,n,g,a,n,y,a
c,h,a,n,g,a,n,y,a,&,c,h,a,f,y,a,#,n,i,h,u,c,h,a,f,y,a,$,V,HAB,FIN,IND,SG,1,PRS	n,i,h,u,c,h,a,n,g,a,n,y,a
c,h,a,n,g,a,n,y,a,&,c,h,a,f,y,a,#,m,a,c,h,a,f,y,a,$,V,INDF,FIN,IND,PL,2,PRS	m,a,c,h,a,n,g,a,n,y,a
c,h,a,n,g,a,n,y,a,&,c,h,a,f,y,a,#,t,u,h,u,c,h,a,f,y,a,$,V,HAB,FIN,IND,PL,1,PRS	t,u,h,u,c,h,a,n,g,a,n,y,a
c,h,a,n,g,a,n,y,a,&,c,h,a,f,y,a,#,m,l,i,c,h,a,f,y,a,$,V,FIN,IND,PL,2,PST	m,l,i,c,h,a,n,g,a,n,y,a
c,h,a,n,g,a,n,y,a,&,c,h,a,f,y,a,#,m,h,u,c,h,a,f,y,a,$,V,HAB,FIN,IND,PL,2,PRS	m,h,u,c,h,a,n,g,a,n,y,a
c,h,a,n,g,a,n,y,a,&,c,h,a,f,y,a,#,m,m,e,c,h,a,f,y,a,$,V,PRF,FIN,IND,PL,2,PST	m,m,e,c,h,a,n,g,a,n,y,a
c,h,a,n,g,a,n,y,a,&,c,h,a,f,y,a,#,t,u,n,g,a,l,i,c,h,a,f,y,a,$,V,FIN,COND,PL,1,PST	t,u,n,g,a,l,i,c,h,a,n,g,a,n,y,a
c,h,a,n,g,a,n,y,a,&,c,h,a,f,y,a,#,a,n,g,a,l,i,c,h,a,f,y,a,$,V,FIN,COND,SG,3,PST	a,n,g,a,l,i,c,h,a,n,g,a,n,y,a
c,h,a,n,g,a,n,y,a,&,c,h,a,f,y,a,#,a,h,u,c,h,a,f,y,a,$,V,HAB,FIN,IND,SG,3,PRS	a,h,u,c,h,a,n,g,a,n,y,a
c,h,a,n,g,a,n,y,a,&,c,h,a,f,y,a,#,a,n,g,e,c,h,a,f,y,a,$,V,FIN,COND,SG,3,PRS	a,n,g,e,c,h,a,n,g,a,n,y,a
c,h,a,n,g,a,n,y,a,&,c,h,a,f,y,a,#,m,t,a,c,h,a,f,y,a,$,V,FIN,IND,PL,2,FUT	m,t,a,c,h,a,n,g,a,n,y,a
c,h,a,n,g,a,n,y,a,&,c,h,a,f,y,a,#,a,l,i,c,h,a,f,y,a,$,V,FIN,IND,SG,3,PST	a,l,i,c,h,a,n,g,a,n,y,a
c,h,a,n,g,a,n,y,a,&,c,h,a,f,y,a,#,k,u,c,h,a,f,y,a,$,V,FIN	k,u,c,h,a,n,g,a,n,y,a
c,h,a,n,g,a,n,y,a,&,c,h,a,f,y,a,#,w,a,t,a,c,h,a,f,y,a,$,V,FIN,IND,PL,3,FUT	w,a,t,a,c,h,a,n,g,a,n,y,a
c,h,a,n,g,a,n,y,a,&,c,h,a,f,y,a,#,a,a,c,h,a,f,y,a,$,V,INDF,FIN,IND,SG,3,PRS	a,a,c,h,a,n,g,a,n,y,a
c,h,a,n,g,a,n,y,a,&,c,h,a,f,y,a,#,n,i,a,c,h,a,f,y,a,$,V,INDF,FIN,IND,SG,1,PRS	n,i,a,c,h,a,n,g,a,n,y,a
c,h,a,n,g,a,n,y,a,&,c,h,a,f,y,a,#,n,i,l,i,c,h,a,f,y,a,$,V,FIN,IND,SG,1,PST	n,i,l,i,c,h,a,n,g,a,n,y,a
c,h,a,n,g,a,n,y,a,&,c,h,a,f,y,a,#,u,n,g,a,l,i,c,h,a,f,y,a,$,V,FIN,COND,SG,2,PST	u,n,g,a,l,i,c,h,a,n,g,a,n,y,a
