á,s,a,&,s,á,m,a,#,n,a,g,s,a,s,á,m,a,$,V,IPFV,AGFOC	u,m,a,á,s,a
á,s,a,&,s,á,m,a,#,n,a,g,s,á,m,a,$,V,PFV,AGFOC	u,m,á,s,a
á,s,a,&,s,á,m,a,#,i,s,a,s,á,m,a,$,V,PFOC,LGSPEC1	a,á,s,a,h,a,n
á,s,a,&,s,á,m,a,#,s,á,m,a,$,V,NFIN	á,s,a
á,s,a,&,á,s,w,a,#,m,a,g,k,i,á,s,w,a,$,V,AGFOC,LGSPEC1	a,á,s,a
á,s,a,&,s,á,m,a,#,i,s,i,n,á,m,a,$,V,PFV,PFOC	i,n,á,s,a,h,a,n
á,s,a,&,s,á,m,a,#,i,s,i,n,a,s,á,m,a,$,V,IPFV,PFOC	i,n,a,á,s,a,h,a,n
l,í,t,o,&,l,í,t,o,t,#,n,a,g,l,í,t,o,t,$,V,PFV,AGFOC	n,a,l,í,t,o
l,í,t,o,&,k,í,t,a,#,m,a,k,i,k,i,p,a,g,k,í,t,a,$,V,PFOC,LGSPEC1	l,i,l,i,t,u,h,i,n
l,í,t,o,&,k,í,t,a,#,n,a,k,i,p,a,g,k,í,t,a,$,V,PFV,PFOC	n,i,l,í,t,o
l,í,t,o,&,k,í,t,a,#,m,a,g,k,i,k,í,t,a,$,V,AGFOC,LGSPEC1	m,a,l,i,l,í,t,o
l,í,t,o,&,l,í,k,o,#,l,í,k,o,$,V,NFIN	l,í,t,o
l,í,t,o,&,l,í,t,a,#,n,a,g,k,i,l,í,t,a,$,V,IPFV,AGFOC	n,a,l,i,l,í,t,o
l,í,t,o,&,k,í,t,a,#,n,a,k,i,k,i,p,a,g,k,í,t,a,$,V,IPFV,PFOC	n,i,l,i,l,í,t,o
b,a,l,i,t,a,&,b,a,l,o,t,#,b,a,b,a,l,u,t,i,n,$,V,PFOC,LGSPEC1	i,b,a,b,a,l,i,t,a
b,a,l,i,t,a,&,b,a,l,o,t,#,n,a,g,b,a,l,o,t,$,V,PFV,AGFOC	n,a,g,b,a,l,i,t,a
b,a,l,i,t,a,&,b,a,l,o,t,#,b,i,n,a,l,o,t,$,V,PFV,PFOC	b,i,n,a,l,i,t,a
b,a,l,i,t,a,&,b,a,l,o,t,#,b,i,n,a,b,a,l,o,t,$,V,IPFV,PFOC	b,i,n,a,b,a,l,i,t,a
b,a,l,i,t,a,&,b,a,l,o,t,#,b,a,l,o,t,$,V,NFIN	b,a,l,i,t,a
b,a,l,i,t,a,&,b,p,l,i,t,a,#,b,i,b,p,l,i,t,a,$,V,AGFOC,LGSPEC1	m,a,g,b,a,b,a,l,i,t,a
b,a,l,i,t,a,&,b,a,l,o,t,#,n,a,g,b,a,b,a,l,o,t,$,V,IPFV,AGFOC	n,a,g,b,a,b,a,l,i,t,a
g,u,h,i,t,&,g,u,p,i,t,#,g,u,g,u,p,i,t,i,n,$,V,PFOC,LGSPEC1	g,u,g,u,h,i,t,i,n
g,u,h,i,t,&,g,u,p,i,t,#,m,a,g,g,u,g,u,p,i,t,$,V,AGFOC,LGSPEC1	m,a,g,g,u,g,u,h,i,t
g,u,h,i,t,&,g,u,p,i,t,#,g,i,n,u,p,i,t,$,V,PFV,PFOC	g,i,n,u,h,i,t
g,u,h,i,t,&,g,u,p,i,t,#,g,i,n,u,g,u,p,i,t,$,V,IPFV,PFOC	g,i,n,u,g,u,h,i,t
g,u,h,i,t,&,g,u,p,i,t,#,n,a,g,g,u,p,i,t,$,V,PFV,AGFOC	n,a,g,g,u,h,i,t
g,u,h,i,t,&,g,u,p,i,t,#,g,u,p,i,t,$,V,NFIN	g,u,h,i,t
g,u,h,i,t,&,g,u,p,i,t,#,n,a,g,p,a,p,a,g,u,p,i,t,$,V,IPFV,AGFOC	n,a,g,g,u,g,u,h,i,t
m,á,s,i,d,&,h,á,s,i,u,#,h,i,n,á,s,i,u,a,n,$,V,PFV,PFOC	m,i,n,á,s,d,a,n
m,á,s,i,d,&,i,s,i,d,#,m,a,g,-,i,i,s,i,d,$,V,AGFOC,LGSPEC1	m,a,g,m,a,m,á,s,i,d
m,á,s,i,d,&,i,s,i,p,#,n,a,g,-,i,i,s,i,p,$,V,IPFV,AGFOC	n,a,g,m,a,m,á,s,i,d
m,á,s,i,d,&,g,í,s,i,d,#,g,í,s,i,d,$,V,NFIN	m,á,s,i,d
m,á,s,i,d,&,i,s,i,p,#,i,n,i,i,s,i,p,$,V,IPFV,PFOC	m,i,n,a,m,á,s,d,a,n
m,á,s,i,d,&,i,s,i,p,#,i,i,s,i,p,$,V,PFOC,LGSPEC1	m,a,m,á,s,d,a,n
m,á,s,i,d,&,m,á,i,t,#,u,m,m,á,i,t,$,V,PFV,AGFOC	n,a,g,m,á,s,i,d
s,u,r,i,',&,s,u,r,í,',#,s,i,n,u,s,u,r,í,',$,V,IPFV,PFOC	s,i,n,u,s,u,r,i,'
s,u,r,i,',&,s,u,r,í,',#,s,u,s,u,r,í,',i,n,$,V,PFOC,LGSPEC1	s,u,s,u,r,i,i,n
s,u,r,i,',&,s,u,r,í,',#,m,a,g,s,u,s,u,r,í,',$,V,AGFOC,LGSPEC1	m,a,g,s,u,s,u,r,i,'
s,u,r,i,',&,s,u,r,í,',#,s,u,r,í,',$,V,NFIN	s,u,r,i,'
s,u,r,i,',&,s,u,r,í,',#,s,i,n,u,r,í,',$,V,PFV,PFOC	s,i,n,u,r,i,'
s,u,r,i,',&,s,u,r,í,',#,n,a,g,s,u,s,u,r,í,',$,V,IPFV,AGFOC	n,a,g,s,u,s,u,r,i,'
s,u,r,i,',&,s,u,r,í,',#,n,a,g,s,u,r,í,',$,V,PFV,AGFOC	n,a,g,s,u,r,i,'
t,á,a,s,&,t,a,a,s,#,n,a,g,t,a,t,a,a,s,$,V,IPFV,AGFOC	n,a,g,t,a,t,á,a,s
t,á,a,s,&,t,a,a,s,#,t,a,a,s,$,V,NFIN	t,á,a,s
t,á,a,s,&,t,a,a,s,#,m,a,g,t,a,t,a,a,s,$,V,AGFOC,LGSPEC1	m,a,g,t,a,t,á,a,s
t,á,a,s,&,t,a,a,s,#,i,t,a,t,a,a,s,$,V,PFOC,LGSPEC1	t,a,t,á,a,s,i,n
t,á,a,s,&,t,a,a,s,#,n,a,g,t,a,a,s,$,V,PFV,AGFOC	n,a,g,t,á,a,s
t,á,a,s,&,t,a,a,s,#,i,t,i,n,a,a,s,$,V,PFV,PFOC	t,i,n,á,a,s
t,á,a,s,&,t,a,a,s,#,i,t,i,n,a,t,a,a,s,$,V,IPFV,PFOC	t,i,n,a,t,á,a,s
o,k,u,p,á,&,a,k,u,s,a,#,i,n,a,a,k,u,s,a,h,a,n,$,V,IPFV,PFOC	i,n,o,o,k,u,p,á
o,k,u,p,á,&,o,k,ó,a,á,#,o,k,ó,a,á,$,V,NFIN	o,k,u,p,á
o,k,u,p,á,&,a,k,u,s,a,#,n,a,g,-,a,k,u,s,a,$,V,PFV,AGFOC	n,a,g,-,o,k,u,p,á
o,k,u,p,á,&,a,k,u,s,a,#,a,a,k,u,s,a,h,a,n,$,V,PFOC,LGSPEC1	o,o,k,u,p,á,h,i,n
o,k,u,p,á,&,a,k,u,s,a,#,i,n,a,k,u,s,a,h,a,n,$,V,PFV,PFOC	i,n,o,k,u,p,á
o,k,u,p,á,&,a,k,u,s,a,#,m,a,n,g,-,a,a,k,u,s,a,$,V,AGFOC,LGSPEC1	m,a,g,-,o,o,k,u,p,á
o,k,u,p,á,&,a,k,u,s,a,#,n,a,n,g,-,a,a,k,u,s,a,$,V,IPFV,AGFOC	n,a,g,-,o,o,k,u,p,á
a,n,a,k,&,w,a,s,a,k,#,m,a,w,a,w,a,s,a,k, ,w,a,w,a,s,a,k,i,n,$,V,PFOC,LGSPEC1	i,p,a,p,a,n,g,a,n,a,k
a,n,a,k,&,w,a,s,a,k,#,n,a,g,w,a,w,a,s,a,k,$,V,IPFV,AGFOC	n,a,n,g,a,n,g,a,n,a,k
a,n,a,k,&,a,n,a,m,#,i,n,a,n,a,m,$,V,PFV,PFOC	i,p,i,n,a,n,g,a,n,a,k
a,n,a,k,&,w,a,s,a,k,#,n,a,g,w,a,s,a,k,$,V,PFV,AGFOC	n,a,n,g,a,n,a,k
a,n,a,k,&,w,a,s,a,k,#,w,a,s,a,k,$,V,NFIN	a,n,a,k
a,n,a,k,&,w,a,s,a,k,#,m,a,g,w,a,w,a,s,a,k,$,V,AGFOC,LGSPEC1	m,a,n,g,a,n,g,a,n,a,k
a,n,a,k,&,w,a,s,a,k,#,n,a,w,a,w,a,s,a,k, ,w,i,n,a,w,a,s,a,k,$,V,IPFV,PFOC	p,i,n,a,p,a,n,g,a,n,a,k
b,i,t,b,i,t,&,b,u,t,i,#,b,u,t,i,$,V,NFIN	b,i,t,b,i,t
b,i,t,b,i,t,&,k,t,b,i,t,#,k,i,n,t,b,i,t,$,V,PFV,PFOC	b,i,n,i,t,b,i,t
b,i,t,b,i,t,&,b,u,t,i,#,b,u,b,u,t,i,$,V,AGFOC,LGSPEC1	m,a,g,b,i,b,i,t,b,i,t
b,i,t,b,i,t,&,b,u,t,i,#,b,u,m,u,t,i,$,V,PFV,AGFOC	n,a,g,b,i,t,b,i,t
b,i,t,b,i,t,&,b,u,t,i,#,i,b,i,n,o,b,u,t,i,$,V,IPFV,PFOC	b,i,n,i,b,i,t,b,i,t
b,i,t,b,i,t,&,b,u,t,i,#,i,b,u,b,u,t,i,$,V,PFOC,LGSPEC1	b,i,b,i,t,b,i,t,i,n
b,i,t,b,i,t,&,b,i,t,i,#,b,u,m,i,b,i,t,i,$,V,IPFV,AGFOC	n,a,g,b,i,b,i,t,b,i,t
p,a,a,l,a,m,&,p,a,a,a,w,#,m,a,g,p,a,p,a,a,a,w,$,V,AGFOC,LGSPEC1	m,a,g,p,a,p,a,a,l,a,m
p,a,a,l,a,m,&,w,a,l,a,',#,n,a,w,a,l,a,',$,V,PFV,AGFOC	n,a,g,p,a,a,l,a,m
p,a,a,l,a,m,&,a,l,a,m,#,a,l,a,m,$,V,NFIN	p,a,a,l,a,m
p,a,a,l,a,m,&,w,a,l,a,',#,n,a,w,a,w,a,l,a,',$,V,IPFV,AGFOC	n,a,g,p,a,p,a,a,l,a,m
t,a,l,o,n,&,t,a,p,o,n,#,m,a,g,t,a,t,a,p,o,n,$,V,AGFOC,LGSPEC1	t,a,t,a,l,o,n
t,a,l,o,n,&,t,a,p,o,n,#,t,i,n,a,t,a,p,o,n,$,V,IPFV,PFOC	t,i,n,a,t,a,l,o,n
t,a,l,o,n,&,t,a,p,o,n,#,n,a,g,t,a,p,o,n,$,V,PFV,AGFOC	t,u,m,a,l,o,n
t,a,l,o,n,&,t,a,p,o,n,#,t,a,p,o,n,$,V,NFIN	t,a,l,o,n
t,a,l,o,n,&,t,a,p,o,n,#,t,i,n,a,p,o,n,$,V,PFV,PFOC	t,i,n,a,l,o,n
t,a,l,o,n,&,t,a,p,o,n,#,n,a,g,t,a,t,a,p,o,n,$,V,IPFV,AGFOC	t,u,m,a,t,a,l,o,n
t,a,l,o,n,&,t,a,p,o,n,#,i,t,a,t,a,p,o,n,$,V,PFOC,LGSPEC1	t,a,t,a,l,u,n,i,n
p,l,a,n,t,s,a,&,p,a,s,a,#,n,a,g,p,a,p,a,s,a,$,V,IPFV,AGFOC	n,a,g,p,a,p,l,a,n,t,s,a
p,l,a,n,t,s,a,&,p,a,s,a,#,p,a,s,a,$,V,NFIN	p,l,a,n,t,s,a
p,l,a,n,t,s,a,&,p,a,s,a,#,n,a,g,p,a,s,a,$,V,PFV,AGFOC	n,a,g,p,l,a,n,t,s,a
p,l,a,n,t,s,a,&,p,a,s,a,#,i,p,á,p,a,s,a,$,V,PFOC,LGSPEC1	p,a,p,l,a,n,t,s,a,h,i,n
p,l,a,n,t,s,a,&,p,a,s,a,#,m,a,g,p,a,p,a,s,a,$,V,AGFOC,LGSPEC1	m,a,g,p,l,a,p,l,a,n,t,s,a
p,l,a,n,t,s,a,&,p,a,s,a,#,p,i,n,á,p,a,s,a,$,V,IPFV,PFOC	p,i,n,a,p,l,a,n,t,s,a
p,l,a,n,t,s,a,&,p,a,s,a,#,i,p,i,n,a,s,a,$,V,PFV,PFOC	p,i,n,a,l,t,s,a
h,í,l,o,&,h,u,l,o,g,#,n,a,h,u,l,o,g,$,V,PFV,AGFOC	n,a,h,í,l,o
h,í,l,o,&,h,u,l,o,g,#,m,a,h,u,h,u,l,o,g,$,V,AGFOC,LGSPEC1	m,a,h,i,h,í,l,o
h,í,l,o,&,h,u,l,o,g,#,n,a,h,u,h,u,l,o,g,$,V,IPFV,AGFOC	n,a,h,i,h,í,l,o
h,í,l,o,&,h,u,l,o,g,#,h,u,l,o,g,$,V,NFIN	h,í,l,o
s,a,y,a,w,&,a,y,a,w,#,u,m,a,a,y,a,w,$,V,IPFV,AGFOC	s,u,m,a,s,a,y,a,w
s,a,y,a,w,&,a,y,a,w,#,i,n,a,y,a,w,a,n,$,V,PFV,PFOC	s,i,n,a,y,a,w
s,a,y,a,w,&,a,y,a,w,#,a,a,y,a,w,$,V,AGFOC,LGSPEC1	s,a,s,a,y,a,w
s,a,y,a,w,&,a,y,a,w,#,a,y,a,w,$,V,NFIN	s,a,y,a,w
s,a,y,a,w,&,a,y,a,w,#,a,a,y,a,w,a,n,$,V,PFOC,LGSPEC1	s,a,s,a,y,a,w,i,n
s,a,y,a,w,&,a,y,a,w,#,i,n,a,a,y,a,w,a,n,$,V,IPFV,PFOC	s,i,n,a,s,a,y,a,w
s,a,y,a,w,&,a,y,a,w,#,u,m,a,y,a,w,$,V,PFV,AGFOC	s,u,m,a,y,a,w
s,á,k,i,t,&,s,u,l,i,t,#,n,a,g,s,u,s,u,l,i,t,$,V,IPFV,AGFOC	s,u,m,a,s,á,k,i,t
s,á,k,i,t,&,s,u,l,i,t,#,n,a,g,s,u,l,i,t,$,V,PFV,AGFOC	n,a,s,á,k,t,a,n
s,á,k,i,t,&,s,u,l,i,t,#,s,u,s,u,l,i,t,$,V,AGFOC,LGSPEC1	s,a,s,á,k,i,t
s,á,k,i,t,&,s,u,l,i,t,#,s,i,n,u,l,i,t,$,V,PFV,PFOC	s,i,n,á,k,t,a,n
s,á,k,i,t,&,s,u,l,i,t,#,s,u,s,u,l,i,t,i,n,$,V,PFOC,LGSPEC1	s,a,s,á,k,t,a,n
s,á,k,i,t,&,s,u,l,i,t,#,s,u,l,i,t,$,V,NFIN	s,á,k,i,t
s,á,k,i,t,&,s,u,l,i,t,#,s,i,n,u,s,u,l,i,t,$,V,IPFV,PFOC	s,i,n,a,s,á,k,t,a,n
s,a,r,á,&,s,a,r,a,#,s,a,r,a,$,V,NFIN	s,a,r,á
s,a,r,á,&,s,a,r,a,#,i,s,a,s,a,r,a,$,V,PFOC,LGSPEC1	i,s,a,s,a,r,á
s,a,r,á,&,s,a,r,a,#,n,a,g,s,a,r,a,$,V,PFV,AGFOC	n,a,g,s,a,r,á
s,a,r,á,&,s,a,r,a,#,m,a,g,s,a,s,a,r,a,$,V,AGFOC,LGSPEC1	m,a,g,s,a,s,a,r,á
s,a,r,á,&,s,a,r,a,#,s,i,n,a,s,a,r,a,$,V,IPFV,PFOC	s,i,n,a,s,a,r,á
s,a,r,á,&,s,a,r,a,#,s,i,n,a,r,a,$,V,PFV,PFOC	s,i,n,a,r,á
s,a,r,á,&,s,a,r,a,#,n,a,g,s,a,s,a,r,a,$,V,IPFV,AGFOC	n,a,g,s,a,s,a,r,á
d,a,t,i,n,g, ,r,a,t,i,n,g,&,d,a,t,i,n,g,#,d,u,m,a,r,a,t,i,n,g,$,V,IPFV,AGFOC	d,u,m,a,r,a,t,i,n,g, ,n,a,r,a,r,a,t,i,n,g
d,a,t,i,n,g, ,r,a,t,i,n,g,&,d,a,t,i,n,g,#,d,a,r,a,t,i,n,g,$,V,AGFOC,LGSPEC1	d,a,r,a,t,i,n,g, ,m,a,r,a,r,a,t,i,n,g
d,a,t,i,n,g, ,r,a,t,i,n,g,&,d,a,t,i,n,g,#,d,a,t,i,n,g,$,V,NFIN	d,a,t,i,n,g, ,r,a,t,i,n,g
d,a,t,i,n,g, ,r,a,t,i,n,g,&,d,a,t,i,n,g,#,d,u,m,a,t,i,n,g,$,V,PFV,AGFOC	d,u,m,a,t,i,n,g, ,n,a,r,a,t,i,n,g
a,l,a,g,a,',&,a,l,a,g,a,#,i,n,a,a,l,a,g,a,a,a,n,$,V,IPFV,PFOC	i,n,a,a,l,a,g,a,a,n
a,l,a,g,a,',&,a,l,a,g,a,#,n,a,g,-,a,l,a,g,a,$,V,PFV,AGFOC	n,a,g,-,a,l,a,g,a,'
a,l,a,g,a,',&,a,l,a,g,a,#,i,n,a,l,a,g,a,a,n,$,V,PFV,PFOC	i,n,a,l,a,g,a,a,n
a,l,a,g,a,',&,a,l,a,g,a,#,n,a,g,-,a,a,l,a,g,a,$,V,IPFV,AGFOC	n,a,g,-,a,a,l,a,g,a,'
a,l,a,g,a,',&,a,l,a,g,a,#,a,l,a,g,a,$,V,NFIN	a,l,a,g,a,'
a,l,a,g,a,',&,a,l,a,g,a,#,m,a,g,-,a,a,l,a,g,a,$,V,AGFOC,LGSPEC1	m,a,g,-,a,a,l,a,g,a,'
a,l,a,g,a,',&,a,l,a,g,a,#,a,a,l,a,g,a,a,n,$,V,PFOC,LGSPEC1	a,a,l,a,g,a,a,n
i,n,i,s,&,i,n,i,t,#,i,n,i,n,i,t,$,V,PFV,PFOC	i,n,i,n,i,s
i,n,i,s,&,i,n,i,t,#,n,a,g,-,i,i,n,i,t,$,V,IPFV,AGFOC	n,a,n,g,-,i,i,n,i,s
i,n,i,s,&,i,n,i,t,#,n,a,g,-,i,n,i,t,$,V,PFV,AGFOC	n,a,n,g,-,i,n,i,s
i,n,i,s,&,i,n,i,t,#,i,i,n,i,t,i,n,$,V,PFOC,LGSPEC1	i,i,n,i,s,i,n
i,n,i,s,&,i,n,i,t,#,i,n,i,i,n,i,t,$,V,IPFV,PFOC	i,n,i,i,n,i,s
i,n,i,s,&,i,n,i,t,#,m,a,g,-,i,i,n,i,t,$,V,AGFOC,LGSPEC1	m,a,n,g,-,i,i,n,i,s
i,n,i,s,&,i,n,i,t,#,i,n,i,t,$,V,NFIN	i,n,i,s
l,a,b,a,s,&,l,a,y,a,s,#,l,a,l,a,y,a,s,$,V,AGFOC,LGSPEC1	m,a,g,l,a,l,a,b,a,s
l,a,b,a,s,&,l,a,b,a,g,#,l,a,l,a,b,a,g,i,n,$,V,PFOC,LGSPEC1	i,l,a,l,a,b,a,s
l,a,b,a,s,&,l,a,b,a,g,#,n,i,l,a,b,a,g,$,V,PFV,PFOC	n,i,l,a,b,a,s
l,a,b,a,s,&,l,a,y,a,s,#,l,a,y,a,s,$,V,NFIN	l,a,b,a,s
l,a,b,a,s,&,l,a,y,a,s,#,l,u,m,a,y,a,s,$,V,PFV,AGFOC	l,u,m,a,b,a,s
l,a,b,a,s,&,l,a,y,a,s,#,l,u,m,a,l,a,y,a,s,$,V,IPFV,AGFOC	l,u,m,a,l,a,b,a,s
l,a,b,a,s,&,l,a,b,a,g,#,n,i,l,a,l,a,b,a,g,$,V,IPFV,PFOC	n,i,l,a,l,a,b,a,s
l,a,b,a,s,&,l,a,y,a,s,#,l,u,m,a,y,a,s,$,V,PFV,AGFOC	n,a,g,l,a,b,a,s
s,a,g,o,t,&,b,a,l,o,t,#,b,a,l,o,t,$,V,NFIN	s,a,g,o,t
s,a,g,o,t,&,s,a,l,o,t,#,b,a,s,a,l,u,t,i,n,$,V,PFOC,LGSPEC1	s,a,s,a,g,u,t,i,n
s,a,g,o,t,&,t,a,g,o,t,#,m,a,g,t,a,t,a,g,o,t,$,V,AGFOC,LGSPEC1	s,a,s,a,g,o,t
s,a,g,o,t,&,s,a,o,t,#,s,i,n,a,o,t,$,V,PFV,PFOC	s,i,n,a,g,o,t
s,a,g,o,t,&,b,a,l,o,t,#,b,i,n,a,b,a,l,o,t,$,V,IPFV,PFOC	s,i,n,a,s,a,g,o,t
s,a,g,o,t,&,b,a,l,o,t,#,n,a,g,b,a,l,o,t,$,V,PFV,AGFOC	s,u,m,a,g,o,t
s,a,g,o,t,&,s,a,g,o,h,#,n,a,g,t,a,s,a,g,o,h,$,V,IPFV,AGFOC	s,u,m,a,s,a,g,o,t
l,a,g,a,y,&,l,a,g,a,#,n,i,l,a,l,a,g,a,$,V,IPFV,PFOC	n,i,l,a,l,a,g,a,y
l,a,g,a,y,&,l,a,g,a,#,n,i,l,a,g,a,$,V,PFV,PFOC	n,i,l,a,g,a,y
l,a,g,a,y,&,l,a,g,a,#,i,l,a,l,a,g,a,$,V,PFOC,LGSPEC1	i,l,a,l,a,g,a,y
l,a,g,a,y,&,l,a,g,a,#,n,a,g,l,a,l,a,g,a,$,V,IPFV,AGFOC	n,a,g,l,a,l,a,g,a,y
l,a,g,a,y,&,l,a,g,a,#,m,a,g,l,a,l,a,g,a,$,V,AGFOC,LGSPEC1	m,a,g,l,a,l,a,g,a,y
l,a,g,a,y,&,l,a,g,a,#,l,a,g,a,$,V,NFIN	l,a,g,a,y
l,a,g,a,y,&,l,a,g,a,#,n,a,g,l,a,g,a,$,V,PFV,AGFOC	n,a,g,l,a,g,a,y
i,b,i,g,&,i,s,i,p,#,n,a,g,-,i,s,i,p,$,V,PFV,AGFOC	u,m,i,b,i,g
i,b,i,g,&,i,s,i,g,#,m,a,g,-,i,i,s,i,g,$,V,AGFOC,LGSPEC1	i,i,b,i,g
i,b,i,g,&,i,s,i,p,#,i,s,i,p,$,V,NFIN	i,b,i,g
i,b,i,g,&,i,s,i,p,#,i,n,i,i,s,i,p,$,V,IPFV,PFOC	i,n,i,i,b,i,g
i,b,i,g,&,i,n,i,g,#,u,m,i,i,n,i,g,$,V,IPFV,AGFOC	u,m,i,i,b,i,g
i,b,i,g,&,i,s,i,p,#,i,i,s,i,p,$,V,PFOC,LGSPEC1	i,i,b,i,g,i,n
i,b,i,g,&,i,b,i,e,#,i,n,i,b,i,e,$,V,PFV,PFOC	i,n,i,b,i,g
s,i,e,s,t,a,&,s,i,t,a,#,n,a,g,p,a,p,a,s,i,t,a,$,V,IPFV,AGFOC	n,a,g,s,i,s,i,e,s,t,a
s,i,e,s,t,a,&,k,i,t,a,#,m,a,g,p,a,p,a,k,i,t,a,$,V,AGFOC,LGSPEC1	m,a,g,s,i,s,i,e,s,t,a
s,i,e,s,t,a,&,s,i,n,t,a,#,s,i,n,t,a,$,V,NFIN	s,i,e,s,t,a
s,i,e,s,t,a,&,k,i,t,a,#,n,a,g,p,a,k,i,t,a,$,V,PFV,AGFOC	n,a,g,s,i,e,s,t,a
p,a,l,a,k,p,a,k,&,p,a,r,a,d,a,#,p,u,m,a,p,a,r,a,d,a,$,V,IPFV,AGFOC	p,u,m,a,p,a,l,a,k,p,a,k
p,a,l,a,k,p,a,k,&,p,l,k,p,o,k,#,p,u,p,l,k,p,u,k,i,n,$,V,PFOC,LGSPEC1	p,a,p,a,l,a,k,p,a,k,a,n
p,a,l,a,k,p,a,k,&,p,a,r,a,d,a,#,p,a,r,a,d,a,$,V,NFIN	p,a,l,a,k,p,a,k
p,a,l,a,k,p,a,k,&,p,a,l,a,á,a,#,i,p,i,n,a,p,a,l,a,á,a,$,V,IPFV,PFOC	p,i,n,a,p,a,l,a,k,p,a,k,a,n
p,a,l,a,k,p,a,k,&,p,a,r,a,d,a,#,p,u,m,a,r,a,d,a,$,V,PFV,AGFOC	p,u,m,a,l,a,k,p,a,k
p,a,l,a,k,p,a,k,&,p,a,r,a,d,a,#,i,p,i,n,a,r,a,d,a,$,V,PFV,PFOC	p,i,n,a,l,a,k,p,a,k,a,n
p,a,l,a,k,p,a,k,&,p,a,r,a,d,a,#,p,a,p,a,r,a,d,a,$,V,AGFOC,LGSPEC1	p,a,p,a,l,a,k,p,a,k
ú,t,o,t,&,á,b,o,t,#,n,a,g,-,a,á,b,o,t,$,V,IPFV,AGFOC	u,m,u,ú,t,o,t
ú,t,o,t,&,á,b,o,t,#,m,a,g,-,a,á,b,o,t,$,V,AGFOC,LGSPEC1	u,ú,t,o,t
ú,t,o,t,&,á,b,o,t,#,n,a,g,-,á,b,o,t,$,V,PFV,AGFOC	u,m,ú,t,o,t
ú,t,o,t,&,á,b,o,t,#,i,n,a,á,b,o,t,$,V,IPFV,PFOC	i,n,u,ú,t,o,t
ú,t,o,t,&,á,t,o,t,#,i,a,á,t,o,t,$,V,PFOC,LGSPEC1	u,ú,t,u,t,i,n
ú,t,o,t,&,á,b,o,t,#,á,b,o,t,$,V,NFIN	ú,t,o,t
ú,t,o,t,&,á,b,o,t,#,i,n,a,b,o,t,$,V,PFV,PFOC	i,n,ú,t,o,t
s,a,l,i,t,a,',&,s,u,l,i,t,#,s,i,n,u,s,u,l,i,t,$,V,IPFV,PFOC	s,i,n,a,s,a,l,i,t,a,'
s,a,l,i,t,a,',&,s,u,l,i,t,#,s,i,n,u,l,i,t,$,V,PFV,PFOC	s,i,n,a,l,i,t,a,'
s,a,l,i,t,a,',&,s,u,l,i,t,#,s,u,s,u,l,i,t,$,V,AGFOC,LGSPEC1	m,a,g,s,a,s,a,l,i,t,a,'
s,a,l,i,t,a,',&,s,u,l,i,t,#,s,u,s,u,l,i,t,i,n,$,V,PFOC,LGSPEC1	s,a,s,a,l,i,t,a,i,n
s,a,l,i,t,a,',&,s,u,l,i,t,#,n,a,g,s,u,l,i,t,$,V,PFV,AGFOC	n,a,g,s,a,l,i,t,a,'
s,a,l,i,t,a,',&,s,u,l,i,t,#,n,a,g,s,u,s,u,l,i,t,$,V,IPFV,AGFOC	n,a,g,s,a,s,a,l,i,t,a,'
s,a,l,i,t,a,',&,s,u,l,i,t,#,s,u,l,i,t,$,V,NFIN	s,a,l,i,t,a,'
d,a,m,d,á,m,&,s,a,m,á,',#,s,a,m,á,',$,V,NFIN	d,a,m,d,á,m
d,a,m,d,á,m,&,s,a,m,á,',#,s,u,m,a,m,á,',$,V,PFV,AGFOC	n,a,g,d,a,m,d,á,m
d,a,m,d,á,m,&,s,a,m,á,',#,s,a,s,a,m,á,',$,V,AGFOC,LGSPEC1	m,a,g,d,a,r,a,m,d,á,m
d,a,m,d,á,m,&,s,a,m,á,',#,s,u,m,a,s,a,m,á,',$,V,IPFV,AGFOC	n,a,g,d,a,r,a,m,d,á,m
d,a,m,d,á,m,&,d,a,m,á,#,d,i,n,a,m,á,$,V,PFV,PFOC	d,i,n,a,m,d,á,m
d,a,m,d,á,m,&,h,a,n,d,á,',#,i,h,a,h,a,n,d,á,',$,V,PFOC,LGSPEC1	d,a,r,a,m,d,á,m,i,n
d,a,m,d,á,m,&,h,a,n,d,á,',#,h,i,n,a,h,a,n,d,á,',$,V,IPFV,PFOC	d,i,n,a,r,a,m,d,á,m
t,a,t,a,d,&,t,a,a,s,#,i,t,i,n,a,a,s,$,V,PFV,PFOC	t,i,n,a,d,t,a,d
t,a,t,a,d,&,t,a,a,s,#,i,t,a,t,a,a,s,$,V,PFOC,LGSPEC1	t,a,t,a,d,t,a,r,i,n
t,a,t,a,d,&,t,a,a,s,#,i,t,i,n,a,t,a,a,s,$,V,IPFV,PFOC	t,i,n,a,t,a,d,t,a,d
t,a,t,a,d,&,l,a,t,a,d,#,l,a,t,a,d,$,V,NFIN	t,a,t,a,d
t,a,t,a,d,&,t,a,t,a,p,#,n,a,g,t,a,t,a,p,$,V,PFV,AGFOC	n,a,g,t,a,d,t,a,d
t,a,t,a,d,&,t,a,a,s,#,m,a,g,t,a,t,a,a,s,$,V,AGFOC,LGSPEC1	m,a,g,t,a,t,a,d,t,a,d
t,a,t,a,d,&,t,a,a,s,#,n,a,g,t,a,t,a,a,s,$,V,IPFV,AGFOC	n,a,g,t,a,t,a,d,t,a,d
t,a,n,i,m,&,t,a,k,i,p,#,n,a,g,t,a,t,a,k,i,p,$,V,IPFV,AGFOC	n,a,g,t,a,t,a,n,i,m
t,a,n,i,m,&,t,a,n,i,p,#,t,a,n,i,p,$,V,NFIN	t,a,n,i,m
t,a,n,i,m,&,t,a,k,i,p,#,n,a,g,t,a,k,i,p,$,V,PFV,AGFOC	n,a,g,t,a,n,i,m
t,a,n,i,m,&,t,a,k,i,p,#,m,a,g,t,a,t,a,k,i,p,$,V,AGFOC,LGSPEC1	m,a,g,t,a,t,a,n,i,m
t,a,n,i,m,&,t,a,n,t,m,#,t,i,n,a,n,t,m,$,V,PFV,PFOC	t,i,n,a,n,i,m
t,a,n,i,m,&,t,a,k,i,p,#,t,i,n,a,t,a,k,p,a,n,$,V,IPFV,PFOC	t,i,n,a,t,a,n,i,m
t,a,n,i,m,&,t,a,k,i,p,#,t,a,t,a,k,p,a,n,$,V,PFOC,LGSPEC1	i,t,a,t,a,n,i,m
k,i,n,i,g,&,d,i,l,i,g,#,d,i,n,i,l,i,g,a,n,$,V,PFV,PFOC	p,i,n,a,k,i,n,g,g,a,n
k,i,n,i,g,&,d,i,l,i,g,#,m,a,g,d,i,d,i,l,i,g,$,V,AGFOC,LGSPEC1	m,a,k,i,k,i,n,i,g
k,i,n,i,g,&,d,i,l,i,g,#,n,a,g,d,i,d,i,l,i,g,$,V,PFV,AGFOC	n,a,k,i,n,i,g
k,i,n,i,g,&,d,i,l,i,g,#,d,i,d,i,l,i,g,a,n,$,V,PFOC,LGSPEC1	p,a,p,a,k,i,n,g,g,a,n
k,i,n,i,g,&,d,i,l,i,g,#,d,i,l,i,g,$,V,NFIN	k,i,n,i,g
k,i,n,i,g,&,i,n,i,g,#,u,m,i,i,n,i,g,$,V,IPFV,AGFOC	n,a,k,i,k,i,n,i,g
k,i,n,i,g,&,d,i,l,i,g,#,d,i,n,i,d,i,l,i,g,a,n,$,V,IPFV,PFOC	p,i,n,a,p,a,k,i,n,g,g,a,n
d,í,n,i,g,&,d,i,l,i,g,#,n,a,g,d,i,d,i,l,i,g,$,V,IPFV,AGFOC	n,a,d,i,d,i,n,i,g, ,n,a,r,i,r,i,n,i,g
d,í,n,i,g,&,d,i,l,i,g,#,m,a,g,d,i,d,i,l,i,g,$,V,AGFOC,LGSPEC1	m,a,d,i,d,i,n,i,g, ,m,a,r,i,r,i,n,i,g
d,í,n,i,g,&,d,i,l,i,g,#,d,i,l,i,g,$,V,NFIN	d,í,n,i,g
d,í,n,i,g,&,d,i,l,i,g,#,d,i,n,i,l,i,g,a,n,$,V,PFV,PFOC	d,i,n,i,n,i,g, ,d,i,n,i,r,i,g
d,í,n,i,g,&,d,i,l,i,g,#,n,a,g,d,i,d,i,l,i,g,$,V,PFV,AGFOC	n,a,d,i,n,i,g, ,n,a,r,i,n,i,g
d,í,n,i,g,&,d,i,l,i,g,#,d,i,d,i,l,i,g,a,n,$,V,PFOC,LGSPEC1	d,i,d,i,n,g,g,i,n, ,d,i,r,i,n,g,i,n,g,g,i,n
d,í,n,i,g,&,d,i,l,i,g,#,d,i,n,i,d,i,l,i,g,a,n,$,V,IPFV,PFOC	d,i,n,i,d,i,n,i,g, ,d,i,n,i,r,i,n,i,g
p,a,t,u,l,o,y,&,t,u,l,o,y,#,t,u,m,u,t,u,l,o,y,$,V,IPFV,AGFOC	n,a,g,p,a,p,a,t,u,l,o,y
p,a,t,u,l,o,y,&,t,u,l,o,y,#,t,u,m,u,l,o,y,$,V,PFV,AGFOC	n,a,g,p,a,t,u,l,o,y
p,a,t,u,l,o,y,&,t,u,l,o,y,#,t,u,l,o,y,$,V,NFIN	p,a,t,u,l,o,y
p,a,t,u,l,o,y,&,t,u,l,o,y,#,t,u,t,u,l,o,y,$,V,AGFOC,LGSPEC1	m,a,g,p,a,p,a,t,u,l,o,y
h,a,n,a,p,&,h,a,w,a,k,#,h,a,h,a,w,a,k,$,V,AGFOC,LGSPEC1	h,a,h,a,n,a,p
h,a,n,a,p,&,h,a,a,p,#,n,a,g,-,u,h,a,a,p,$,V,IPFV,AGFOC	h,u,m,a,h,a,n,a,p
h,a,n,a,p,&,h,a,w,a,k,#,h,a,h,a,k,a,w,a,n,$,V,PFOC,LGSPEC1	h,a,h,a,n,a,p,i,n
h,a,n,a,p,&,h,n,a,p,#,h,n,a,p,$,V,NFIN	h,a,n,a,p
h,a,n,a,p,&,h,a,w,a,k,#,h,i,n,a,h,a,w,a,k,a,n,$,V,IPFV,PFOC	h,i,n,a,h,a,n,a,p
h,a,n,a,p,&,h,a,w,a,k,#,h,u,m,a,w,a,k,$,V,PFV,AGFOC	h,u,m,a,n,a,p
h,a,n,a,p,&,h,a,w,a,k,#,h,i,n,a,w,a,k,a,n,$,V,PFV,PFOC	h,i,n,a,n,a,p
p,r,o,m,o,t,e,&,g,a,m,o,t,#,g,a,m,o,t,$,V,NFIN	p,r,o,m,o,t,e
p,r,o,m,o,t,e,&,g,a,m,o,t,#,g,a,g,a,m,u,t,i,n,$,V,PFOC,LGSPEC1	i,p,o,p,r,o,m,o,t,e
p,r,o,m,o,t,e,&,p,u,o,o,t,#,m,a,g,p,u,p,u,o,o,t,$,V,AGFOC,LGSPEC1	m,a,p,o,-,p,r,o,m,o,t,e
p,r,o,m,o,t,e,&,g,a,m,o,t,#,g,i,n,a,m,o,t,$,V,PFV,PFOC	p,i,n,r,o,m,o,t,e
p,r,o,m,o,t,e,&,g,a,m,o,t,#,g,i,n,a,g,a,m,o,t,$,V,IPFV,PFOC	p,i,n,o,p,r,o,m,o,t,e
p,r,o,m,o,t,e,&,g,a,m,o,t,#,g,u,m,a,m,o,t,$,V,PFV,AGFOC	n,a,-,p,r,o,m,o,t,e
p,r,o,m,o,t,e,&,g,a,m,o,t,#,n,a,g,g,a,g,a,m,o,t,$,V,IPFV,AGFOC	n,a,p,o,-,p,r,o,m,o,t,e
s,u,n,t,o,k,&,s,u,n,o,n,g,#,n,a,g,s,u,s,u,n,o,n,g,$,V,IPFV,AGFOC	n,a,n,u,n,u,n,t,o,k
s,u,n,t,o,k,&,s,u,n,o,n,g,#,s,u,n,o,n,g,$,V,NFIN	s,u,n,t,o,k
s,u,n,t,o,k,&,s,u,n,o,n,g,#,s,u,s,u,n,u,n,g,i,n,$,V,PFOC,LGSPEC1	s,u,s,u,n,t,u,k,i,n
s,u,n,t,o,k,&,s,u,n,o,n,g,#,s,i,n,u,s,u,n,o,n,g,$,V,IPFV,PFOC	s,i,n,u,s,u,n,t,o,k
s,u,n,t,o,k,&,s,u,n,o,n,g,#,s,i,n,u,n,o,n,g,$,V,PFV,PFOC	s,i,n,u,n,t,o,k
s,u,n,t,o,k,&,s,u,n,o,n,g,#,n,a,g,s,u,n,o,n,g,$,V,PFV,AGFOC	n,a,n,u,n,t,o,k
s,u,n,t,o,k,&,s,u,n,o,n,g,#,m,a,g,s,u,s,u,n,o,n,g,$,V,AGFOC,LGSPEC1	m,a,n,u,n,u,n,t,o,k
a,y,o,s,&,a,y,a,w,#,a,a,y,a,w,a,n,$,V,PFOC,LGSPEC1	a,a,y,u,s,i,n
a,y,o,s,&,l,a,y,a,s,#,l,u,m,a,y,a,s,$,V,PFV,AGFOC	n,a,g,-,a,y,o,s
a,y,o,s,&,l,a,y,a,s,#,l,a,l,a,y,a,s,$,V,AGFOC,LGSPEC1	m,a,g,-,a,a,y,o,s
a,y,o,s,&,l,a,y,a,s,#,l,a,y,a,s,$,V,NFIN	a,y,o,s
a,y,o,s,&,l,a,y,a,s,#,l,u,m,a,l,a,y,a,s,$,V,IPFV,AGFOC	n,a,g,-,a,a,y,o,s
a,y,o,s,&,a,y,a,w,#,i,n,a,a,y,a,w,a,n,$,V,IPFV,PFOC	i,n,a,a,y,o,s
a,y,o,s,&,a,y,a,w,#,i,n,a,y,a,w,a,n,$,V,PFV,PFOC	i,n,a,y,o,s
i,y,a,k,&,i,n,g,a,t,#,m,a,g,-,i,i,n,g,a,t,$,V,AGFOC,LGSPEC1	i,i,y,a,k
i,y,a,k,&,i,n,g,a,t,#,n,a,g,-,i,i,n,g,a,t,$,V,IPFV,AGFOC	u,m,i,i,y,a,k
i,y,a,k,&,i,n,g,a,t,#,n,a,g,-,i,n,g,a,t,$,V,PFV,AGFOC	u,m,i,y,a,k
i,y,a,k,&,i,n,g,a,t,#,i,i,n,g,a,t,a,n,$,V,PFOC,LGSPEC1	i,i,y,a,k,a,n
i,y,a,k,&,i,n,g,a,t,#,i,n,g,a,t,$,V,NFIN	i,y,a,k
i,y,a,k,&,i,n,g,a,t,#,i,n,i,n,g,a,t,a,n,$,V,PFV,PFOC	i,n,i,y,a,k,a,n
i,y,a,k,&,i,n,g,a,t,#,i,n,i,i,n,g,a,t,a,n,$,V,IPFV,PFOC	i,n,i,i,y,a,k,a,n
l,a,r,ó,',&,l,a,y,ó,',#,l,u,m,a,l,a,y,ó,',$,V,IPFV,AGFOC	n,a,g,l,a,l,a,r,ó,'
l,a,r,ó,',&,l,a,y,ó,',#,n,i,l,a,l,a,y,u,a,n,$,V,IPFV,PFOC	n,i,l,a,l,a,r,ó,'
l,a,r,ó,',&,l,a,y,ó,',#,i,t,a,l,a,y,ó,',$,V,PFOC,LGSPEC1	l,a,l,a,r,ú,i,n
l,a,r,ó,',&,l,a,y,ó,',#,l,a,y,ó,',$,V,NFIN	l,a,r,ó,'
l,a,r,ó,',&,l,a,y,ó,',#,l,u,m,a,y,ó,',$,V,PFV,AGFOC	n,a,g,l,a,g,r,ó,'
l,a,r,ó,',&,l,a,y,ó,',#,l,a,l,a,y,ó,',$,V,AGFOC,LGSPEC1	m,a,g,l,a,l,a,r,ó,'
l,a,r,ó,',&,l,a,y,ó,',#,n,i,l,a,y,u,a,n,$,V,PFV,PFOC	n,i,l,a,r,ó,'
t,i,n,g,í,n,&,t,i,n,g,i,n,#,t,i,n,g,i,n,$,V,NFIN	t,i,n,g,í,n
t,i,n,g,í,n,&,t,i,n,g,i,n,#,t,u,m,i,t,i,n,g,i,n,$,V,IPFV,AGFOC	n,a,g,p,a,p,a,t,i,n,g,í,n
t,i,n,g,í,n,&,t,i,n,g,i,n,#,t,i,n,i,t,i,n,g,n,a,n,$,V,IPFV,PFOC	t,i,n,i,t,í,n,g,n,a,n
t,i,n,g,í,n,&,t,i,n,g,i,n,#,t,i,t,i,n,g,n,a,n,$,V,PFOC,LGSPEC1	t,i,t,í,n,g,n,a,n
t,i,n,g,í,n,&,t,i,n,g,i,n,#,t,i,t,i,n,g,i,n,$,V,AGFOC,LGSPEC1	m,a,g,p,a,p,a,t,i,n,g,í,n
t,i,n,g,í,n,&,t,i,n,g,i,n,#,t,i,n,i,n,g,n,a,n,$,V,PFV,PFOC	t,i,n,í,n,g,n,a,n
t,i,n,g,í,n,&,t,i,n,g,i,n,#,t,u,m,i,n,g,i,n,$,V,PFV,AGFOC	n,a,g,p,a,t,i,n,g,í,n
a,r,t,e,&,a,r,a,l,#,a,r,a,l,$,V,NFIN	a,r,t,e
a,r,t,e,&,a,r,a,l,#,n,a,g,-,a,r,a,l,$,V,PFV,AGFOC	u,m,a,r,t,e
a,r,t,e,&,a,r,a,l,#,p,i,n,a,g,-,a,r,a,l,a,n,$,V,PFV,PFOC	i,n,a,r,t,e,h,a,n
a,r,t,e,&,a,r,a,l,#,n,a,g,-,a,a,r,a,l,$,V,IPFV,AGFOC	u,m,a,a,r,t,e
a,r,t,e,&,a,r,a,l,#,p,a,g,-,a,a,r,a,l,a,n,$,V,PFOC,LGSPEC1	a,a,r,t,e,h,a,n
a,r,t,e,&,a,r,a,l,#,m,a,g,-,a,a,r,a,l,$,V,AGFOC,LGSPEC1	a,a,r,t,e
a,r,t,e,&,a,r,a,l,#,p,i,n,a,g,-,a,a,r,a,l,a,n,$,V,IPFV,PFOC	i,n,a,a,r,t,e,h,a,n
k,o,p,y,a,&,k,u,p,a,#,k,i,n,u,k,u,p,a,$,V,IPFV,PFOC	k,i,n,o,k,o,p,y,a
k,o,p,y,a,&,k,í,y,a,#,n,a,k,i,p,a,g,k,í,y,a,$,V,PFV,PFOC	k,i,n,o,p,y,a
k,o,p,y,a,&,k,i,t,a,#,n,a,g,p,a,k,i,t,a,$,V,PFV,AGFOC	k,u,m,o,p,y,a
k,o,p,y,a,&,k,p,h,a,#,k,u,k,p,h,a,i,n,$,V,PFOC,LGSPEC1	k,o,k,o,p,y,a,h,i,n
k,o,p,y,a,&,k,u,y,a,#,k,u,m,u,k,u,y,a,$,V,IPFV,AGFOC	k,u,m,o,k,o,p,y,a
k,o,p,y,a,&,p,p,y,a,#,p,p,y,a,$,V,NFIN	k,o,p,y,a
k,o,p,y,a,&,k,o,d,a,#,m,a,g,p,a,p,a,k,o,d,a,$,V,AGFOC,LGSPEC1	k,o,k,o,p,y,a
s,ú,n,o,d,&,s,ú,n,o,n,g,#,s,i,n,ú,n,o,n,g,$,V,PFV,PFOC	s,i,n,ú,n,d,a,n
s,ú,n,o,d,&,s,u,n,o,n,g,#,s,u,n,o,n,g,$,V,NFIN	s,ú,n,o,d
s,ú,n,o,d,&,s,u,n,o,n,g,#,s,u,s,u,n,u,n,g,i,n,$,V,PFOC,LGSPEC1	s,u,s,ú,n,u,r,i,n
s,ú,n,o,d,&,s,u,n,o,n,g,#,s,i,n,u,s,u,n,o,n,g,$,V,IPFV,PFOC	s,i,n,u,s,ú,n,o,d
s,ú,n,o,d,&,s,u,n,o,n,g,#,n,a,g,s,u,n,o,n,g,$,V,PFV,AGFOC	s,u,m,ú,n,o,d
s,ú,n,o,d,&,s,u,n,o,n,g,#,m,a,g,s,u,s,u,n,o,n,g,$,V,AGFOC,LGSPEC1	s,u,s,ú,n,o,d
s,ú,n,o,d,&,s,u,n,o,n,g,#,n,a,g,s,u,s,u,n,o,n,g,$,V,IPFV,AGFOC	s,u,m,ú,s,u,n,o,d
t,a,w,a,g,&,t,a,a,s,#,i,t,i,n,a,t,a,a,s,$,V,IPFV,PFOC	t,i,n,a,t,a,w,a,g
t,a,w,a,g,&,t,a,w,a,á,#,h,a,t,a,w,a,á,$,V,AGFOC,LGSPEC1	t,a,t,a,w,a,g
t,a,w,a,g,&,t,a,a,s,#,i,t,a,t,a,a,s,$,V,PFOC,LGSPEC1	t,a,t,a,w,a,g,a,n
t,a,w,a,g,&,t,a,w,y,g,#,t,a,w,y,g,$,V,NFIN	t,a,w,a,g
t,a,w,a,g,&,t,a,b,a,g,#,n,i,t,a,b,a,g,$,V,PFV,PFOC	t,i,n,a,w,a,g,a,n
t,a,w,a,g,&,t,a,a,s,#,n,a,g,t,a,a,s,$,V,PFV,AGFOC	t,u,m,a,w,a,g
t,a,w,a,g,&,t,a,a,s,#,n,a,g,t,a,t,a,a,s,$,V,IPFV,AGFOC	t,u,m,a,t,a,w,a,g
t,a,w,a,g,&,t,a,a,s,#,i,t,i,n,a,t,a,a,s,$,V,IPFV,PFOC	t,i,n,a,t,a,w,a,g,a,n
t,a,w,a,g,&,t,a,b,a,g,#,n,i,t,a,b,a,g,$,V,PFV,PFOC	t,i,n,a,w,a,g
s,a,l,ó,&,s,a,l,i,#,s,i,n,a,l,i,$,V,PFV,PFOC	s,i,n,a,l,ó
s,a,l,ó,&,s,a,l,i,#,s,a,l,i,$,V,NFIN	s,a,l,ó
s,a,l,ó,&,s,a,l,i,#,s,u,m,a,s,a,l,i,$,V,IPFV,AGFOC	s,u,m,a,s,a,l,ó
s,a,l,ó,&,s,a,l,i,#,s,u,m,a,l,i,$,V,PFV,AGFOC	s,u,m,a,l,ó
s,a,l,ó,&,s,a,l,i,#,s,a,s,a,l,i,$,V,AGFOC,LGSPEC1	s,a,s,a,l,ó
s,a,l,ó,&,s,a,l,i,#,s,i,n,a,s,a,l,i,$,V,IPFV,PFOC	s,i,n,a,s,a,l,ó
s,a,l,ó,&,s,a,l,i,#,s,a,s,a,l,i,h,a,n,$,V,PFOC,LGSPEC1	s,a,s,a,l,ú,h,i,n
a,b,o,t,&,á,b,o,t,#,i,a,á,b,o,t,$,V,PFOC,LGSPEC1	a,a,b,u,t,i,n
a,b,o,t,&,á,b,o,t,#,á,b,o,t,$,V,NFIN	a,b,o,t
a,b,o,t,&,á,b,o,t,#,n,a,g,-,a,á,b,o,t,$,V,IPFV,AGFOC	n,a,g,-,a,a,b,o,t
a,b,o,t,&,á,b,o,t,#,i,n,a,b,o,t,$,V,PFV,PFOC	i,n,a,b,o,t
a,b,o,t,&,á,b,o,t,#,n,a,g,-,á,b,o,t,$,V,PFV,AGFOC	u,m,a,b,o,t
a,b,o,t,&,á,b,o,t,#,i,n,a,á,b,o,t,$,V,IPFV,PFOC	i,n,a,a,b,u,t,a,n
a,b,o,t,&,á,b,o,t,#,m,a,g,-,a,á,b,o,t,$,V,AGFOC,LGSPEC1	m,a,g,-,a,a,b,o,t
a,b,o,t,&,á,b,o,t,#,i,n,a,á,b,o,t,$,V,IPFV,PFOC	i,n,a,a,b,o,t
a,b,o,t,&,á,b,o,t,#,n,a,g,-,á,b,o,t,$,V,PFV,AGFOC	n,a,g,-,a,b,o,t
a,b,o,t,&,á,b,o,t,#,m,a,g,-,a,á,b,o,t,$,V,AGFOC,LGSPEC1	a,a,b,o,t
a,b,o,t,&,á,b,o,t,#,i,a,á,b,o,t,$,V,PFOC,LGSPEC1	a,a,b,u,t,a,n
d,a,l,i,',&,d,a,l,o,#,d,i,n,a,d,a,l,u,h,a,n,$,V,IPFV,PFOC	m,i,n,a,m,a,d,a,l,i,'
d,a,l,i,',&,d,a,l,o,#,d,a,l,o,$,V,NFIN	d,a,l,i,'
d,a,l,i,',&,d,a,l,',#,d,u,m,a,d,a,l,',$,V,IPFV,AGFOC	n,a,g,m,a,m,a,d,a,l,i,'
d,a,l,i,',&,d,a,l,o,#,d,u,m,a,l,o,$,V,PFV,AGFOC	n,a,g,m,a,d,a,l,i,'
d,a,l,i,',&,d,a,l,i,m,#,i,k,i,n,a,d,a,l,i,m,$,V,PFV,PFOC	m,i,n,a,d,a,l,i,'
d,a,l,i,',&,d,a,l,o,#,d,a,d,a,l,u,h,a,n,$,V,PFOC,LGSPEC1	m,a,m,a,d,a,l,i,i,n
d,a,l,i,',&,d,a,l,',#,d,a,d,a,l,',$,V,AGFOC,LGSPEC1	m,a,g,m,a,m,a,d,a,l,i,'
b,a,b,á,',&,g,a,w,á,',#,g,i,n,a,w,á,',$,V,PFV,PFOC	b,i,n,a,b,á,'
b,a,b,á,',&,s,a,m,á,',#,s,u,m,a,s,a,m,á,',$,V,IPFV,AGFOC	b,u,m,a,b,a,b,á,'
b,a,b,á,',&,g,a,w,á,',#,g,i,n,a,g,a,w,á,',$,V,IPFV,PFOC	b,i,n,a,b,a,b,á,'
b,a,b,á,',&,g,a,w,á,',#,g,a,g,a,w,i,n,$,V,PFOC,LGSPEC1	i,b,a,b,a,b,á,'
b,a,b,á,',&,b,-,b,á,',#,n,a,g,b,-,b,á,',$,V,PFV,AGFOC	b,u,m,a,b,á,'
b,a,b,á,',&,s,a,m,á,',#,s,a,m,á,',$,V,NFIN	b,a,b,á,'
b,a,b,á,',&,s,a,m,á,',#,s,a,s,a,m,á,',$,V,AGFOC,LGSPEC1	b,a,b,a,b,á,'
p,ú,n,o,',&,p,ú,n,i,t,#,p,ú,n,i,t,$,V,NFIN	p,ú,n,o,'
p,ú,n,o,',&,p,ú,n,á,',#,n,a,g,p,u,p,ú,n,á,',$,V,IPFV,AGFOC	n,a,p,u,p,ú,n,o,'
p,ú,n,o,',&,p,ú,n,i,t,#,p,u,p,ú,n,i,t,$,V,AGFOC,LGSPEC1	m,a,p,u,p,ú,n,o,'
p,ú,n,o,',&,p,ú,n,i,t,#,p,u,m,ú,n,i,t,$,V,PFV,AGFOC	n,a,p,ú,n,o,'
k,a,m,i,t,&,g,a,m,i,t,#,g,a,g,a,m,i,t,i,n,$,V,PFOC,LGSPEC1	m,a,k,a,k,a,m,t,a,n
k,a,m,i,t,&,g,a,m,i,t,#,g,u,m,a,g,a,m,i,t,$,V,IPFV,AGFOC	n,a,k,a,k,a,m,i,t
k,a,m,i,t,&,g,a,m,i,t,#,g,i,n,a,m,i,t,$,V,PFV,PFOC	n,a,k,a,m,t,a,n
k,a,m,i,t,&,g,a,m,i,t,#,g,a,m,i,t,$,V,NFIN	k,a,m,i,t
k,a,m,i,t,&,g,a,m,i,t,#,g,a,g,a,m,i,t,$,V,AGFOC,LGSPEC1	m,a,k,a,k,a,m,i,t
k,a,m,i,t,&,g,a,m,i,t,#,g,i,n,a,g,a,m,i,t,$,V,IPFV,PFOC	n,a,k,a,k,a,m,t,a,n
k,a,m,i,t,&,g,a,m,i,t,#,g,u,m,a,m,i,t,$,V,PFV,AGFOC	n,a,k,a,m,i,t
u,n,l,a,d,&,u,l,a,t,#,n,a,g,-,u,l,a,t,$,V,PFV,AGFOC	u,m,u,n,l,a,d
u,n,l,a,d,&,u,l,a,t,#,n,a,g,-,u,u,l,a,t,$,V,IPFV,AGFOC	u,m,u,u,n,l,a,d
u,n,l,a,d,&,u,l,a,t,#,i,n,u,u,l,a,t,$,V,IPFV,PFOC	i,n,u,u,n,l,a,d
u,n,l,a,d,&,u,l,a,t,#,m,a,g,-,u,u,l,a,t,$,V,AGFOC,LGSPEC1	u,u,n,l,a,d
u,n,l,a,d,&,u,l,a,t,#,i,u,u,l,a,t,$,V,PFOC,LGSPEC1	u,u,n,l,a,r,i,n
u,n,l,a,d,&,u,l,a,t,#,u,l,a,t,$,V,NFIN	u,n,l,a,d
u,n,l,a,d,&,u,l,a,t,#,i,n,u,l,a,t,$,V,PFV,PFOC	i,n,u,n,l,a,d
t,a,n,g,g,i,&,t,a,n,g,g,a,p,#,t,a,t,a,n,g,g,a,p,i,n,$,V,PFOC,LGSPEC1	t,a,t,a,n,g,g,i,h,a,n
t,a,n,g,g,i,&,t,a,n,g,g,a,p,#,t,u,m,a,t,a,n,g,g,a,p,$,V,IPFV,AGFOC	t,a,m,a,t,a,n,g,g,i
t,a,n,g,g,i,&,t,a,n,g,g,a,p,#,t,u,m,a,n,g,g,a,p,$,V,PFV,AGFOC	t,u,m,a,n,g,g,i
t,a,n,g,g,i,&,t,a,n,g,g,a,p,#,t,a,t,a,n,g,g,a,p,$,V,AGFOC,LGSPEC1	t,a,t,a,n,g,g,i
t,a,n,g,g,i,&,t,a,n,g,g,a,p,#,t,i,n,a,t,a,n,g,g,a,p,$,V,IPFV,PFOC	t,i,n,a,t,a,n,g,g,i,h,a,n
t,a,n,g,g,i,&,t,a,n,g,g,a,p,#,t,a,n,g,g,a,p,$,V,NFIN	t,a,n,g,g,i
t,a,n,g,g,i,&,t,a,n,g,g,a,p,#,t,i,n,a,n,g,g,a,p,$,V,PFV,PFOC	t,i,n,a,n,g,g,i,h,a,n
t,r,a,b,a,h,o,&,r,a,b,a,l,o,#,m,a,g,r,e,r,a,b,a,l,o,$,V,AGFOC,LGSPEC1	m,a,g,t,a,t,r,a,b,a,h,o
t,r,a,b,a,h,o,&,r,-,b,a,w,o,#,n,a,g,r,-,b,a,w,o,$,V,PFV,AGFOC	n,a,g,t,r,a,b,a,h,o
t,r,a,b,a,h,o,&,t,a,a,s,#,t,a,a,s,$,V,NFIN	t,r,a,b,a,h,o
t,r,a,b,a,h,o,&,r,e,g,a,h,o,#,n,i,r,e,r,e,g,a,h,u,g,a,n,$,V,IPFV,PFOC	t,i,n,a,t,r,a,b,a,h,o
t,r,a,b,a,h,o,&,t,r,-,a,l,o,#,n,a,t,r,-,a,l,u,n,a,n,$,V,PFV,PFOC	t,i,n,r,a,b,a,h,o
t,r,a,b,a,h,o,&,a,b,u,h,o,#,u,m,a,a,b,u,h,o,$,V,IPFV,AGFOC	n,a,g,t,a,t,r,a,b,a,h,o
t,r,a,b,a,h,o,&,t,a,a,s,#,i,t,a,t,a,a,s,$,V,PFOC,LGSPEC1	t,a,t,r,a,b,a,h,u,i,n
u,l,i,t,&,s,u,l,i,t,#,n,a,g,s,u,l,i,t,$,V,PFV,AGFOC	n,a,g,-,u,l,i,t
u,l,i,t,&,s,u,l,i,t,#,s,u,l,i,t,$,V,NFIN	u,l,i,t
u,l,i,t,&,s,u,l,i,t,#,s,u,s,u,l,i,t,i,n,$,V,PFOC,LGSPEC1	u,u,l,i,t,i,n
u,l,i,t,&,s,u,l,i,t,#,s,u,s,u,l,i,t,$,V,AGFOC,LGSPEC1	m,a,g,-,u,u,l,i,t
u,l,i,t,&,s,u,l,i,t,#,s,i,n,u,l,i,t,$,V,PFV,PFOC	i,n,u,l,i,t
u,l,i,t,&,s,u,l,i,t,#,s,i,n,u,s,u,l,i,t,$,V,IPFV,PFOC	i,n,u,u,l,i,t
u,l,i,t,&,s,u,l,i,t,#,n,a,g,s,u,s,u,l,i,t,$,V,IPFV,AGFOC	n,a,g,-,u,u,l,i,t
u,l,i,t,&,s,u,l,i,t,#,n,a,g,s,u,l,i,t,$,V,PFV,AGFOC	u,m,u,l,i,t
u,l,i,t,&,s,u,l,i,t,#,n,a,g,s,u,s,u,l,i,t,$,V,IPFV,AGFOC	u,m,u,u,l,i,t
u,l,i,t,&,s,u,l,i,t,#,s,u,s,u,l,i,t,$,V,AGFOC,LGSPEC1	u,u,l,i,t
t,a,g,u,y,o,d,&,t,a,g,o,',#,t,a,g,o,',$,V,NFIN	t,a,g,u,y,o,d
t,a,g,u,y,o,d,&,t,a,g,o,',#,m,a,g,t,a,t,a,g,o,',$,V,AGFOC,LGSPEC1	m,a,g,t,a,t,a,g,u,y,o,d
t,a,g,u,y,o,d,&,t,a,g,o,',#,t,i,n,a,t,a,g,u,a,n,$,V,IPFV,PFOC	t,i,n,a,t,a,g,u,y,o,d
t,a,g,u,y,o,d,&,t,a,g,o,',#,t,i,n,a,g,u,a,n,$,V,PFV,PFOC	t,i,n,a,g,u,y,o,d
t,a,g,u,y,o,d,&,t,a,g,o,',#,t,a,t,a,g,u,a,n,$,V,PFOC,LGSPEC1	i,t,a,t,a,g,u,y,o,d
t,a,g,u,y,o,d,&,t,a,g,o,',#,n,a,g,t,a,t,a,g,o,',$,V,IPFV,AGFOC	n,a,g,t,a,t,a,g,u,y,o,d
t,a,g,u,y,o,d,&,t,a,g,o,',#,n,a,g,t,a,g,o,',$,V,PFV,AGFOC	n,a,g,t,a,g,u,y,o,d
l,u,n,g,k,o,t,&,l,u,b,o,g,#,n,i,l,u,l,u,b,o,g,$,V,IPFV,PFOC	i,k,i,n,a,l,u,l,u,n,g,k,o,t
l,u,n,g,k,o,t,&,l,u,b,o,g,#,l,u,m,u,b,o,g,$,V,PFV,AGFOC	n,a,l,u,n,g,k,o,t
l,u,n,g,k,o,t,&,l,u,b,o,g,#,i,l,u,l,u,b,o,g,$,V,PFOC,LGSPEC1	i,k,a,l,u,l,u,n,g,k,o,t
l,u,n,g,k,o,t,&,l,u,b,o,g,#,n,i,l,u,b,o,g,$,V,PFV,PFOC	i,k,i,n,a,l,u,n,g,k,o,t
l,u,n,g,k,o,t,&,l,u,b,o,g,#,l,u,b,o,g,$,V,NFIN	l,u,n,g,k,o,t
l,u,n,g,k,o,t,&,l,u,b,o,g,#,l,u,m,u,l,u,b,o,g,$,V,IPFV,AGFOC	n,a,l,u,l,u,n,g,k,o,t
l,u,n,g,k,o,t,&,l,u,b,o,g,#,l,u,l,u,b,o,g,$,V,AGFOC,LGSPEC1	m,a,l,u,l,u,n,g,k,o,t
k,a,n,t,a,&,k,i,t,a,#,k,i,t,a,$,V,NFIN	k,a,n,t,a
k,a,n,t,a,&,k,a,t,a,#,n,a,g,p,a,p,a,k,a,t,a,$,V,IPFV,AGFOC	k,u,m,a,k,a,n,t,a
k,a,n,t,a,&,k,i,t,a,#,m,a,g,p,a,p,a,k,i,t,a,$,V,AGFOC,LGSPEC1	k,a,k,a,n,t,a
k,a,n,t,a,&,k,i,t,a,#,p,i,n,a,p,a,k,i,t,a,$,V,IPFV,PFOC	k,i,n,a,k,a,n,t,a
k,a,n,t,a,&,k,i,t,a,#,i,p,a,p,a,k,i,t,a,$,V,PFOC,LGSPEC1	k,a,k,a,n,t,a,h,i,n
k,a,n,t,a,&,k,i,t,a,#,n,a,k,i,t,a,$,V,PFV,PFOC	k,i,n,a,n,t,a
k,a,n,t,a,&,k,a,t,a,#,n,a,g,p,a,k,a,t,a,$,V,PFV,AGFOC	k,u,m,a,n,t,a
b,a,k,a,s,y,o,n,&,b,a,n,g,o,n,#,b,a,b,a,n,g,o,n,$,V,AGFOC,LGSPEC1	m,a,g,b,a,b,a,k,a,s,y,o,n
b,a,k,a,s,y,o,n,&,b,a,n,g,o,n,#,b,u,m,a,b,a,n,g,o,n,$,V,IPFV,AGFOC	n,a,g,b,a,b,a,k,a,s,y,o,n
b,a,k,a,s,y,o,n,&,b,a,n,g,o,n,#,b,u,m,a,n,g,o,n,$,V,PFV,AGFOC	n,a,g,b,a,k,a,s,y,o,n
b,a,k,a,s,y,o,n,&,b,a,n,g,o,n,#,b,i,n,a,n,g,o,n,$,V,PFV,PFOC	b,i,n,a,k,a,s,y,u,n,a,n
b,a,k,a,s,y,o,n,&,b,a,n,g,o,n,#,i,b,a,b,a,n,g,o,n,$,V,PFOC,LGSPEC1	b,a,b,a,k,a,s,y,u,n,a,n
b,a,k,a,s,y,o,n,&,b,a,k,m,o,n,#,b,a,k,m,o,n,$,V,NFIN	b,a,k,a,s,y,o,n
b,a,k,a,s,y,o,n,&,b,a,n,g,o,n,#,b,i,n,a,b,a,n,g,o,n,$,V,IPFV,PFOC	b,i,n,a,b,a,k,a,s,y,u,n,a,n
i,l,a,w,&,l,i,g,a,w,#,l,u,m,i,g,a,w,$,V,PFV,AGFOC	u,m,i,l,a,w
i,l,a,w,&,l,i,g,a,w,#,l,u,m,i,l,i,g,a,w,$,V,IPFV,AGFOC	u,m,i,i,l,a,w
i,l,a,w,&,i,ó,a,w,#,i,n,i,ó,a,w,a,n,$,V,PFV,PFOC	i,n,i,l,a,w,a,n
i,l,a,w,&,i,l,a,r,#,i,n,a,i,l,a,r,$,V,IPFV,PFOC	i,n,i,i,l,a,w,a,n
i,l,a,w,&,l,i,g,a,w,#,l,i,g,a,w,$,V,NFIN	i,l,a,w
i,l,a,w,&,l,i,g,a,w,#,l,i,l,i,g,a,w,$,V,AGFOC,LGSPEC1	i,i,l,a,w
i,l,a,w,&,a,l,a,w,#,a,a,l,a,w,a,n,$,V,PFOC,LGSPEC1	i,i,l,a,w,a,n
y,a,k,a,p,&,y,u,k,a,p,#,s,u,y,u,k,a,p,i,n,$,V,PFOC,LGSPEC1	y,a,y,a,k,a,p,i,n
y,a,k,a,p,&,s,a,k,a,y,#,s,a,k,a,y,$,V,NFIN	y,a,k,a,p
y,a,k,a,p,&,s,a,k,a,y,#,s,u,m,a,k,a,y,$,V,PFV,AGFOC	y,u,m,a,k,a,p
y,a,k,a,p,&,s,a,k,a,y,#,s,i,n,a,s,a,k,y,a,n,$,V,IPFV,PFOC	n,i,y,a,y,a,k,a,p
y,a,k,a,p,&,s,a,k,a,y,#,s,a,s,a,k,a,y,$,V,AGFOC,LGSPEC1	y,a,y,a,k,a,p
y,a,k,a,p,&,s,a,k,a,y,#,s,i,n,a,k,y,a,n,$,V,PFV,PFOC	n,i,y,a,k,a,p
y,a,k,a,p,&,s,a,k,a,y,#,s,u,m,a,s,a,k,a,y,$,V,IPFV,AGFOC	y,u,m,a,y,a,k,a,p
b,a,n,t,a,y,&,k,a,t,a,y,#,n,a,g,k,a,k,a,t,a,y,$,V,IPFV,AGFOC	n,a,g,b,a,b,a,n,t,a,y
b,a,n,t,a,y,&,k,a,t,a,y,#,m,a,g,k,a,k,a,t,a,y,$,V,AGFOC,LGSPEC1	m,a,g,b,a,b,a,n,t,a,y
b,a,n,t,a,y,&,k,a,t,a,y,#,k,a,t,a,y,$,V,NFIN	b,a,n,t,a,y
b,a,n,t,a,y,&,k,a,t,a,y,#,n,a,g,k,a,t,a,y,$,V,PFV,AGFOC	n,a,g,b,a,n,t,a,y
b,a,n,t,a,y,&,b,a,t,a,y,#,p,a,b,a,t,a,y,i,n,$,V,PFOC,LGSPEC1	b,a,b,a,n,t,a,y,a,n
b,a,n,t,a,y,&,k,a,t,a,y,#,k,i,n,a,k,a,t,a,y,$,V,IPFV,PFOC	b,i,n,a,b,a,n,t,a,y,a,n
b,a,n,t,a,y,&,k,a,t,a,y,#,k,i,n,a,t,a,y,$,V,PFV,PFOC	b,i,n,a,n,t,a,y,a,n
h,u,g,a,s,&,h,u,w,a,s,#,h,i,n,u,w,a,s,$,V,PFV,PFOC	h,i,n,u,g,a,s,a,n
h,u,g,a,s,&,h,u,b,a,d,#,m,a,g,h,u,h,u,b,a,d,$,V,AGFOC,LGSPEC1	m,a,g,h,u,h,u,g,a,s
h,u,g,a,s,&,h,u,b,a,d,#,n,a,g,h,u,h,u,b,a,d,$,V,IPFV,AGFOC	n,a,g,h,u,h,u,g,a,s
h,u,g,a,s,&,h,u,b,a,d,#,n,a,g,h,u,b,a,d,$,V,PFV,AGFOC	n,a,g,h,u,g,a,s
h,u,g,a,s,&,h,u,b,a,d,#,h,u,b,a,d,$,V,NFIN	h,u,g,a,s
h,u,g,a,s,&,h,u,b,a,d,#,h,u,h,u,b,a,r,i,n,$,V,PFOC,LGSPEC1	h,u,h,u,g,a,s,a,n
h,u,g,a,s,&,h,u,b,a,d,#,h,i,n,u,h,u,b,a,d,$,V,IPFV,PFOC	h,i,n,u,h,u,g,a,s,a,n
d,a,m,p,o,t,&,g,a,m,o,t,#,g,u,m,a,m,o,t,$,V,PFV,AGFOC	d,u,m,a,m,p,o,t
d,a,m,p,o,t,&,g,a,m,o,t,#,m,a,g,g,a,g,a,m,o,t,$,V,AGFOC,LGSPEC1	d,a,d,a,m,p,o,t
d,a,m,p,o,t,&,g,a,m,o,t,#,n,a,g,g,a,g,a,m,o,t,$,V,IPFV,AGFOC	d,u,m,a,d,a,m,p,o,t
d,a,m,p,o,t,&,g,a,m,o,t,#,g,i,n,a,m,o,t,$,V,PFV,PFOC	d,i,n,a,m,p,o,t
d,a,m,p,o,t,&,g,a,m,o,t,#,g,a,m,o,t,$,V,NFIN	d,a,m,p,o,t
d,a,m,p,o,t,&,g,a,m,o,t,#,g,a,g,a,m,u,t,i,n,$,V,PFOC,LGSPEC1	d,a,d,a,m,p,u,t,i,n
d,a,m,p,o,t,&,g,a,m,o,t,#,g,i,n,a,g,a,m,o,t,$,V,IPFV,PFOC	d,i,n,a,d,a,m,p,o,t
s,u,l,o,n,g,&,t,u,l,o,n,g,#,t,u,m,u,t,u,l,o,n,g,$,V,IPFV,AGFOC	s,u,m,u,s,u,l,o,n,g
s,u,l,o,n,g,&,t,u,l,o,n,g,#,t,i,n,u,t,u,l,u,n,g,a,n,$,V,IPFV,PFOC	s,i,n,u,s,u,l,o,n,g
s,u,l,o,n,g,&,t,u,l,o,n,g,#,t,i,n,u,l,u,n,g,a,n,$,V,PFV,PFOC	s,i,n,u,l,o,n,g
s,u,l,o,n,g,&,t,u,l,o,n,g,#,t,u,m,u,l,o,n,g,$,V,PFV,AGFOC	s,u,m,u,l,o,n,g
s,u,l,o,n,g,&,t,u,l,o,n,g,#,t,u,t,u,l,u,n,g,a,n,$,V,PFOC,LGSPEC1	s,u,s,u,l,u,n,g,i,n
s,u,l,o,n,g,&,t,u,l,o,n,g,#,t,u,t,u,l,o,n,g,$,V,AGFOC,LGSPEC1	s,u,s,u,l,o,n,g
s,u,l,o,n,g,&,t,u,l,o,n,g,#,t,u,l,o,n,g,$,V,NFIN	s,u,l,o,n,g
t,u,l,o,g,&,h,u,l,o,g,#,h,u,l,o,g,$,V,NFIN	t,u,l,o,g
t,u,l,o,g,&,h,u,l,o,g,#,h,i,n,u,l,o,g,$,V,PFV,PFOC	t,i,n,u,l,u,g,a,n
t,u,l,o,g,&,h,u,l,o,g,#,h,i,n,u,h,u,l,o,g,$,V,IPFV,PFOC	t,i,n,u,t,u,l,u,g,a,n
t,u,l,o,g,&,h,u,l,o,g,#,i,h,u,h,u,l,o,g,$,V,PFOC,LGSPEC1	t,u,t,u,l,u,g,a,n
t,u,l,o,g,&,h,u,l,o,g,#,n,a,h,u,h,u,l,o,g,$,V,IPFV,AGFOC	n,a,t,u,t,u,l,o,g
t,u,l,o,g,&,h,u,l,o,g,#,n,a,h,u,l,o,g,$,V,PFV,AGFOC	n,a,t,u,l,o,g
t,u,l,o,g,&,h,u,l,o,g,#,m,a,h,u,h,u,l,o,g,$,V,AGFOC,LGSPEC1	m,a,t,u,t,u,l,o,g
t,a,w,a,&,t,a,w,a,á,#,h,a,t,a,w,a,á,$,V,AGFOC,LGSPEC1	t,a,t,a,w,a
t,a,w,a,&,t,a,a,a,#,i,t,i,n,a,a,a,$,V,PFV,PFOC	t,i,n,a,w,a,n,a,n
t,a,w,a,&,l,a,w,a,#,l,u,m,a,w,a,$,V,PFV,AGFOC	t,u,m,a,w,a
t,a,w,a,&,t,a,k,a,#,i,t,i,n,a,t,a,k,a,$,V,IPFV,PFOC	t,i,n,a,t,a,w,a,n,a,n
t,a,w,a,&,t,a,a,s,#,n,a,g,t,a,t,a,a,s,$,V,IPFV,AGFOC	t,u,m,a,t,a,w,a
t,a,w,a,&,t,a,n,w,a,#,t,a,n,w,a,$,V,NFIN	t,a,w,a
t,a,w,a,&,t,a,a,s,#,i,t,a,t,a,a,s,$,V,PFOC,LGSPEC1	t,a,t,a,w,a,n,a,n
p,a,s,y,a,l,&,p,a,n,a,l,o,#,n,a,n,a,n,a,l,o,$,V,IPFV,AGFOC	n,a,m,a,m,a,s,y,a,l
p,a,s,y,a,l,&,p,a,n,a,l,o,#,n,a,n,a,l,o,$,V,PFV,AGFOC	n,a,m,a,s,y,a,l
p,a,s,y,a,l,&,p,a,n,a,l,o,#,m,a,n,a,n,a,l,o,$,V,AGFOC,LGSPEC1	m,a,m,a,m,a,s,y,a,l
p,a,s,y,a,l,&,p,a,n,a,l,o,#,p,a,p,a,n,a,l,u,n,a,n,$,V,PFOC,LGSPEC1	p,a,p,a,s,y,a,l,a,n
p,a,s,y,a,l,&,p,a,n,a,l,o,#,p,a,n,a,l,o,$,V,NFIN	p,a,s,y,a,l
p,a,s,y,a,l,&,p,a,n,a,l,o,#,n,a,p,a,p,a,n,a,l,u,n,a,n,$,V,IPFV,PFOC	p,i,n,a,p,a,s,y,a,l,a,n
p,a,s,y,a,l,&,p,a,n,a,l,#,p,i,n,a,n,a,l,$,V,PFV,PFOC	p,i,n,a,s,y,a,l,a,n
s,a,m,a,&,s,á,m,a,#,m,a,g,s,a,s,á,m,a,$,V,AGFOC,LGSPEC1	s,a,s,a,m,a
s,a,m,a,&,s,á,m,a,#,i,s,i,n,á,m,a,$,V,PFV,PFOC	s,i,n,a,m,a,h,a,n
s,a,m,a,&,s,á,m,a,#,n,a,g,s,á,m,a,$,V,PFV,AGFOC	s,u,m,a,m,a
s,a,m,a,&,s,á,m,a,#,n,a,g,s,a,s,á,m,a,$,V,IPFV,AGFOC	s,u,m,a,s,a,m,a
s,a,m,a,&,s,á,m,a,#,i,s,a,s,á,m,a,$,V,PFOC,LGSPEC1	s,a,s,a,m,a,h,a,n
s,a,m,a,&,s,á,m,a,#,i,s,i,n,a,s,á,m,a,$,V,IPFV,PFOC	s,i,n,a,s,a,m,a,h,a,n
s,a,m,a,&,s,á,m,a,#,s,á,m,a,$,V,NFIN	s,a,m,a
