অ,ন,ু,র,ো,ধ, ,ক,র,া,$,V,PROG,3,POL,PST	অ,ন,ু,র,ো,ধ, ,ক,র,ছ,ি,ল,ে,ন
অ,ন,ু,র,ো,ধ, ,ক,র,া,$,V,NFIN	অ,ন,ু,র,ো,ধ, ,ক,র,ত,ে
অ,ন,ু,র,ো,ধ, ,ক,র,া,$,V,PRF,2,POL,PST	অ,ন,ু,র,ো,ধ, ,ক,র,ে,ছ,ি,ল,ো
অ,ন,ু,র,ো,ধ, ,ক,র,া,$,V,PROG,1,PST	অ,ন,ু,র,ো,ধ, ,ক,র,ছ,ি,ল,া,ম
অ,ন,ু,র,ো,ধ, ,ক,র,া,$,V,2,POL,FUT	অ,ন,ু,র,ো,ধ, ,ক,র,ব,ে
অ,ন,ু,র,ো,ধ, ,ক,র,া,$,V,3,INFM,FUT	অ,ন,ু,র,ো,ধ, ,ক,র,ব,ে
অ,ন,ু,র,ো,ধ, ,ক,র,া,$,V,PRF,3,POL,PST	অ,ন,ু,র,ো,ধ, ,ক,র,ে,ছ,ি,ল,ে,ন
অ,ন,ু,র,ো,ধ, ,ক,র,া,$,V,PRF,2,PRS,LGSPEC1	অ,ন,ু,র,ো,ধ, ,ক,র,ে,ছ,ি,স
অ,ন,ু,র,ো,ধ, ,ক,র,া,$,V,PROG,2,PRS,LGSPEC1	অ,ন,ু,র,ো,ধ, ,ক,র,ছ,ি,স
অ,ন,ু,র,ো,ধ, ,ক,র,া,$,V,PROG,2,POL,PRS	অ,ন,ু,র,ো,ধ, ,ক,র,ছ,ে
অ,ন,ু,র,ো,ধ, ,ক,র,া,$,V,HAB,3,POL,PST	অ,ন,ু,র,ো,ধ, ,ক,র,ত,ে,ন
অ,ন,ু,র,ো,ধ, ,ক,র,া,$,V,HAB,1,PST	অ,ন,ু,র,ো,ধ, ,ক,র,ত,া,ম
অ,ন,ু,র,ো,ধ, ,ক,র,া,$,V,PRF,3,INFM,PST	অ,ন,ু,র,ো,ধ, ,ক,র,ে,ছ,ি,ল,ে
অ,ন,ু,র,ো,ধ, ,ক,র,া,$,V,1,PST	অ,ন,ু,র,ো,ধ, ,ক,র,ল,া,ম
অ,ন,ু,র,ো,ধ, ,ক,র,া,$,V,2,PST,LGSPEC1	অ,ন,ু,র,ো,ধ, ,ক,র,ল,ি
অ,ন,ু,র,ো,ধ, ,ক,র,া,$,V,PRF,2,PST,LGSPEC1	অ,ন,ু,র,ো,ধ, ,ক,র,ে,ছ,ি,ল,ি
অ,ন,ু,র,ো,ধ, ,ক,র,া,$,V,PROG,3,POL,PRS	অ,ন,ু,র,ো,ধ, ,ক,র,ছ,ে,ন
অ,ন,ু,র,ো,ধ, ,ক,র,া,$,V,1,PRS	অ,ন,ু,র,ো,ধ, ,ক,র,ি
অ,ন,ু,র,ো,ধ, ,ক,র,া,$,V,2,PRS,LGSPEC1	অ,ন,ু,র,ো,ধ, ,ক,র,ি,স
অ,ন,ু,র,ো,ধ, ,ক,র,া,$,V,PRF,1,PRS	অ,ন,ু,র,ো,ধ, ,ক,র,ে,ছ,ি
অ,ন,ু,র,ো,ধ, ,ক,র,া,$,V,HAB,2,PST,LGSPEC1	অ,ন,ু,র,ো,ধ, ,ক,র,ত,ি,স
অ,ন,ু,র,ো,ধ, ,ক,র,া,$,V,3,INFM,PST	অ,ন,ু,র,ো,ধ, ,ক,র,ল,ে
অ,ন,ু,র,ো,ধ, ,ক,র,া,$,V,PROG,1,PRS	অ,ন,ু,র,ো,ধ, ,ক,র,ছ,ি
অ,ন,ু,র,ো,ধ, ,ক,র,া,$,V,3,POL,PST	অ,ন,ু,র,ো,ধ, ,ক,র,ল,ে,ন
অ,ন,ু,র,ো,ধ, ,ক,র,া,$,V,PROG,2,PST,LGSPEC1	অ,ন,ু,র,ো,ধ, ,ক,র,ছ,ি,ল,ি
অ,ন,ু,র,ো,ধ, ,ক,র,া,$,V,PRF,3,INFM,PRS	অ,ন,ু,র,ো,ধ, ,ক,র,ে,ছ,ো
অ,ন,ু,র,ো,ধ, ,ক,র,া,$,V,2,FUT,LGSPEC1	অ,ন,ু,র,ো,ধ, ,ক,র,ব,ি
অ,ন,ু,র,ো,ধ, ,ক,র,া,$,V,1,FUT	অ,ন,ু,র,ো,ধ, ,ক,র,ব,ো
অ,ন,ু,র,ো,ধ, ,ক,র,া,$,V,PRF,3,POL,PRS	অ,ন,ু,র,ো,ধ, ,ক,র,ে,ছ,ে,ন
অ,ন,ু,র,ো,ধ, ,ক,র,া,$,V,HAB,2,POL,PST	অ,ন,ু,র,ো,ধ, ,ক,র,ত,ো
অ,ন,ু,র,ো,ধ, ,ক,র,া,$,V,3,POL,FUT	অ,ন,ু,র,ো,ধ, ,ক,র,ব,ে,ন
অ,ন,ু,র,ো,ধ, ,ক,র,া,$,V,PRF,1,PST	অ,ন,ু,র,ো,ধ, ,ক,র,ে,ছ,ি,ল,া,ম
অ,ন,ু,র,ো,ধ, ,ক,র,া,$,V,PROG,3,INFM,PST	অ,ন,ু,র,ো,ধ, ,ক,র,ছ,ি,ল,ে
অ,ন,ু,র,ো,ধ, ,ক,র,া,$,V,HAB,3,INFM,PST	অ,ন,ু,র,ো,ধ, ,ক,র,ত,ে
অ,ন,ু,র,ো,ধ, ,ক,র,া,$,V,3,POL,PRS	অ,ন,ু,র,ো,ধ, ,ক,র,ে,ন
অ,ন,ু,র,ো,ধ, ,ক,র,া,$,V,2,POL,PST	অ,ন,ু,র,ো,ধ, ,ক,র,ল,ো
অ,ন,ু,র,ো,ধ, ,ক,র,া,$,V,PROG,2,POL,PST	অ,ন,ু,র,ো,ধ, ,ক,র,ছ,ি,ল,ো
অ,ন,ু,র,ো,ধ, ,ক,র,া,$,V,3,INFM,PRS	অ,ন,ু,র,ো,ধ, ,ক,র,ো
অ,ন,ু,র,ো,ধ, ,ক,র,া,$,V,PRF,2,POL,PRS	অ,ন,ু,র,ো,ধ, ,ক,র,ে,ছ,ে
অ,ন,ু,র,ো,ধ, ,ক,র,া,$,V,2,POL,PRS	অ,ন,ু,র,ো,ধ, ,ক,র,ে
অ,ন,ু,র,ো,ধ, ,ক,র,া,$,V,PROG,3,INFM,PRS	অ,ন,ু,র,ো,ধ, ,ক,র,ছ,ো
উ,প,জ,ে,ল,া,$,N,NOM,DEF,PL	উ,প,জ,ে,ল,া,গ,ু,ল,া
উ,প,জ,ে,ল,া,$,N,ACC,DEF,PL	উ,প,জ,ে,ল,া,গ,ু,ল,া
উ,প,জ,ে,ল,া,$,N,ACC,DEF,SG	উ,প,জ,ে,ল,া,ট,া
উ,প,জ,ে,ল,া,$,N,ACC,NDEF	উ,প,জ,ে,ল,া
উ,প,জ,ে,ল,া,$,N,LOC,DEF,SG	উ,প,জ,ে,ল,া,ট,া,ত,ে
উ,প,জ,ে,ল,া,$,N,GEN,DEF,SG	উ,প,জ,ে,ল,া,ট,া,র
উ,প,জ,ে,ল,া,$,N,GEN,DEF,PL	উ,প,জ,ে,ল,া,গ,ু,ল,া,র
উ,প,জ,ে,ল,া,$,N,LOC,NDEF	উ,প,জ,ে,ল,া,ত,ে
উ,প,জ,ে,ল,া,$,N,NOM,DEF,SG	উ,প,জ,ে,ল,া,ট,া
উ,প,জ,ে,ল,া,$,N,LOC,DEF,PL	উ,প,জ,ে,ল,া,গ,ু,ল,া,ত,ে
উ,প,জ,ে,ল,া,$,N,NOM,NDEF	উ,প,জ,ে,ল,া
উ,প,জ,ে,ল,া,$,N,GEN,NDEF	উ,প,জ,ে,ল,া,র
চ,ে,ন,া,$,V,HAB,3,POL,PST	চ,ি,ন,ত,ে,ন
চ,ে,ন,া,$,V,1,PST	চ,ি,ন,ল,া,ম
চ,ে,ন,া,$,V,HAB,2,POL,PST	চ,ি,ন,ত,ো
চ,ে,ন,া,$,V,2,FUT,LGSPEC1	চ,ি,ন,ব,ি
চ,ে,ন,া,$,V,3,POL,FUT	চ,ি,ন,ব,ে,ন
চ,ে,ন,া,$,V,PROG,2,PST,LGSPEC1	চ,ি,ন,ছ,ি,ল,ি
চ,ে,ন,া,$,V,PROG,3,INFM,PRS	চ,ি,ন,ছ,ো
চ,ে,ন,া,$,V,2,POL,PST	চ,ি,ন,ল,ো
চ,ে,ন,া,$,V,2,PST,LGSPEC1	চ,ি,ন,ল,ি
চ,ে,ন,া,$,V,3,INFM,PRS	চ,ে,ন,ো
চ,ে,ন,া,$,V,PROG,2,PRS,LGSPEC1	চ,ি,ন,ছ,ি,স
চ,ে,ন,া,$,V,2,PRS,LGSPEC1	চ,ি,ন,ি,স
চ,ে,ন,া,$,V,3,POL,PRS	চ,ে,ন,ে,ন
চ,ে,ন,া,$,V,PROG,2,POL,PRS	চ,ি,ন,ছ,ে
চ,ে,ন,া,$,V,1,PRS	চ,ি,ন,ি
চ,ে,ন,া,$,V,HAB,2,PST,LGSPEC1	চ,ি,ন,ত,ি,স
চ,ে,ন,া,$,V,PRF,2,PST,LGSPEC1	চ,ি,ন,ে,ছ,ি,ল,ি
চ,ে,ন,া,$,V,HAB,1,PST	চ,ি,ন,ত,া,ম
চ,ে,ন,া,$,V,NFIN	চ,ি,ন,ত,ে
চ,ে,ন,া,$,V,PRF,1,PRS	চ,ি,ন,ে,ছ,ি
চ,ে,ন,া,$,V,3,INFM,FUT	চ,ি,ন,ব,ে
চ,ে,ন,া,$,V,PRF,2,PRS,LGSPEC1	চ,ি,ন,ে,ছ,ি,স
চ,ে,ন,া,$,V,PRF,3,INFM,PRS	চ,ি,ন,ে,ছ,ো
চ,ে,ন,া,$,V,PRF,3,POL,PRS	চ,ি,ন,ে,ছ,ে,ন
চ,ে,ন,া,$,V,HAB,3,INFM,PST	চ,ি,ন,ত,ে
চ,ে,ন,া,$,V,3,POL,PST	চ,ি,ন,ল,ে,ন
চ,ে,ন,া,$,V,PROG,1,PST	চ,ি,ন,ছ,ি,ল,া,ম
চ,ে,ন,া,$,V,PROG,3,INFM,PST	চ,ি,ন,ছ,ি,ল,ে
চ,ে,ন,া,$,V,PROG,1,PRS	চ,ি,ন,ছ,ি
চ,ে,ন,া,$,V,PROG,3,POL,PST	চ,ি,ন,ছ,ি,ল,ে,ন
চ,ে,ন,া,$,V,PRF,2,POL,PRS	চ,ি,ন,ে,ছ,ে
চ,ে,ন,া,$,V,PRF,2,POL,PST	চ,ি,ন,ে,ছ,ি,ল,ো
চ,ে,ন,া,$,V,PROG,2,POL,PST	চ,ি,ন,ছ,ি,ল,ো
চ,ে,ন,া,$,V,PRF,3,INFM,PST	চ,ি,ন,ে,ছ,ি,ল,ে
চ,ে,ন,া,$,V,2,POL,PRS	চ,ে,ন,ে
চ,ে,ন,া,$,V,PROG,3,POL,PRS	চ,ি,ন,ছ,ে,ন
চ,ে,ন,া,$,V,2,POL,FUT	চ,ি,ন,ব,ে
চ,ে,ন,া,$,V,3,INFM,PST	চ,ি,ন,ল,ে
চ,ে,ন,া,$,V,1,FUT	চ,ি,ন,ব,ো
চ,ে,ন,া,$,V,PRF,1,PST	চ,ি,ন,ে,ছ,ি,ল,া,ম
চ,ে,ন,া,$,V,PRF,3,POL,PST	চ,ি,ন,ে,ছ,ি,ল,ে,ন
হ,া,গ,া,$,V,PROG,3,INFM,PRS	হ,া,গ,ছ,ো
হ,া,গ,া,$,V,PROG,3,POL,PST	হ,া,গ,ছ,ি,ল,ে,ন
হ,া,গ,া,$,V,PRF,1,PST	হ,ে,গ,ে,ছ,ি,ল,া,ম
হ,া,গ,া,$,V,HAB,2,POL,PST	হ,া,গ,ত,ো
হ,া,গ,া,$,V,HAB,3,INFM,PST	হ,া,গ,ত,ে
হ,া,গ,া,$,V,HAB,3,POL,PST	হ,া,গ,ত,ে,ন
হ,া,গ,া,$,V,PROG,1,PST	হ,া,গ,ছ,ি,ল,া,ম
হ,া,গ,া,$,V,PROG,3,POL,PRS	হ,া,গ,ছ,ে,ন
হ,া,গ,া,$,V,HAB,1,PST	হ,া,গ,ত,া,ম
হ,া,গ,া,$,V,1,PRS	হ,া,গ,ি
হ,া,গ,া,$,V,1,FUT	হ,া,গ,ব,ো
হ,া,গ,া,$,V,3,POL,PST	হ,া,গ,ল,ে,ন
হ,া,গ,া,$,V,PRF,2,POL,PST	হ,ে,গ,ে,ছ,ি,ল,ো
হ,া,গ,া,$,V,HAB,2,PST,LGSPEC1	হ,া,গ,ত,ি,স
হ,া,গ,া,$,V,2,PRS,LGSPEC1	হ,া,গ,ি,স
হ,া,গ,া,$,V,PROG,1,PRS	হ,া,গ,ছ,ি
হ,া,গ,া,$,V,PRF,1,PRS	হ,ে,গ,ে,ছ,ি
হ,া,গ,া,$,V,NFIN	হ,া,গ,ত,ে
হ,া,গ,া,$,V,3,POL,PRS	হ,া,গ,ে,ন
হ,া,গ,া,$,V,2,POL,FUT	হ,া,গ,ব,ে
হ,া,গ,া,$,V,PROG,3,INFM,PST	হ,া,গ,ছ,ি,ল,ে
হ,া,গ,া,$,V,PROG,2,PRS,LGSPEC1	হ,া,গ,ছ,ি,স
হ,া,গ,া,$,V,PRF,3,POL,PRS	হ,ে,গ,ে,ছ,ে,ন
হ,া,গ,া,$,V,2,FUT,LGSPEC1	হ,া,গ,ব,ি
হ,া,গ,া,$,V,2,POL,PRS	হ,া,গ,ে
হ,া,গ,া,$,V,PRF,3,INFM,PRS	হ,ে,গ,ে,ছ,ো
হ,া,গ,া,$,V,3,INFM,PST	হ,া,গ,ল,ে
হ,া,গ,া,$,V,2,POL,PST	হ,া,গ,ল,ো
হ,া,গ,া,$,V,PRF,2,PST,LGSPEC1	হ,ে,গ,ে,ছ,ি,ল,ি
হ,া,গ,া,$,V,1,PST	হ,া,গ,ল,া,ম
হ,া,গ,া,$,V,3,INFM,FUT	হ,া,গ,ব,ে
হ,া,গ,া,$,V,PRF,3,POL,PST	হ,ে,গ,ে,ছ,ি,ল,ে,ন
হ,া,গ,া,$,V,PROG,2,POL,PRS	হ,া,গ,ছ,ে
হ,া,গ,া,$,V,PROG,2,PST,LGSPEC1	হ,া,গ,ছ,ি,ল,ি
হ,া,গ,া,$,V,2,PST,LGSPEC1	হ,া,গ,ল,ি
হ,া,গ,া,$,V,PRF,3,INFM,PST	হ,ে,গ,ে,ছ,ি,ল,ে
হ,া,গ,া,$,V,PROG,2,POL,PST	হ,া,গ,ছ,ি,ল,ো
হ,া,গ,া,$,V,PRF,2,PRS,LGSPEC1	হ,ে,গ,ে,ছ,ি,স
হ,া,গ,া,$,V,3,POL,FUT	হ,া,গ,ব,ে,ন
হ,া,গ,া,$,V,3,INFM,PRS	হ,া,গ,ো
হ,া,গ,া,$,V,PRF,2,POL,PRS	হ,ে,গ,ে,ছ,ে
দ,ে,খ,া,ন,ো,$,V,2,PRS,LGSPEC1	দ,ে,খ,া,স
দ,ে,খ,া,ন,ো,$,V,3,POL,FUT	দ,ে,খ,া,ব,ে,ন
দ,ে,খ,া,ন,ো,$,V,PRF,2,PRS,LGSPEC1	দ,ে,খ,ি,য,়,ে,ছ,ি,স
দ,ে,খ,া,ন,ো,$,V,2,POL,PRS	দ,ে,খ,া,য,়
দ,ে,খ,া,ন,ো,$,V,2,PST,LGSPEC1	দ,ে,খ,া,ল,ি
দ,ে,খ,া,ন,ো,$,V,PROG,1,PST	দ,ে,খ,া,চ,্,ছ,ি,ল,া,ম
দ,ে,খ,া,ন,ো,$,V,2,FUT,LGSPEC1	দ,ে,খ,া,ব,ি
দ,ে,খ,া,ন,ো,$,V,2,POL,FUT	দ,ে,খ,া,ব,ে
দ,ে,খ,া,ন,ো,$,V,PRF,3,POL,PRS	দ,ে,খ,ি,য,়,ে,ছ,ে,ন
দ,ে,খ,া,ন,ো,$,V,PRF,2,POL,PRS	দ,ে,খ,ি,য,়,ে,ছ,ে
দ,ে,খ,া,ন,ো,$,V,3,INFM,PRS	দ,ে,খ,া,ও
দ,ে,খ,া,ন,ো,$,V,PROG,2,POL,PRS	দ,ে,খ,া,চ,্,ছ,ে
দ,ে,খ,া,ন,ো,$,V,PRF,1,PST	দ,ে,খ,ি,য,়,ে,ছ,ি,ল,া,ম
দ,ে,খ,া,ন,ো,$,V,NFIN	দ,ে,খ,া,ত,ে
দ,ে,খ,া,ন,ো,$,V,PROG,3,INFM,PRS	দ,ে,খ,া,চ,্,ছ,ো
দ,ে,খ,া,ন,ো,$,V,PRF,2,POL,PST	দ,ে,খ,ি,য,়,ে,ছ,ি,ল,ো
দ,ে,খ,া,ন,ো,$,V,HAB,3,INFM,PST	দ,ে,খ,া,ত,ে
দ,ে,খ,া,ন,ো,$,V,1,PRS	দ,ে,খ,া,ই
দ,ে,খ,া,ন,ো,$,V,HAB,2,POL,PST	দ,ে,খ,া,ত,ো
দ,ে,খ,া,ন,ো,$,V,PROG,3,POL,PRS	দ,ে,খ,া,চ,্,ছ,ে,ন
দ,ে,খ,া,ন,ো,$,V,PROG,2,PRS,LGSPEC1	দ,ে,খ,া,চ,্,ছ,ি,স
দ,ে,খ,া,ন,ো,$,V,1,FUT	দ,ে,খ,া,ব,ো
দ,ে,খ,া,ন,ো,$,V,3,POL,PST	দ,ে,খ,া,ল,ে,ন
দ,ে,খ,া,ন,ো,$,V,PROG,3,POL,PST	দ,ে,খ,া,চ,্,ছ,ি,ল,ে,ন
দ,ে,খ,া,ন,ো,$,V,PRF,1,PRS	দ,ে,খ,ি,য,়,ে,ছ,ি
দ,ে,খ,া,ন,ো,$,V,PROG,2,PST,LGSPEC1	দ,ে,খ,া,চ,্,ছ,ি,ল,ি
দ,ে,খ,া,ন,ো,$,V,HAB,3,POL,PST	দ,ে,খ,া,ত,ে,ন
দ,ে,খ,া,ন,ো,$,V,2,POL,PST	দ,ে,খ,া,ল,ো
দ,ে,খ,া,ন,ো,$,V,PROG,2,POL,PST	দ,ে,খ,া,চ,্,ছ,ি,ল,ো
দ,ে,খ,া,ন,ো,$,V,PRF,3,INFM,PST	দ,ে,খ,ি,য,়,ে,ছ,ি,ল,ে
দ,ে,খ,া,ন,ো,$,V,PRF,3,POL,PST	দ,ে,খ,ি,য,়,ে,ছ,ি,ল,ে,ন
দ,ে,খ,া,ন,ো,$,V,PRF,3,INFM,PRS	দ,ে,খ,ি,য,়,ে,ছ,ো
দ,ে,খ,া,ন,ো,$,V,HAB,2,PST,LGSPEC1	দ,ে,খ,া,ত,ি,স
দ,ে,খ,া,ন,ো,$,V,3,INFM,FUT	দ,ে,খ,া,ব,ে
দ,ে,খ,া,ন,ো,$,V,PRF,2,PST,LGSPEC1	দ,ে,খ,ি,য,়,ে,ছ,ি,ল,ি
দ,ে,খ,া,ন,ো,$,V,1,PST	দ,ে,খ,া,ল,া,ম
দ,ে,খ,া,ন,ো,$,V,3,INFM,PST	দ,ে,খ,া,ল,ে
দ,ে,খ,া,ন,ো,$,V,PROG,3,INFM,PST	দ,ে,খ,া,চ,্,ছ,ি,ল,ে
দ,ে,খ,া,ন,ো,$,V,3,POL,PRS	দ,ে,খ,া,ন
দ,ে,খ,া,ন,ো,$,V,HAB,1,PST	দ,ে,খ,া,ত,া,ম
দ,ে,খ,া,ন,ো,$,V,PROG,1,PRS	দ,ে,খ,া,চ,্,ছ,ি
গ,ে,ল,া,$,V,PROG,2,PST,LGSPEC1	গ,ি,ল,ছ,ি,ল,ি
গ,ে,ল,া,$,V,PROG,3,INFM,PST	গ,ি,ল,ছ,ি,ল,ে
গ,ে,ল,া,$,V,PROG,2,PRS,LGSPEC1	গ,ি,ল,ছ,ি,স
গ,ে,ল,া,$,V,3,INFM,FUT	গ,ি,ল,ব,ে
গ,ে,ল,া,$,V,1,FUT	গ,ি,ল,ব,ো
গ,ে,ল,া,$,V,PROG,3,POL,PRS	গ,ি,ল,ছ,ে,ন
গ,ে,ল,া,$,V,HAB,2,POL,PST	গ,ি,ল,ত,ো
গ,ে,ল,া,$,V,3,POL,PRS	গ,ে,ল,ে,ন
গ,ে,ল,া,$,V,PROG,3,POL,PST	গ,ি,ল,ছ,ি,ল,ে,ন
গ,ে,ল,া,$,V,3,INFM,PST	গ,ি,ল,্,ল,ে
গ,ে,ল,া,$,V,PROG,3,INFM,PRS	গ,ি,ল,ছ,ো
গ,ে,ল,া,$,V,HAB,3,POL,PST	গ,ি,ল,ত,ে,ন
গ,ে,ল,া,$,V,PROG,2,POL,PRS	গ,ি,ল,ছ,ে
গ,ে,ল,া,$,V,PRF,2,POL,PRS	গ,ি,ল,ে,ছ,ে
গ,ে,ল,া,$,V,PRF,2,PRS,LGSPEC1	গ,ি,ল,ে,ছ,ি,স
গ,ে,ল,া,$,V,PRF,3,INFM,PST	গ,ি,ল,ে,ছ,ি,ল,ে
গ,ে,ল,া,$,V,2,PRS,LGSPEC1	গ,ি,ল,ি,স
গ,ে,ল,া,$,V,3,POL,PST	গ,ি,ল,্,ল,ে,ন
গ,ে,ল,া,$,V,PROG,1,PST	গ,ি,ল,ছ,ি,ল,া,ম
গ,ে,ল,া,$,V,PRF,1,PST	গ,ি,ল,ে,ছ,ি,ল,া,ম
গ,ে,ল,া,$,V,HAB,3,INFM,PST	গ,ি,ল,ত,ে
গ,ে,ল,া,$,V,NFIN	গ,ি,ল,ত,ে
গ,ে,ল,া,$,V,PROG,1,PRS	গ,ি,ল,ছ,ি
গ,ে,ল,া,$,V,2,POL,PRS	গ,ে,ল,ে
গ,ে,ল,া,$,V,1,PST	গ,ি,ল,্,ল,া,ম
গ,ে,ল,া,$,V,3,POL,FUT	গ,ি,ল,ব,ে,ন
গ,ে,ল,া,$,V,2,POL,PST	গ,ি,ল,্,ল,ো
গ,ে,ল,া,$,V,PRF,3,POL,PST	গ,ি,ল,ে,ছ,ি,ল,ে,ন
গ,ে,ল,া,$,V,2,PST,LGSPEC1	গ,ি,ল,্,ল,ি
গ,ে,ল,া,$,V,2,POL,FUT	গ,ি,ল,ব,ে
গ,ে,ল,া,$,V,PRF,2,PST,LGSPEC1	গ,ি,ল,ে,ছ,ি,ল,ি
গ,ে,ল,া,$,V,PRF,3,POL,PRS	গ,ি,ল,ে,ছ,ে,ন
গ,ে,ল,া,$,V,HAB,1,PST	গ,ি,ল,ত,া,ম
গ,ে,ল,া,$,V,PRF,2,POL,PST	গ,ি,ল,ে,ছ,ি,ল,ো
গ,ে,ল,া,$,V,1,PRS	গ,ি,ল,ি
গ,ে,ল,া,$,V,2,FUT,LGSPEC1	গ,ি,ল,ব,ি
গ,ে,ল,া,$,V,3,INFM,PRS	গ,ে,ল,ো
গ,ে,ল,া,$,V,HAB,2,PST,LGSPEC1	গ,ি,ল,ত,ি,স
গ,ে,ল,া,$,V,PROG,2,POL,PST	গ,ি,ল,ছ,ি,ল,ো
গ,ে,ল,া,$,V,PRF,1,PRS	গ,ি,ল,ে,ছ,ি
গ,ে,ল,া,$,V,PRF,3,INFM,PRS	গ,ি,ল,ে,ছ,ো
প,া,ছ,া,$,N,GEN,DEF,SG	প,া,ছ,া,ট,া,র
প,া,ছ,া,$,N,NOM,DEF,SG	প,া,ছ,া,ট,া
প,া,ছ,া,$,N,LOC,NDEF	প,া,ছ,া,ত,ে
প,া,ছ,া,$,N,NOM,DEF,PL	প,া,ছ,া,গ,ু,ল,া
প,া,ছ,া,$,N,LOC,DEF,SG	প,া,ছ,া,ট,া,ত,ে
প,া,ছ,া,$,N,GEN,NDEF	প,া,ছ,া,র
প,া,ছ,া,$,N,GEN,DEF,PL	প,া,ছ,া,গ,ু,ল,া,র
প,া,ছ,া,$,N,ACC,NDEF	প,া,ছ,া
প,া,ছ,া,$,N,ACC,DEF,SG	প,া,ছ,া,ট,া
প,া,ছ,া,$,N,NOM,NDEF	প,া,ছ,া
প,া,ছ,া,$,N,LOC,DEF,PL	প,া,ছ,া,গ,ু,ল,া,ত,ে
প,া,ছ,া,$,N,ACC,DEF,PL	প,া,ছ,া,গ,ু,ল,া
ল,ু,ক,া,ন,ো,$,V,HAB,3,INFM,PST	ল,ু,ক,া,ত,ে
ল,ু,ক,া,ন,ো,$,V,2,POL,PST	ল,ু,ক,া,ল,ো
ল,ু,ক,া,ন,ো,$,V,NFIN	ল,ু,ক,া,ত,ে
ল,ু,ক,া,ন,ো,$,V,PRF,1,PST	ল,ু,ক,ি,য,়,ে,ছ,ি,ল,া,ম
ল,ু,ক,া,ন,ো,$,V,HAB,1,PST	ল,ু,ক,া,ত,া,ম
ল,ু,ক,া,ন,ো,$,V,2,POL,PRS	ল,ু,ক,া,য,়
ল,ু,ক,া,ন,ো,$,V,PROG,2,POL,PRS	ল,ু,ক,া,চ,্,ছ,ে
ল,ু,ক,া,ন,ো,$,V,PROG,3,POL,PRS	ল,ু,ক,া,চ,্,ছ,ে,ন
ল,ু,ক,া,ন,ো,$,V,3,POL,FUT	ল,ু,ক,া,ব,ে,ন
ল,ু,ক,া,ন,ো,$,V,2,PST,LGSPEC1	ল,ু,ক,া,ল,ি
ল,ু,ক,া,ন,ো,$,V,HAB,2,PST,LGSPEC1	ল,ু,ক,া,ত,ি,স
ল,ু,ক,া,ন,ো,$,V,2,PRS,LGSPEC1	ল,ু,ক,া,স
ল,ু,ক,া,ন,ো,$,V,PRF,2,PST,LGSPEC1	ল,ু,ক,ি,য,়,ে,ছ,ি,ল,ি
ল,ু,ক,া,ন,ো,$,V,3,INFM,PST	ল,ু,ক,া,ল,ে
ল,ু,ক,া,ন,ো,$,V,PRF,3,INFM,PST	ল,ু,ক,ি,য,়,ে,ছ,ি,ল,ে
ল,ু,ক,া,ন,ো,$,V,3,INFM,PRS	ল,ু,ক,া,ও
ল,ু,ক,া,ন,ো,$,V,1,PST	ল,ু,ক,া,ল,া,ম
ল,ু,ক,া,ন,ো,$,V,2,POL,FUT	ল,ু,ক,া,ব,ে
ল,ু,ক,া,ন,ো,$,V,PROG,2,PRS,LGSPEC1	ল,ু,ক,া,চ,্,ছ,ি,স
ল,ু,ক,া,ন,ো,$,V,PROG,1,PRS	ল,ু,ক,া,চ,্,ছ,ি
ল,ু,ক,া,ন,ো,$,V,PRF,2,PRS,LGSPEC1	ল,ু,ক,ি,য,়,ে,ছ,ি,স
ল,ু,ক,া,ন,ো,$,V,PROG,3,POL,PST	ল,ু,ক,া,চ,্,ছ,ি,ল,ে,ন
ল,ু,ক,া,ন,ো,$,V,PRF,2,POL,PST	ল,ু,ক,ি,য,়,ে,ছ,ি,ল,ো
ল,ু,ক,া,ন,ো,$,V,2,FUT,LGSPEC1	ল,ু,ক,া,ব,ি
ল,ু,ক,া,ন,ো,$,V,1,FUT	ল,ু,ক,া,ব,ো
ল,ু,ক,া,ন,ো,$,V,PROG,1,PST	ল,ু,ক,া,চ,্,ছ,ি,ল,া,ম
ল,ু,ক,া,ন,ো,$,V,PROG,2,POL,PST	ল,ু,ক,া,চ,্,ছ,ি,ল,ো
ল,ু,ক,া,ন,ো,$,V,PRF,3,POL,PRS	ল,ু,ক,ি,য,়,ে,ছ,ে,ন
ল,ু,ক,া,ন,ো,$,V,HAB,2,POL,PST	ল,ু,ক,া,ত,ো
ল,ু,ক,া,ন,ো,$,V,3,INFM,FUT	ল,ু,ক,া,ব,ে
ল,ু,ক,া,ন,ো,$,V,3,POL,PST	ল,ু,ক,া,ল,ে,ন
ল,ু,ক,া,ন,ো,$,V,PRF,3,POL,PST	ল,ু,ক,ি,য,়,ে,ছ,ি,ল,ে,ন
ল,ু,ক,া,ন,ো,$,V,PROG,3,INFM,PST	ল,ু,ক,া,চ,্,ছ,ি,ল,ে
ল,ু,ক,া,ন,ো,$,V,PROG,3,INFM,PRS	ল,ু,ক,া,চ,্,ছ,ো
ল,ু,ক,া,ন,ো,$,V,PRF,3,INFM,PRS	ল,ু,ক,ি,য,়,ে,ছ,ো
ল,ু,ক,া,ন,ো,$,V,PROG,2,PST,LGSPEC1	ল,ু,ক,া,চ,্,ছ,ি,ল,ি
ল,ু,ক,া,ন,ো,$,V,PRF,2,POL,PRS	ল,ু,ক,ি,য,়,ে,ছ,ে
ল,ু,ক,া,ন,ো,$,V,3,POL,PRS	ল,ু,ক,া,ন
ল,ু,ক,া,ন,ো,$,V,PRF,1,PRS	ল,ু,ক,ি,য,়,ে,ছ,ি
ল,ু,ক,া,ন,ো,$,V,HAB,3,POL,PST	ল,ু,ক,া,ত,ে,ন
ল,ু,ক,া,ন,ো,$,V,1,PRS	ল,ু,ক,া,ই
ন,া,ম,$,N,LOC,NDEF	ন,া,ম,ে
ন,া,ম,$,N,LOC,DEF,SG	ন,া,ম,ট,া,ত,ে
ন,া,ম,$,N,NOM,NDEF	ন,া,ম
ন,া,ম,$,N,ACC,DEF,SG	ন,া,ম,ট,া
ন,া,ম,$,N,NOM,DEF,SG	ন,া,ম,ট,া
ন,া,ম,$,N,ACC,DEF,PL	ন,া,ম,গ,ু,ল,া
ন,া,ম,$,N,ACC,NDEF	ন,া,ম
ন,া,ম,$,N,LOC,DEF,PL	ন,া,ম,গ,ু,ল,া,ত,ে
ন,া,ম,$,N,GEN,NDEF	ন,া,ম,ে,র
ন,া,ম,$,N,GEN,DEF,SG	ন,া,ম,ট,া,র
ন,া,ম,$,N,NOM,DEF,PL	ন,া,ম,গ,ু,ল,া
ন,া,ম,$,N,GEN,DEF,PL	ন,া,ম,গ,ু,ল,া,র
ঘ,ট,ন,া,$,N,LOC,DEF,SG	ঘ,ট,ন,া,ট,া,ত,ে
ঘ,ট,ন,া,$,N,LOC,NDEF	ঘ,ট,ন,া,ত,ে
ঘ,ট,ন,া,$,N,ACC,DEF,SG	ঘ,ট,ন,া,ট,া
ঘ,ট,ন,া,$,N,ACC,NDEF	ঘ,ট,ন,া
ঘ,ট,ন,া,$,N,ACC,DEF,PL	ঘ,ট,ন,া,গ,ু,ল,া
ঘ,ট,ন,া,$,N,NOM,NDEF	ঘ,ট,ন,া
ঘ,ট,ন,া,$,N,LOC,DEF,PL	ঘ,ট,ন,া,গ,ু,ল,া,ত,ে
ঘ,ট,ন,া,$,N,NOM,DEF,SG	ঘ,ট,ন,া,ট,া
ঘ,ট,ন,া,$,N,GEN,DEF,PL	ঘ,ট,ন,া,গ,ু,ল,া,র
ঘ,ট,ন,া,$,N,GEN,NDEF	ঘ,ট,ন,া,র
ঘ,ট,ন,া,$,N,NOM,DEF,PL	ঘ,ট,ন,া,গ,ু,ল,া
ঘ,ট,ন,া,$,N,GEN,DEF,SG	ঘ,ট,ন,া,ট,া,র
জ,া,ন,া,ল,া,$,N,NOM,NDEF	জ,া,ন,া,ল,া
জ,া,ন,া,ল,া,$,N,NOM,DEF,PL	জ,া,ন,া,ল,া,গ,ু,ল,া
জ,া,ন,া,ল,া,$,N,ACC,DEF,SG	জ,া,ন,া,ল,া,ট,া
জ,া,ন,া,ল,া,$,N,GEN,NDEF	জ,া,ন,া,ল,া,র
জ,া,ন,া,ল,া,$,N,LOC,DEF,PL	জ,া,ন,া,ল,া,গ,ু,ল,া,ত,ে
জ,া,ন,া,ল,া,$,N,NOM,DEF,SG	জ,া,ন,া,ল,া,ট,া
জ,া,ন,া,ল,া,$,N,LOC,DEF,SG	জ,া,ন,া,ল,া,ট,া,ত,ে
জ,া,ন,া,ল,া,$,N,GEN,DEF,PL	জ,া,ন,া,ল,া,গ,ু,ল,া,র
জ,া,ন,া,ল,া,$,N,GEN,DEF,SG	জ,া,ন,া,ল,া,ট,া,র
জ,া,ন,া,ল,া,$,N,LOC,NDEF	জ,া,ন,া,ল,া,ত,ে
জ,া,ন,া,ল,া,$,N,ACC,DEF,PL	জ,া,ন,া,ল,া,গ,ু,ল,া
জ,া,ন,া,ল,া,$,N,ACC,NDEF	জ,া,ন,া,ল,া
অ,ঙ,্,গ,$,N,GEN,DEF,SG	অ,ঙ,্,গ,ট,া,র
অ,ঙ,্,গ,$,N,NOM,NDEF	অ,ঙ,্,গ
অ,ঙ,্,গ,$,N,NOM,DEF,SG	অ,ঙ,্,গ,ট,া
অ,ঙ,্,গ,$,N,LOC,DEF,PL	অ,ঙ,্,গ,গ,ু,ল,া,ত,ে
অ,ঙ,্,গ,$,N,ACC,DEF,SG	অ,ঙ,্,গ,ট,া
অ,ঙ,্,গ,$,N,GEN,NDEF	অ,ঙ,্,গ,ে,র
অ,ঙ,্,গ,$,N,LOC,NDEF	অ,ঙ,্,গ,ে
অ,ঙ,্,গ,$,N,LOC,DEF,SG	অ,ঙ,্,গ,ট,া,ত,ে
অ,ঙ,্,গ,$,N,NOM,DEF,PL	অ,ঙ,্,গ,গ,ু,ল,া
অ,ঙ,্,গ,$,N,GEN,DEF,PL	অ,ঙ,্,গ,গ,ু,ল,া,র
অ,ঙ,্,গ,$,N,ACC,DEF,PL	অ,ঙ,্,গ,গ,ু,ল,া
অ,ঙ,্,গ,$,N,ACC,NDEF	অ,ঙ,্,গ
ব,ৃ,ষ,্,ট,ি, ,হ,ও,য,়,া,$,V,2,PRS,LGSPEC1	ব,ৃ,ষ,্,ট,ি, ,হ,স
ব,ৃ,ষ,্,ট,ি, ,হ,ও,য,়,া,$,V,PROG,3,POL,PST	ব,ৃ,ষ,্,ট,ি, ,হ,চ,্,ছ,ি,ল,ে,ন
ব,ৃ,ষ,্,ট,ি, ,হ,ও,য,়,া,$,V,HAB,2,PST,LGSPEC1	ব,ৃ,ষ,্,ট,ি, ,হ,ত,ি,স
ব,ৃ,ষ,্,ট,ি, ,হ,ও,য,়,া,$,V,PROG,3,INFM,PST	ব,ৃ,ষ,্,ট,ি, ,হ,চ,্,ছ,ি,ল,ে
ব,ৃ,ষ,্,ট,ি, ,হ,ও,য,়,া,$,V,2,POL,PST	ব,ৃ,ষ,্,ট,ি, ,হ,ল,ো
ব,ৃ,ষ,্,ট,ি, ,হ,ও,য,়,া,$,V,HAB,1,PST	ব,ৃ,ষ,্,ট,ি, ,হ,ত,া,ম
ব,ৃ,ষ,্,ট,ি, ,হ,ও,য,়,া,$,V,PROG,2,PST,LGSPEC1	ব,ৃ,ষ,্,ট,ি, ,হ,চ,্,ছ,ি,ল,ি
ব,ৃ,ষ,্,ট,ি, ,হ,ও,য,়,া,$,V,PRF,2,PRS,LGSPEC1	ব,ৃ,ষ,্,ট,ি, ,হ,য,়,ে,ছ,ি,স
ব,ৃ,ষ,্,ট,ি, ,হ,ও,য,়,া,$,V,PRF,2,POL,PRS	ব,ৃ,ষ,্,ট,ি, ,হ,য,়,ে,ছ,ে
ব,ৃ,ষ,্,ট,ি, ,হ,ও,য,়,া,$,V,PRF,3,INFM,PRS	ব,ৃ,ষ,্,ট,ি, ,হ,য,়,ে,ছ,ো
ব,ৃ,ষ,্,ট,ি, ,হ,ও,য,়,া,$,V,PROG,3,INFM,PRS	ব,ৃ,ষ,্,ট,ি, ,হ,চ,্,ছ,ো
ব,ৃ,ষ,্,ট,ি, ,হ,ও,য,়,া,$,V,HAB,3,POL,PST	ব,ৃ,ষ,্,ট,ি, ,হ,ত,ে,ন
ব,ৃ,ষ,্,ট,ি, ,হ,ও,য,়,া,$,V,HAB,3,INFM,PST	ব,ৃ,ষ,্,ট,ি, ,হ,ত,ে
ব,ৃ,ষ,্,ট,ি, ,হ,ও,য,়,া,$,V,3,POL,PST	ব,ৃ,ষ,্,ট,ি, ,হ,ল,ে,ন
ব,ৃ,ষ,্,ট,ি, ,হ,ও,য,়,া,$,V,PROG,2,POL,PST	ব,ৃ,ষ,্,ট,ি, ,হ,চ,্,ছ,ি,ল,ো
ব,ৃ,ষ,্,ট,ি, ,হ,ও,য,়,া,$,V,1,PRS	ব,ৃ,ষ,্,ট,ি, ,হ,ই
ব,ৃ,ষ,্,ট,ি, ,হ,ও,য,়,া,$,V,PROG,1,PRS	ব,ৃ,ষ,্,ট,ি, ,হ,চ,্,ছ,ি
ব,ৃ,ষ,্,ট,ি, ,হ,ও,য,়,া,$,V,1,FUT	ব,ৃ,ষ,্,ট,ি, ,হ,ব,ো
ব,ৃ,ষ,্,ট,ি, ,হ,ও,য,়,া,$,V,PRF,2,POL,PST	ব,ৃ,ষ,্,ট,ি, ,হ,য,়,ে,ছ,ি,ল,ো
ব,ৃ,ষ,্,ট,ি, ,হ,ও,য,়,া,$,V,PRF,1,PST	ব,ৃ,ষ,্,ট,ি, ,হ,য,়,ে,ছ,ি,ল,া,ম
ব,ৃ,ষ,্,ট,ি, ,হ,ও,য,়,া,$,V,PRF,3,INFM,PST	ব,ৃ,ষ,্,ট,ি, ,হ,য,়,ে,ছ,ি,ল,ে
ব,ৃ,ষ,্,ট,ি, ,হ,ও,য,়,া,$,V,PROG,2,PRS,LGSPEC1	ব,ৃ,ষ,্,ট,ি, ,হ,চ,্,ছ,ি,স
ব,ৃ,ষ,্,ট,ি, ,হ,ও,য,়,া,$,V,2,PST,LGSPEC1	ব,ৃ,ষ,্,ট,ি, ,হ,ল,ি
ব,ৃ,ষ,্,ট,ি, ,হ,ও,য,়,া,$,V,NFIN	ব,ৃ,ষ,্,ট,ি, ,হ,ত,ে
ব,ৃ,ষ,্,ট,ি, ,হ,ও,য,়,া,$,V,HAB,2,POL,PST	ব,ৃ,ষ,্,ট,ি, ,হ,ত,ো
ব,ৃ,ষ,্,ট,ি, ,হ,ও,য,়,া,$,V,PRF,2,PST,LGSPEC1	ব,ৃ,ষ,্,ট,ি, ,হ,য,়,ে,ছ,ি,ল,ি
ব,ৃ,ষ,্,ট,ি, ,হ,ও,য,়,া,$,V,PROG,3,POL,PRS	ব,ৃ,ষ,্,ট,ি, ,হ,চ,্,ছ,ে,ন
ব,ৃ,ষ,্,ট,ি, ,হ,ও,য,়,া,$,V,3,INFM,PST	ব,ৃ,ষ,্,ট,ি, ,হ,ল,ে
ব,ৃ,ষ,্,ট,ি, ,হ,ও,য,়,া,$,V,PRF,1,PRS	ব,ৃ,ষ,্,ট,ি, ,হ,য,়,ে,ছ,ি
ব,ৃ,ষ,্,ট,ি, ,হ,ও,য,়,া,$,V,3,POL,PRS	ব,ৃ,ষ,্,ট,ি, ,হ,ন
ব,ৃ,ষ,্,ট,ি, ,হ,ও,য,়,া,$,V,3,POL,FUT	ব,ৃ,ষ,্,ট,ি, ,হ,ব,ে,ন
ব,ৃ,ষ,্,ট,ি, ,হ,ও,য,়,া,$,V,2,FUT,LGSPEC1	ব,ৃ,ষ,্,ট,ি, ,হ,ব,ি
ব,ৃ,ষ,্,ট,ি, ,হ,ও,য,়,া,$,V,PRF,3,POL,PRS	ব,ৃ,ষ,্,ট,ি, ,হ,য,়,ে,ছ,ে,ন
ব,ৃ,ষ,্,ট,ি, ,হ,ও,য,়,া,$,V,PROG,2,POL,PRS	ব,ৃ,ষ,্,ট,ি, ,হ,চ,্,ছ,ে
ব,ৃ,ষ,্,ট,ি, ,হ,ও,য,়,া,$,V,2,POL,FUT	ব,ৃ,ষ,্,ট,ি, ,হ,ব,ে
ব,ৃ,ষ,্,ট,ি, ,হ,ও,য,়,া,$,V,1,PST	ব,ৃ,ষ,্,ট,ি, ,হ,ল,া,ম
ব,ৃ,ষ,্,ট,ি, ,হ,ও,য,়,া,$,V,3,INFM,PRS	ব,ৃ,ষ,্,ট,ি, ,হ,ও
ব,ৃ,ষ,্,ট,ি, ,হ,ও,য,়,া,$,V,PROG,1,PST	ব,ৃ,ষ,্,ট,ি, ,হ,চ,্,ছ,ি,ল,া,ম
ব,ৃ,ষ,্,ট,ি, ,হ,ও,য,়,া,$,V,2,POL,PRS	ব,ৃ,ষ,্,ট,ি, ,হ,য,়
ব,ৃ,ষ,্,ট,ি, ,হ,ও,য,়,া,$,V,3,INFM,FUT	ব,ৃ,ষ,্,ট,ি, ,হ,ব,ে
ব,ৃ,ষ,্,ট,ি, ,হ,ও,য,়,া,$,V,PRF,3,POL,PST	ব,ৃ,ষ,্,ট,ি, ,হ,য,়,ে,ছ,ি,ল,ে,ন
জ,া,ন,া,$,V,PROG,1,PST	জ,া,ন,ছ,ি,ল,া,ম
জ,া,ন,া,$,V,3,POL,PRS	জ,া,ন,ে,ন
জ,া,ন,া,$,V,PROG,3,POL,PRS	জ,া,ন,ছ,ে,ন
জ,া,ন,া,$,V,PRF,1,PST	জ,ে,ন,ে,ছ,ি,ল,া,ম
জ,া,ন,া,$,V,PROG,3,INFM,PRS	জ,া,ন,ছ,ো
জ,া,ন,া,$,V,2,PST,LGSPEC1	জ,া,ন,ল,ি
জ,া,ন,া,$,V,1,PRS	জ,া,ন,ি
জ,া,ন,া,$,V,HAB,3,POL,PST	জ,া,ন,ত,ে,ন
জ,া,ন,া,$,V,PRF,3,INFM,PST	জ,ে,ন,ে,ছ,ি,ল,ে
জ,া,ন,া,$,V,1,PST	জ,া,ন,ল,া,ম
জ,া,ন,া,$,V,HAB,2,POL,PST	জ,া,ন,ত,ো
জ,া,ন,া,$,V,PROG,3,POL,PST	জ,া,ন,ছ,ি,ল,ে,ন
জ,া,ন,া,$,V,NFIN	জ,া,ন,ত,ে
জ,া,ন,া,$,V,PROG,2,POL,PRS	জ,া,ন,ছ,ে
জ,া,ন,া,$,V,3,INFM,PST	জ,া,ন,ল,ে
জ,া,ন,া,$,V,2,POL,PRS	জ,া,ন,ে
জ,া,ন,া,$,V,3,POL,PST	জ,া,ন,ল,ে,ন
জ,া,ন,া,$,V,PRF,2,PST,LGSPEC1	জ,ে,ন,ে,ছ,ি,ল,ি
জ,া,ন,া,$,V,HAB,3,INFM,PST	জ,া,ন,ত,ে
জ,া,ন,া,$,V,PRF,2,POL,PRS	জ,ে,ন,ে,ছ,ে
জ,া,ন,া,$,V,HAB,1,PST	জ,া,ন,ত,া,ম
জ,া,ন,া,$,V,2,PRS,LGSPEC1	জ,া,ন,ি,স
জ,া,ন,া,$,V,HAB,2,PST,LGSPEC1	জ,া,ন,ত,ি,স
জ,া,ন,া,$,V,1,FUT	জ,া,ন,ব,ো
জ,া,ন,া,$,V,PROG,2,PST,LGSPEC1	জ,া,ন,ছ,ি,ল,ি
জ,া,ন,া,$,V,PRF,3,POL,PRS	জ,ে,ন,ে,ছ,ে,ন
জ,া,ন,া,$,V,PRF,3,INFM,PRS	জ,ে,ন,ে,ছ,ো
জ,া,ন,া,$,V,2,FUT,LGSPEC1	জ,া,ন,ব,ি
জ,া,ন,া,$,V,PRF,3,POL,PST	জ,ে,ন,ে,ছ,ি,ল,ে,ন
জ,া,ন,া,$,V,PROG,2,POL,PST	জ,া,ন,ছ,ি,ল,ো
জ,া,ন,া,$,V,PROG,3,INFM,PST	জ,া,ন,ছ,ি,ল,ে
জ,া,ন,া,$,V,2,POL,FUT	জ,া,ন,ব,ে
জ,া,ন,া,$,V,PRF,1,PRS	জ,ে,ন,ে,ছ,ি
জ,া,ন,া,$,V,PROG,2,PRS,LGSPEC1	জ,া,ন,ছ,ি,স
জ,া,ন,া,$,V,3,POL,FUT	জ,া,ন,ব,ে,ন
জ,া,ন,া,$,V,3,INFM,PRS	জ,া,ন,ো
জ,া,ন,া,$,V,2,POL,PST	জ,া,ন,ল,ো
জ,া,ন,া,$,V,3,INFM,FUT	জ,া,ন,ব,ে
জ,া,ন,া,$,V,PRF,2,POL,PST	জ,ে,ন,ে,ছ,ি,ল,ো
জ,া,ন,া,$,V,PRF,2,PRS,LGSPEC1	জ,ে,ন,ে,ছ,ি,স
জ,া,ন,া,$,V,PROG,1,PRS	জ,া,ন,ছ,ি
খ,া,ও,য,়,া,$,V,3,INFM,PRS	খ,া,ও
খ,া,ও,য,়,া,$,V,PROG,1,PST	খ,া,চ,্,ছ,ি,ল,া,ম
খ,া,ও,য,়,া,$,V,HAB,2,POL,PST	খ,ে,ত,ো
খ,া,ও,য,়,া,$,V,PROG,1,PRS	খ,া,চ,্,ছ,ি
খ,া,ও,য,়,া,$,V,HAB,1,PST	খ,ে,ত,া,ম
খ,া,ও,য,়,া,$,V,2,POL,PST	খ,ে,ল,ো
খ,া,ও,য,়,া,$,V,2,POL,PRS	খ,া,য,়
খ,া,ও,য,়,া,$,V,PROG,3,POL,PRS	খ,া,চ,্,ছ,ে,ন
খ,া,ও,য,়,া,$,V,PRF,3,INFM,PRS	খ,ে,য,়,ে,ছ,ো
খ,া,ও,য,়,া,$,V,PROG,2,PST,LGSPEC1	খ,া,চ,্,ছ,ি,ল,ি
খ,া,ও,য,়,া,$,V,1,PRS	খ,া,ই
খ,া,ও,য,়,া,$,V,PROG,3,POL,PST	খ,া,চ,্,ছ,ি,ল,ে,ন
খ,া,ও,য,়,া,$,V,1,FUT	খ,া,ব,ো
খ,া,ও,য,়,া,$,V,PRF,2,PRS,LGSPEC1	খ,ে,য,়,ে,ছ,ি,স
খ,া,ও,য,়,া,$,V,2,FUT,LGSPEC1	খ,া,ব,ি
খ,া,ও,য,়,া,$,V,HAB,3,POL,PST	খ,ে,ত,ে,ন
খ,া,ও,য,়,া,$,V,PRF,2,PST,LGSPEC1	খ,ে,য,়,ে,ছ,ি,ল,ি
খ,া,ও,য,়,া,$,V,PRF,1,PST	খ,ে,য,়,ে,ছ,ি,ল,া,ম
খ,া,ও,য,়,া,$,V,HAB,3,INFM,PST	খ,ে,ত,ে
খ,া,ও,য,়,া,$,V,PROG,2,POL,PRS	খ,া,চ,্,ছ,ে
খ,া,ও,য,়,া,$,V,PROG,2,POL,PST	খ,া,চ,্,ছ,ি,ল,ো
খ,া,ও,য,়,া,$,V,PRF,2,POL,PST	খ,ে,য,়,ে,ছ,ি,ল,ো
খ,া,ও,য,়,া,$,V,PROG,3,INFM,PST	খ,া,চ,্,ছ,ি,ল,ে
খ,া,ও,য,়,া,$,V,1,PST	খ,ে,ল,া,ম
খ,া,ও,য,়,া,$,V,PROG,3,INFM,PRS	খ,া,চ,্,ছ,ো
খ,া,ও,য,়,া,$,V,PRF,3,INFM,PST	খ,ে,য,়,ে,ছ,ি,ল,ে
খ,া,ও,য,়,া,$,V,PRF,3,POL,PRS	খ,ে,য,়,ে,ছ,ে,ন
খ,া,ও,য,়,া,$,V,PRF,3,POL,PST	খ,ে,য,়,ে,ছ,ি,ল,ে,ন
খ,া,ও,য,়,া,$,V,3,POL,PST	খ,ে,ল,ে,ন
খ,া,ও,য,়,া,$,V,3,INFM,PST	খ,ে,ল,ে
খ,া,ও,য,়,া,$,V,PROG,2,PRS,LGSPEC1	খ,া,চ,্,ছ,ি,স
খ,া,ও,য,়,া,$,V,3,INFM,FUT	খ,া,ব,ে
খ,া,ও,য,়,া,$,V,2,POL,FUT	খ,া,ব,ে
খ,া,ও,য,়,া,$,V,NFIN	খ,ে,ত,ে
খ,া,ও,য,়,া,$,V,PRF,1,PRS	খ,ে,য,়,ে,ছ,ি
খ,া,ও,য,়,া,$,V,2,PST,LGSPEC1	খ,ে,ল,ি
খ,া,ও,য,়,া,$,V,3,POL,PRS	খ,া,ন
খ,া,ও,য,়,া,$,V,HAB,2,PST,LGSPEC1	খ,ে,ত,ি,স
খ,া,ও,য,়,া,$,V,2,PRS,LGSPEC1	খ,া,স
খ,া,ও,য,়,া,$,V,PRF,2,POL,PRS	খ,ে,য,়,ে,ছ,ে
খ,া,ও,য,়,া,$,V,3,POL,FUT	খ,া,ব,ে,ন
ব,স,া,$,V,PROG,3,POL,PRS	ব,স,ছ,ে,ন
ব,স,া,$,V,PRF,1,PST	ব,স,ে,ছ,ি,ল,া,ম
ব,স,া,$,V,HAB,1,PST	ব,স,ত,া,ম
ব,স,া,$,V,PROG,2,POL,PRS	ব,স,ছ,ে
ব,স,া,$,V,3,INFM,FUT	ব,স,ব,ে
ব,স,া,$,V,3,POL,PRS	ব,স,ে,ন
ব,স,া,$,V,1,PRS	ব,স,ি
ব,স,া,$,V,PRF,1,PRS	ব,স,ে,ছ,ি
ব,স,া,$,V,PRF,2,PRS,LGSPEC1	ব,স,ে,ছ,ি,স
ব,স,া,$,V,HAB,2,PST,LGSPEC1	ব,স,ত,ি,স
ব,স,া,$,V,PRF,3,INFM,PRS	ব,স,ে,ছ,ো
ব,স,া,$,V,NFIN	ব,স,ত,ে
ব,স,া,$,V,1,PST	ব,স,ল,া,ম
ব,স,া,$,V,PRF,3,POL,PRS	ব,স,ে,ছ,ে,ন
ব,স,া,$,V,1,FUT	ব,স,ব,ো
ব,স,া,$,V,3,INFM,PST	ব,স,ল,ে
ব,স,া,$,V,2,POL,FUT	ব,স,ব,ে
ব,স,া,$,V,PROG,2,PST,LGSPEC1	ব,স,ছ,ি,ল,ি
ব,স,া,$,V,HAB,3,INFM,PST	ব,স,ত,ে
ব,স,া,$,V,3,POL,FUT	ব,স,ব,ে,ন
ব,স,া,$,V,2,POL,PST	ব,স,ল,ো
ব,স,া,$,V,PROG,3,INFM,PST	ব,স,ছ,ি,ল,ে
ব,স,া,$,V,PROG,3,INFM,PRS	ব,স,ছ,ো
ব,স,া,$,V,HAB,2,POL,PST	ব,স,ত,ো
ব,স,া,$,V,PROG,3,POL,PST	ব,স,ছ,ি,ল,ে,ন
ব,স,া,$,V,PRF,3,POL,PST	ব,স,ে,ছ,ি,ল,ে,ন
ব,স,া,$,V,PROG,1,PRS	ব,স,ছ,ি
ব,স,া,$,V,PRF,2,PST,LGSPEC1	ব,স,ে,ছ,ি,ল,ি
ব,স,া,$,V,3,POL,PST	ব,স,ল,ে,ন
ব,স,া,$,V,PROG,1,PST	ব,স,ছ,ি,ল,া,ম
ব,স,া,$,V,PRF,3,INFM,PST	ব,স,ে,ছ,ি,ল,ে
ব,স,া,$,V,2,POL,PRS	ব,স,ে
ব,স,া,$,V,PROG,2,POL,PST	ব,স,ছ,ি,ল,ো
ব,স,া,$,V,2,PST,LGSPEC1	ব,স,ল,ি
ব,স,া,$,V,PRF,2,POL,PST	ব,স,ে,ছ,ি,ল,ো
ব,স,া,$,V,PRF,2,POL,PRS	ব,স,ে,ছ,ে
ব,স,া,$,V,3,INFM,PRS	ব,স,ো
ব,স,া,$,V,2,PRS,LGSPEC1	ব,স,ি,স
ব,স,া,$,V,2,FUT,LGSPEC1	ব,স,ব,ি
ব,স,া,$,V,PROG,2,PRS,LGSPEC1	ব,স,ছ,ি,স
ব,স,া,$,V,HAB,3,POL,PST	ব,স,ত,ে,ন
প,্,র,শ,্,ন, ,ক,র,া,$,V,1,PRS	প,্,র,শ,্,ন, ,ক,র,ি
প,্,র,শ,্,ন, ,ক,র,া,$,V,HAB,3,INFM,PST	প,্,র,শ,্,ন, ,ক,র,ত,ে
প,্,র,শ,্,ন, ,ক,র,া,$,V,2,FUT,LGSPEC1	প,্,র,শ,্,ন, ,ক,র,ব,ি
প,্,র,শ,্,ন, ,ক,র,া,$,V,HAB,2,POL,PST	প,্,র,শ,্,ন, ,ক,র,ত,ো
প,্,র,শ,্,ন, ,ক,র,া,$,V,2,PRS,LGSPEC1	প,্,র,শ,্,ন, ,ক,র,ি,স
প,্,র,শ,্,ন, ,ক,র,া,$,V,PRF,3,POL,PRS	প,্,র,শ,্,ন, ,ক,র,ে,ছ,ে,ন
প,্,র,শ,্,ন, ,ক,র,া,$,V,PRF,2,POL,PST	প,্,র,শ,্,ন, ,ক,র,ে,ছ,ি,ল,ো
প,্,র,শ,্,ন, ,ক,র,া,$,V,2,POL,FUT	প,্,র,শ,্,ন, ,ক,র,ব,ে
প,্,র,শ,্,ন, ,ক,র,া,$,V,1,PST	প,্,র,শ,্,ন, ,ক,র,ল,া,ম
প,্,র,শ,্,ন, ,ক,র,া,$,V,PRF,2,PRS,LGSPEC1	প,্,র,শ,্,ন, ,ক,র,ে,ছ,ি,স
প,্,র,শ,্,ন, ,ক,র,া,$,V,PRF,3,INFM,PRS	প,্,র,শ,্,ন, ,ক,র,ে,ছ,ো
প,্,র,শ,্,ন, ,ক,র,া,$,V,1,FUT	প,্,র,শ,্,ন, ,ক,র,ব,ো
প,্,র,শ,্,ন, ,ক,র,া,$,V,PROG,3,INFM,PST	প,্,র,শ,্,ন, ,ক,র,ছ,ি,ল,ে
প,্,র,শ,্,ন, ,ক,র,া,$,V,3,POL,FUT	প,্,র,শ,্,ন, ,ক,র,ব,ে,ন
প,্,র,শ,্,ন, ,ক,র,া,$,V,3,INFM,FUT	প,্,র,শ,্,ন, ,ক,র,ব,ে
প,্,র,শ,্,ন, ,ক,র,া,$,V,3,INFM,PST	প,্,র,শ,্,ন, ,ক,র,ল,ে
প,্,র,শ,্,ন, ,ক,র,া,$,V,HAB,1,PST	প,্,র,শ,্,ন, ,ক,র,ত,া,ম
প,্,র,শ,্,ন, ,ক,র,া,$,V,3,POL,PST	প,্,র,শ,্,ন, ,ক,র,ল,ে,ন
প,্,র,শ,্,ন, ,ক,র,া,$,V,2,POL,PST	প,্,র,শ,্,ন, ,ক,র,ল,ো
প,্,র,শ,্,ন, ,ক,র,া,$,V,3,INFM,PRS	প,্,র,শ,্,ন, ,ক,র,ো
প,্,র,শ,্,ন, ,ক,র,া,$,V,PROG,2,POL,PST	প,্,র,শ,্,ন, ,ক,র,ছ,ি,ল,ো
প,্,র,শ,্,ন, ,ক,র,া,$,V,2,POL,PRS	প,্,র,শ,্,ন, ,ক,র,ে
প,্,র,শ,্,ন, ,ক,র,া,$,V,3,POL,PRS	প,্,র,শ,্,ন, ,ক,র,ে,ন
প,্,র,শ,্,ন, ,ক,র,া,$,V,PROG,1,PST	প,্,র,শ,্,ন, ,ক,র,ছ,ি,ল,া,ম
প,্,র,শ,্,ন, ,ক,র,া,$,V,PRF,1,PRS	প,্,র,শ,্,ন, ,ক,র,ে,ছ,ি
প,্,র,শ,্,ন, ,ক,র,া,$,V,PROG,2,PRS,LGSPEC1	প,্,র,শ,্,ন, ,ক,র,ছ,ি,স
প,্,র,শ,্,ন, ,ক,র,া,$,V,HAB,2,PST,LGSPEC1	প,্,র,শ,্,ন, ,ক,র,ত,ি,স
প,্,র,শ,্,ন, ,ক,র,া,$,V,2,PST,LGSPEC1	প,্,র,শ,্,ন, ,ক,র,ল,ি
প,্,র,শ,্,ন, ,ক,র,া,$,V,PRF,3,INFM,PST	প,্,র,শ,্,ন, ,ক,র,ে,ছ,ি,ল,ে
প,্,র,শ,্,ন, ,ক,র,া,$,V,PROG,3,POL,PST	প,্,র,শ,্,ন, ,ক,র,ছ,ি,ল,ে,ন
প,্,র,শ,্,ন, ,ক,র,া,$,V,PRF,2,POL,PRS	প,্,র,শ,্,ন, ,ক,র,ে,ছ,ে
প,্,র,শ,্,ন, ,ক,র,া,$,V,PROG,2,PST,LGSPEC1	প,্,র,শ,্,ন, ,ক,র,ছ,ি,ল,ি
প,্,র,শ,্,ন, ,ক,র,া,$,V,PRF,1,PST	প,্,র,শ,্,ন, ,ক,র,ে,ছ,ি,ল,া,ম
প,্,র,শ,্,ন, ,ক,র,া,$,V,PROG,1,PRS	প,্,র,শ,্,ন, ,ক,র,ছ,ি
প,্,র,শ,্,ন, ,ক,র,া,$,V,PROG,3,POL,PRS	প,্,র,শ,্,ন, ,ক,র,ছ,ে,ন
প,্,র,শ,্,ন, ,ক,র,া,$,V,PROG,2,POL,PRS	প,্,র,শ,্,ন, ,ক,র,ছ,ে
প,্,র,শ,্,ন, ,ক,র,া,$,V,PROG,3,INFM,PRS	প,্,র,শ,্,ন, ,ক,র,ছ,ো
প,্,র,শ,্,ন, ,ক,র,া,$,V,PRF,3,POL,PST	প,্,র,শ,্,ন, ,ক,র,ে,ছ,ি,ল,ে,ন
প,্,র,শ,্,ন, ,ক,র,া,$,V,NFIN	প,্,র,শ,্,ন, ,ক,র,ত,ে
প,্,র,শ,্,ন, ,ক,র,া,$,V,PRF,2,PST,LGSPEC1	প,্,র,শ,্,ন, ,ক,র,ে,ছ,ি,ল,ি
প,্,র,শ,্,ন, ,ক,র,া,$,V,HAB,3,POL,PST	প,্,র,শ,্,ন, ,ক,র,ত,ে,ন
উ,ল,্,ক,ি, ,আ,ঁ,ক,া,$,V,PROG,3,INFM,PST	উ,ল,্,ক,ি, ,আ,ঁ,ক,ছ,ি,ল,ে
উ,ল,্,ক,ি, ,আ,ঁ,ক,া,$,V,PROG,3,INFM,PRS	উ,ল,্,ক,ি, ,আ,ঁ,ক,ছ,ো
উ,ল,্,ক,ি, ,আ,ঁ,ক,া,$,V,PROG,2,PST,LGSPEC1	উ,ল,্,ক,ি, ,আ,ঁ,ক,ছ,ি,ল,ি
উ,ল,্,ক,ি, ,আ,ঁ,ক,া,$,V,PRF,3,POL,PST	উ,ল,্,ক,ি, ,এ,ঁ,ক,ে,ছ,ি,ল,ে,ন
উ,ল,্,ক,ি, ,আ,ঁ,ক,া,$,V,3,POL,PRS	উ,ল,্,ক,ি, ,আ,ঁ,ক,ে,ন
উ,ল,্,ক,ি, ,আ,ঁ,ক,া,$,V,2,POL,FUT	উ,ল,্,ক,ি, ,আ,ঁ,ক,ব,ে
উ,ল,্,ক,ি, ,আ,ঁ,ক,া,$,V,PRF,3,POL,PRS	উ,ল,্,ক,ি, ,এ,ঁ,ক,ে,ছ,ে,ন
উ,ল,্,ক,ি, ,আ,ঁ,ক,া,$,V,PRF,1,PRS	উ,ল,্,ক,ি, ,এ,ঁ,ক,ে,ছ,ি
উ,ল,্,ক,ি, ,আ,ঁ,ক,া,$,V,3,POL,FUT	উ,ল,্,ক,ি, ,আ,ঁ,ক,ব,ে,ন
উ,ল,্,ক,ি, ,আ,ঁ,ক,া,$,V,2,FUT,LGSPEC1	উ,ল,্,ক,ি, ,আ,ঁ,ক,ব,ি
উ,ল,্,ক,ি, ,আ,ঁ,ক,া,$,V,2,PRS,LGSPEC1	উ,ল,্,ক,ি, ,আ,ঁ,ক,ি,স
উ,ল,্,ক,ি, ,আ,ঁ,ক,া,$,V,2,POL,PST	উ,ল,্,ক,ি, ,আ,ঁ,ক,ল,ো
উ,ল,্,ক,ি, ,আ,ঁ,ক,া,$,V,PRF,1,PST	উ,ল,্,ক,ি, ,এ,ঁ,ক,ে,ছ,ি,ল,া,ম
উ,ল,্,ক,ি, ,আ,ঁ,ক,া,$,V,3,POL,PST	উ,ল,্,ক,ি, ,আ,ঁ,ক,ল,ে,ন
উ,ল,্,ক,ি, ,আ,ঁ,ক,া,$,V,PRF,2,PRS,LGSPEC1	উ,ল,্,ক,ি, ,এ,ঁ,ক,ে,ছ,ি,স
উ,ল,্,ক,ি, ,আ,ঁ,ক,া,$,V,2,PST,LGSPEC1	উ,ল,্,ক,ি, ,আ,ঁ,ক,ল,ি
উ,ল,্,ক,ি, ,আ,ঁ,ক,া,$,V,PROG,1,PRS	উ,ল,্,ক,ি, ,আ,ঁ,ক,ছ,ি
উ,ল,্,ক,ি, ,আ,ঁ,ক,া,$,V,1,FUT	উ,ল,্,ক,ি, ,আ,ঁ,ক,ব,ো
উ,ল,্,ক,ি, ,আ,ঁ,ক,া,$,V,PRF,3,INFM,PST	উ,ল,্,ক,ি, ,এ,ঁ,ক,ে,ছ,ি,ল,ে
উ,ল,্,ক,ি, ,আ,ঁ,ক,া,$,V,PROG,2,POL,PST	উ,ল,্,ক,ি, ,আ,ঁ,ক,ছ,ি,ল,ো
উ,ল,্,ক,ি, ,আ,ঁ,ক,া,$,V,PRF,2,POL,PRS	উ,ল,্,ক,ি, ,এ,ঁ,ক,ে,ছ,ে
উ,ল,্,ক,ি, ,আ,ঁ,ক,া,$,V,1,PRS	উ,ল,্,ক,ি, ,আ,ঁ,ক,ি
উ,ল,্,ক,ি, ,আ,ঁ,ক,া,$,V,HAB,2,PST,LGSPEC1	উ,ল,্,ক,ি, ,আ,ঁ,ক,ত,ি,স
উ,ল,্,ক,ি, ,আ,ঁ,ক,া,$,V,PROG,3,POL,PST	উ,ল,্,ক,ি, ,আ,ঁ,ক,ছ,ি,ল,ে,ন
উ,ল,্,ক,ি, ,আ,ঁ,ক,া,$,V,3,INFM,PST	উ,ল,্,ক,ি, ,আ,ঁ,ক,ল,ে
উ,ল,্,ক,ি, ,আ,ঁ,ক,া,$,V,HAB,1,PST	উ,ল,্,ক,ি, ,আ,ঁ,ক,ত,া,ম
উ,ল,্,ক,ি, ,আ,ঁ,ক,া,$,V,PROG,1,PST	উ,ল,্,ক,ি, ,আ,ঁ,ক,ছ,ি,ল,া,ম
উ,ল,্,ক,ি, ,আ,ঁ,ক,া,$,V,3,INFM,FUT	উ,ল,্,ক,ি, ,আ,ঁ,ক,ব,ে
উ,ল,্,ক,ি, ,আ,ঁ,ক,া,$,V,HAB,3,POL,PST	উ,ল,্,ক,ি, ,আ,ঁ,ক,ত,ে,ন
উ,ল,্,ক,ি, ,আ,ঁ,ক,া,$,V,HAB,2,POL,PST	উ,ল,্,ক,ি, ,আ,ঁ,ক,ত,ো
উ,ল,্,ক,ি, ,আ,ঁ,ক,া,$,V,2,POL,PRS	উ,ল,্,ক,ি, ,আ,ঁ,ক,ে
উ,ল,্,ক,ি, ,আ,ঁ,ক,া,$,V,PRF,3,INFM,PRS	উ,ল,্,ক,ি, ,এ,ঁ,ক,ে,ছ,ো
উ,ল,্,ক,ি, ,আ,ঁ,ক,া,$,V,PRF,2,PST,LGSPEC1	উ,ল,্,ক,ি, ,এ,ঁ,ক,ে,ছ,ি,ল,ি
উ,ল,্,ক,ি, ,আ,ঁ,ক,া,$,V,PROG,2,POL,PRS	উ,ল,্,ক,ি, ,আ,ঁ,ক,ছ,ে
উ,ল,্,ক,ি, ,আ,ঁ,ক,া,$,V,1,PST	উ,ল,্,ক,ি, ,আ,ঁ,ক,ল,া,ম
উ,ল,্,ক,ি, ,আ,ঁ,ক,া,$,V,NFIN	উ,ল,্,ক,ি, ,আ,ঁ,ক,ত,ে
উ,ল,্,ক,ি, ,আ,ঁ,ক,া,$,V,HAB,3,INFM,PST	উ,ল,্,ক,ি, ,আ,ঁ,ক,ত,ে
উ,ল,্,ক,ি, ,আ,ঁ,ক,া,$,V,PROG,3,POL,PRS	উ,ল,্,ক,ি, ,আ,ঁ,ক,ছ,ে,ন
উ,ল,্,ক,ি, ,আ,ঁ,ক,া,$,V,PROG,2,PRS,LGSPEC1	উ,ল,্,ক,ি, ,আ,ঁ,ক,ছ,ি,স
উ,ল,্,ক,ি, ,আ,ঁ,ক,া,$,V,3,INFM,PRS	উ,ল,্,ক,ি, ,আ,ঁ,ক,ো
উ,ল,্,ক,ি, ,আ,ঁ,ক,া,$,V,PRF,2,POL,PST	উ,ল,্,ক,ি, ,এ,ঁ,ক,ে,ছ,ি,ল,ো
ক,ু,ক,ু,র,$,N,NOM,NDEF	ক,ু,ক,ু,র
ক,ু,ক,ু,র,$,N,ACC,DEF,PL	ক,ু,ক,ু,র,দ,ে,র,ক,ে
ক,ু,ক,ু,র,$,N,NOM,DEF,PL	ক,ু,ক,ু,র,ে,র,া
ক,ু,ক,ু,র,$,N,NOM,DEF,SG	ক,ু,ক,ু,র,ট,া
ক,ু,ক,ু,র,$,N,GEN,NDEF	ক,ু,ক,ু,র,ে,র
ক,ু,ক,ু,র,$,N,GEN,DEF,PL	ক,ু,ক,ু,র,দ,ে,র
ক,ু,ক,ু,র,$,N,ACC,DEF,SG	ক,ু,ক,ু,র,ট,া,ক,ে
ক,ু,ক,ু,র,$,N,GEN,DEF,SG	ক,ু,ক,ু,র,ট,া,র
ক,ু,ক,ু,র,$,N,ACC,NDEF	ক,ু,ক,ু,র
ব,ন,্,ধ, ,ক,র,া,$,V,3,POL,FUT	ব,ন,্,ধ, ,ক,র,ব,ে,ন
ব,ন,্,ধ, ,ক,র,া,$,V,PRF,3,POL,PST	ব,ন,্,ধ, ,ক,র,ে,ছ,ি,ল,ে,ন
ব,ন,্,ধ, ,ক,র,া,$,V,3,POL,PRS	ব,ন,্,ধ, ,ক,র,ে,ন
ব,ন,্,ধ, ,ক,র,া,$,V,PRF,3,INFM,PRS	ব,ন,্,ধ, ,ক,র,ে,ছ,ো
ব,ন,্,ধ, ,ক,র,া,$,V,PROG,2,PST,LGSPEC1	ব,ন,্,ধ, ,ক,র,ছ,ি,ল,ি
ব,ন,্,ধ, ,ক,র,া,$,V,PRF,3,POL,PRS	ব,ন,্,ধ, ,ক,র,ে,ছ,ে,ন
ব,ন,্,ধ, ,ক,র,া,$,V,HAB,3,POL,PST	ব,ন,্,ধ, ,ক,র,ত,ে,ন
ব,ন,্,ধ, ,ক,র,া,$,V,PROG,2,POL,PST	ব,ন,্,ধ, ,ক,র,ছ,ি,ল,ো
ব,ন,্,ধ, ,ক,র,া,$,V,PRF,2,POL,PST	ব,ন,্,ধ, ,ক,র,ে,ছ,ি,ল,ো
ব,ন,্,ধ, ,ক,র,া,$,V,PROG,3,POL,PRS	ব,ন,্,ধ, ,ক,র,ছ,ে,ন
ব,ন,্,ধ, ,ক,র,া,$,V,PROG,1,PST	ব,ন,্,ধ, ,ক,র,ছ,ি,ল,া,ম
ব,ন,্,ধ, ,ক,র,া,$,V,2,PST,LGSPEC1	ব,ন,্,ধ, ,ক,র,ল,ি
ব,ন,্,ধ, ,ক,র,া,$,V,PRF,3,INFM,PST	ব,ন,্,ধ, ,ক,র,ে,ছ,ি,ল,ে
ব,ন,্,ধ, ,ক,র,া,$,V,3,INFM,PRS	ব,ন,্,ধ, ,ক,র,ো
ব,ন,্,ধ, ,ক,র,া,$,V,3,INFM,PST	ব,ন,্,ধ, ,ক,র,ল,ে
ব,ন,্,ধ, ,ক,র,া,$,V,PRF,2,POL,PRS	ব,ন,্,ধ, ,ক,র,ে,ছ,ে
ব,ন,্,ধ, ,ক,র,া,$,V,PROG,3,POL,PST	ব,ন,্,ধ, ,ক,র,ছ,ি,ল,ে,ন
ব,ন,্,ধ, ,ক,র,া,$,V,2,FUT,LGSPEC1	ব,ন,্,ধ, ,ক,র,ব,ি
ব,ন,্,ধ, ,ক,র,া,$,V,2,POL,PST	ব,ন,্,ধ, ,ক,র,ল,ো
ব,ন,্,ধ, ,ক,র,া,$,V,PROG,2,PRS,LGSPEC1	ব,ন,্,ধ, ,ক,র,ছ,ি,স
ব,ন,্,ধ, ,ক,র,া,$,V,HAB,3,INFM,PST	ব,ন,্,ধ, ,ক,র,ত,ে
ব,ন,্,ধ, ,ক,র,া,$,V,PRF,1,PRS	ব,ন,্,ধ, ,ক,র,ে,ছ,ি
ব,ন,্,ধ, ,ক,র,া,$,V,1,PRS	ব,ন,্,ধ, ,ক,র,ি
ব,ন,্,ধ, ,ক,র,া,$,V,PROG,3,INFM,PRS	ব,ন,্,ধ, ,ক,র,ছ,ো
ব,ন,্,ধ, ,ক,র,া,$,V,HAB,2,POL,PST	ব,ন,্,ধ, ,ক,র,ত,ো
ব,ন,্,ধ, ,ক,র,া,$,V,PROG,2,POL,PRS	ব,ন,্,ধ, ,ক,র,ছ,ে
ব,ন,্,ধ, ,ক,র,া,$,V,2,POL,PRS	ব,ন,্,ধ, ,ক,র,ে
ব,ন,্,ধ, ,ক,র,া,$,V,2,POL,FUT	ব,ন,্,ধ, ,ক,র,ব,ে
ব,ন,্,ধ, ,ক,র,া,$,V,PROG,3,INFM,PST	ব,ন,্,ধ, ,ক,র,ছ,ি,ল,ে
ব,ন,্,ধ, ,ক,র,া,$,V,PRF,2,PST,LGSPEC1	ব,ন,্,ধ, ,ক,র,ে,ছ,ি,ল,ি
ব,ন,্,ধ, ,ক,র,া,$,V,PRF,1,PST	ব,ন,্,ধ, ,ক,র,ে,ছ,ি,ল,া,ম
ব,ন,্,ধ, ,ক,র,া,$,V,PRF,2,PRS,LGSPEC1	ব,ন,্,ধ, ,ক,র,ে,ছ,ি,স
ব,ন,্,ধ, ,ক,র,া,$,V,1,FUT	ব,ন,্,ধ, ,ক,র,ব,ো
ব,ন,্,ধ, ,ক,র,া,$,V,PROG,1,PRS	ব,ন,্,ধ, ,ক,র,ছ,ি
ব,ন,্,ধ, ,ক,র,া,$,V,HAB,1,PST	ব,ন,্,ধ, ,ক,র,ত,া,ম
ব,ন,্,ধ, ,ক,র,া,$,V,NFIN	ব,ন,্,ধ, ,ক,র,ত,ে
ব,ন,্,ধ, ,ক,র,া,$,V,2,PRS,LGSPEC1	ব,ন,্,ধ, ,ক,র,ি,স
ব,ন,্,ধ, ,ক,র,া,$,V,HAB,2,PST,LGSPEC1	ব,ন,্,ধ, ,ক,র,ত,ি,স
ব,ন,্,ধ, ,ক,র,া,$,V,1,PST	ব,ন,্,ধ, ,ক,র,ল,া,ম
ব,ন,্,ধ, ,ক,র,া,$,V,3,POL,PST	ব,ন,্,ধ, ,ক,র,ল,ে,ন
ব,ন,্,ধ, ,ক,র,া,$,V,3,INFM,FUT	ব,ন,্,ধ, ,ক,র,ব,ে
য,া,ও,য,়,া,$,V,PRF,2,PRS,LGSPEC1	গ,ি,য,়,ে,ছ,ি,স
য,া,ও,য,়,া,$,V,2,PRS,LGSPEC1	য,া,স
য,া,ও,য,়,া,$,V,NFIN	য,ে,ত,ে
য,া,ও,য,়,া,$,V,PROG,2,POL,PST	য,া,চ,্,ছ,ি,ল,ো
য,া,ও,য,়,া,$,V,2,PST,LGSPEC1	গ,ে,ল,ি
য,া,ও,য,়,া,$,V,3,INFM,PST	গ,ে,ল,ে
য,া,ও,য,়,া,$,V,PROG,3,POL,PRS	য,া,চ,্,ছ,ে,ন
য,া,ও,য,়,া,$,V,PRF,2,POL,PST	গ,ি,য,়,ে,ছ,ি,ল,ো
য,া,ও,য,়,া,$,V,1,PST	গ,ে,ল,া,ম
য,া,ও,য,়,া,$,V,PRF,3,INFM,PRS	গ,ি,য,়,ে,ছ,ো
য,া,ও,য,়,া,$,V,2,POL,PRS	য,া,য,়
য,া,ও,য,়,া,$,V,HAB,3,INFM,PST	য,ে,ত,ে
য,া,ও,য,়,া,$,V,HAB,2,PST,LGSPEC1	য,ে,ত,ি,স
য,া,ও,য,়,া,$,V,1,PRS	য,া,ই
য,া,ও,য,়,া,$,V,PROG,2,PRS,LGSPEC1	য,া,চ,্,ছ,ি,স
য,া,ও,য,়,া,$,V,3,INFM,FUT	য,া,ব,ে
য,া,ও,য,়,া,$,V,3,INFM,PRS	য,া,ও
য,া,ও,য,়,া,$,V,HAB,1,PST	য,ে,ত,া,ম
য,া,ও,য,়,া,$,V,PRF,2,POL,PRS	গ,ি,য,়,ে,ছ,ে
য,া,ও,য,়,া,$,V,3,POL,PST	গ,ে,ল,ে,ন
য,া,ও,য,়,া,$,V,PROG,3,INFM,PST	য,া,চ,্,ছ,ি,ল,ে
য,া,ও,য,়,া,$,V,PROG,1,PRS	য,া,চ,্,ছ,ি
য,া,ও,য,়,া,$,V,HAB,2,POL,PST	য,ে,ত,ো
য,া,ও,য,়,া,$,V,3,POL,PRS	য,া,ন
য,া,ও,য,়,া,$,V,1,FUT	য,া,ব,ো
য,া,ও,য,়,া,$,V,PROG,2,PST,LGSPEC1	য,া,চ,্,ছ,ি,ল,ি
য,া,ও,য,়,া,$,V,PROG,1,PST	য,া,চ,্,ছ,ি,ল,া,ম
য,া,ও,য,়,া,$,V,PROG,2,POL,PRS	য,া,চ,্,ছ,ে
য,া,ও,য,়,া,$,V,2,POL,FUT	য,া,ব,ে
য,া,ও,য,়,া,$,V,PROG,3,POL,PST	য,া,চ,্,ছ,ি,ল,ে,ন
য,া,ও,য,়,া,$,V,PRF,2,PST,LGSPEC1	গ,ি,য,়,ে,ছ,ি,ল,ি
য,া,ও,য,়,া,$,V,PRF,3,INFM,PST	গ,ি,য,়,ে,ছ,ি,ল,ে
য,া,ও,য,়,া,$,V,HAB,3,POL,PST	য,ে,ত,ে,ন
য,া,ও,য,়,া,$,V,3,POL,FUT	য,া,ব,ে,ন
য,া,ও,য,়,া,$,V,PRF,1,PST	গ,ি,য,়,ে,ছ,ি,ল,া,ম
য,া,ও,য,়,া,$,V,PROG,3,INFM,PRS	য,া,চ,্,ছ,ো
য,া,ও,য,়,া,$,V,2,FUT,LGSPEC1	য,া,ব,ি
য,া,ও,য,়,া,$,V,PRF,3,POL,PRS	গ,ি,য,়,ে,ছ,ে,ন
য,া,ও,য,়,া,$,V,PRF,3,POL,PST	গ,ি,য,়,ে,ছ,ি,ল,ে,ন
য,া,ও,য,়,া,$,V,2,POL,PST	গ,ে,ল,ো
য,া,ও,য,়,া,$,V,PRF,1,PRS	গ,ি,য,়,ে,ছ,ি
খ,ো,ঁ,জ,া,$,V,1,PST	খ,ু,ঁ,জ,ল,া,ম
খ,ো,ঁ,জ,া,$,V,PROG,2,PRS,LGSPEC1	খ,ু,ঁ,জ,ছ,ি,স
খ,ো,ঁ,জ,া,$,V,PRF,2,POL,PRS	খ,ু,ঁ,জ,ে,ছ,ে
খ,ো,ঁ,জ,া,$,V,HAB,2,POL,PST	খ,ু,ঁ,জ,ত,ো
খ,ো,ঁ,জ,া,$,V,PROG,2,POL,PRS	খ,ু,ঁ,জ,ছ,ে
খ,ো,ঁ,জ,া,$,V,2,POL,PRS	খ,ো,ঁ,জ,ে
খ,ো,ঁ,জ,া,$,V,3,INFM,FUT	খ,ু,ঁ,জ,ব,ে
খ,ো,ঁ,জ,া,$,V,HAB,3,INFM,PST	খ,ু,ঁ,জ,ত,ে
খ,ো,ঁ,জ,া,$,V,2,FUT,LGSPEC1	খ,ু,ঁ,জ,ব,ি
খ,ো,ঁ,জ,া,$,V,PRF,1,PRS	খ,ু,ঁ,জ,ে,ছ,ি
খ,ো,ঁ,জ,া,$,V,HAB,1,PST	খ,ু,ঁ,জ,ত,া,ম
খ,ো,ঁ,জ,া,$,V,NFIN	খ,ু,ঁ,জ,ত,ে
খ,ো,ঁ,জ,া,$,V,HAB,2,PST,LGSPEC1	খ,ু,ঁ,জ,ত,ি,স
খ,ো,ঁ,জ,া,$,V,2,POL,FUT	খ,ু,ঁ,জ,ব,ে
খ,ো,ঁ,জ,া,$,V,3,POL,PST	খ,ু,ঁ,জ,ল,ে,ন
খ,ো,ঁ,জ,া,$,V,3,INFM,PRS	খ,ো,ঁ,জ,ো
খ,ো,ঁ,জ,া,$,V,PROG,3,INFM,PST	খ,ু,ঁ,জ,ছ,ি,ল,ে
খ,ো,ঁ,জ,া,$,V,PRF,3,INFM,PST	খ,ু,ঁ,জ,ে,ছ,ি,ল,ে
খ,ো,ঁ,জ,া,$,V,PROG,3,INFM,PRS	খ,ু,ঁ,জ,ছ,ো
খ,ো,ঁ,জ,া,$,V,HAB,3,POL,PST	খ,ু,ঁ,জ,ত,ে,ন
খ,ো,ঁ,জ,া,$,V,PROG,1,PST	খ,ু,ঁ,জ,ছ,ি,ল,া,ম
খ,ো,ঁ,জ,া,$,V,PRF,3,POL,PRS	খ,ু,ঁ,জ,ে,ছ,ে,ন
খ,ো,ঁ,জ,া,$,V,3,POL,PRS	খ,ো,ঁ,জ,ে,ন
খ,ো,ঁ,জ,া,$,V,PROG,3,POL,PST	খ,ু,ঁ,জ,ছ,ি,ল,ে,ন
খ,ো,ঁ,জ,া,$,V,PROG,2,POL,PST	খ,ু,ঁ,জ,ছ,ি,ল,ো
খ,ো,ঁ,জ,া,$,V,3,INFM,PST	খ,ু,ঁ,জ,ল,ে
খ,ো,ঁ,জ,া,$,V,PRF,2,PST,LGSPEC1	খ,ু,ঁ,জ,ে,ছ,ি,ল,ি
খ,ো,ঁ,জ,া,$,V,PRF,2,POL,PST	খ,ু,ঁ,জ,ে,ছ,ি,ল,ো
খ,ো,ঁ,জ,া,$,V,1,FUT	খ,ু,ঁ,জ,ব,ো
খ,ো,ঁ,জ,া,$,V,PRF,3,INFM,PRS	খ,ু,ঁ,জ,ে,ছ,ো
খ,ো,ঁ,জ,া,$,V,2,PST,LGSPEC1	খ,ু,ঁ,জ,ল,ি
খ,ো,ঁ,জ,া,$,V,PROG,2,PST,LGSPEC1	খ,ু,ঁ,জ,ছ,ি,ল,ি
খ,ো,ঁ,জ,া,$,V,PROG,3,POL,PRS	খ,ু,ঁ,জ,ছ,ে,ন
খ,ো,ঁ,জ,া,$,V,2,PRS,LGSPEC1	খ,ু,ঁ,জ,ি,স
খ,ো,ঁ,জ,া,$,V,PRF,2,PRS,LGSPEC1	খ,ু,ঁ,জ,ে,ছ,ি,স
খ,ো,ঁ,জ,া,$,V,3,POL,FUT	খ,ু,ঁ,জ,ব,ে,ন
খ,ো,ঁ,জ,া,$,V,PRF,3,POL,PST	খ,ু,ঁ,জ,ে,ছ,ি,ল,ে,ন
খ,ো,ঁ,জ,া,$,V,2,POL,PST	খ,ু,ঁ,জ,ল,ো
খ,ো,ঁ,জ,া,$,V,PROG,1,PRS	খ,ু,ঁ,জ,ছ,ি
খ,ো,ঁ,জ,া,$,V,1,PRS	খ,ু,ঁ,জ,ি
খ,ো,ঁ,জ,া,$,V,PRF,1,PST	খ,ু,ঁ,জ,ে,ছ,ি,ল,া,ম
দ,ে,শ,$,N,GEN,DEF,SG	দ,ে,শ,ট,া,র
দ,ে,শ,$,N,ACC,DEF,SG	দ,ে,শ,ট,া
দ,ে,শ,$,N,ACC,DEF,PL	দ,ে,শ,গ,ু,ল,া
দ,ে,শ,$,N,GEN,DEF,PL	দ,ে,শ,গ,ু,ল,া,র
দ,ে,শ,$,N,GEN,NDEF	দ,ে,শ,ে,র
দ,ে,শ,$,N,LOC,DEF,SG	দ,ে,শ,ট,া,ত,ে
দ,ে,শ,$,N,ACC,NDEF	দ,ে,শ
দ,ে,শ,$,N,LOC,NDEF	দ,ে,শ,ে
দ,ে,শ,$,N,NOM,DEF,SG	দ,ে,শ,ট,া
দ,ে,শ,$,N,LOC,DEF,PL	দ,ে,শ,গ,ু,ল,া,ত,ে
দ,ে,শ,$,N,NOM,DEF,PL	দ,ে,শ,গ,ু,ল,া
দ,ে,শ,$,N,NOM,NDEF	দ,ে,শ
ধ,ন,$,N,LOC,NDEF	ধ,ন,ে
ধ,ন,$,N,LOC,DEF,SG	ধ,ন,ট,া,ত,ে
ধ,ন,$,N,GEN,NDEF	ধ,ন,ে,র
ধ,ন,$,N,LOC,DEF,PL	ধ,ন,গ,ু,ল,া,ত,ে
ধ,ন,$,N,ACC,NDEF	ধ,ন
ধ,ন,$,N,GEN,DEF,PL	ধ,ন,গ,ু,ল,া,র
ধ,ন,$,N,ACC,DEF,SG	ধ,ন,ট,া
ধ,ন,$,N,NOM,DEF,SG	ধ,ন,ট,া
ধ,ন,$,N,NOM,NDEF	ধ,ন
ধ,ন,$,N,NOM,DEF,PL	ধ,ন,গ,ু,ল,া
ধ,ন,$,N,ACC,DEF,PL	ধ,ন,গ,ু,ল,া
ধ,ন,$,N,GEN,DEF,SG	ধ,ন,ট,া,র
শ,ি,খ,া,ন,ো,$,V,2,POL,PRS	শ,ি,খ,া,য,়
শ,ি,খ,া,ন,ো,$,V,PRF,1,PST	শ,ি,খ,ি,য,়,ে,ছ,ি,ল,া,ম
শ,ি,খ,া,ন,ো,$,V,PROG,2,PRS,LGSPEC1	শ,ি,খ,া,চ,্,ছ,ি,স
শ,ি,খ,া,ন,ো,$,V,PRF,3,INFM,PRS	শ,ি,খ,ি,য,়,ে,ছ,ো
শ,ি,খ,া,ন,ো,$,V,3,POL,PST	শ,ি,খ,া,ল,ে,ন
শ,ি,খ,া,ন,ো,$,V,PRF,2,PRS,LGSPEC1	শ,ি,খ,ি,য,়,ে,ছ,ি,স
শ,ি,খ,া,ন,ো,$,V,PROG,3,INFM,PRS	শ,ি,খ,া,চ,্,ছ,ো
শ,ি,খ,া,ন,ো,$,V,PROG,2,POL,PST	শ,ি,খ,া,চ,্,ছ,ি,ল,ো
শ,ি,খ,া,ন,ো,$,V,2,PRS,LGSPEC1	শ,ি,খ,া,স
শ,ি,খ,া,ন,ো,$,V,3,INFM,PRS	শ,ি,খ,া,ও
শ,ি,খ,া,ন,ো,$,V,3,POL,FUT	শ,ি,খ,া,ব,ে,ন
শ,ি,খ,া,ন,ো,$,V,PRF,3,POL,PST	শ,ি,খ,ি,য,়,ে,ছ,ি,ল,ে,ন
শ,ি,খ,া,ন,ো,$,V,PRF,3,INFM,PST	শ,ি,খ,ি,য,়,ে,ছ,ি,ল,ে
শ,ি,খ,া,ন,ো,$,V,3,INFM,FUT	শ,ি,খ,া,ব,ে
শ,ি,খ,া,ন,ো,$,V,1,FUT	শ,ি,খ,া,ব,ো
শ,ি,খ,া,ন,ো,$,V,HAB,3,INFM,PST	শ,ি,খ,া,ত,ে
শ,ি,খ,া,ন,ো,$,V,HAB,3,POL,PST	শ,ি,খ,া,ত,ে,ন
শ,ি,খ,া,ন,ো,$,V,2,PST,LGSPEC1	শ,ি,খ,া,ল,ি
শ,ি,খ,া,ন,ো,$,V,PROG,1,PST	শ,ি,খ,া,চ,্,ছ,ি,ল,া,ম
শ,ি,খ,া,ন,ো,$,V,PROG,3,INFM,PST	শ,ি,খ,া,চ,্,ছ,ি,ল,ে
শ,ি,খ,া,ন,ো,$,V,2,FUT,LGSPEC1	শ,ি,খ,া,ব,ি
শ,ি,খ,া,ন,ো,$,V,PROG,3,POL,PST	শ,ি,খ,া,চ,্,ছ,ি,ল,ে,ন
শ,ি,খ,া,ন,ো,$,V,1,PRS	শ,ি,খ,া,ই
শ,ি,খ,া,ন,ো,$,V,HAB,1,PST	শ,ি,খ,া,ত,া,ম
শ,ি,খ,া,ন,ো,$,V,PROG,2,POL,PRS	শ,ি,খ,া,চ,্,ছ,ে
শ,ি,খ,া,ন,ো,$,V,PROG,1,PRS	শ,ি,খ,া,চ,্,ছ,ি
শ,ি,খ,া,ন,ো,$,V,PRF,2,POL,PST	শ,ি,খ,ি,য,়,ে,ছ,ি,ল,ো
শ,ি,খ,া,ন,ো,$,V,2,POL,FUT	শ,ি,খ,া,ব,ে
শ,ি,খ,া,ন,ো,$,V,3,POL,PRS	শ,ি,খ,া,ন
শ,ি,খ,া,ন,ো,$,V,1,PST	শ,ি,খ,া,ল,া,ম
শ,ি,খ,া,ন,ো,$,V,PRF,1,PRS	শ,ি,খ,ি,য,়,ে,ছ,ি
শ,ি,খ,া,ন,ো,$,V,HAB,2,POL,PST	শ,ি,খ,া,ত,ো
শ,ি,খ,া,ন,ো,$,V,3,INFM,PST	শ,ি,খ,া,ল,ে
শ,ি,খ,া,ন,ো,$,V,2,POL,PST	শ,ি,খ,া,ল,ো
শ,ি,খ,া,ন,ো,$,V,PROG,3,POL,PRS	শ,ি,খ,া,চ,্,ছ,ে,ন
শ,ি,খ,া,ন,ো,$,V,PRF,2,POL,PRS	শ,ি,খ,ি,য,়,ে,ছ,ে
শ,ি,খ,া,ন,ো,$,V,PROG,2,PST,LGSPEC1	শ,ি,খ,া,চ,্,ছ,ি,ল,ি
শ,ি,খ,া,ন,ো,$,V,NFIN	শ,ি,খ,া,ত,ে
শ,ি,খ,া,ন,ো,$,V,PRF,3,POL,PRS	শ,ি,খ,ি,য,়,ে,ছ,ে,ন
শ,ি,খ,া,ন,ো,$,V,PRF,2,PST,LGSPEC1	শ,ি,খ,ি,য,়,ে,ছ,ি,ল,ি
শ,ি,খ,া,ন,ো,$,V,HAB,2,PST,LGSPEC1	শ,ি,খ,া,ত,ি,স
হ,া,ঁ,ট,া,$,V,3,POL,PRS	হ,া,ঁ,ট,ে,ন
হ,া,ঁ,ট,া,$,V,PRF,2,PST,LGSPEC1	হ,ে,ঁ,ট,ে,ছ,ি,ল,ি
হ,া,ঁ,ট,া,$,V,3,POL,FUT	হ,া,ঁ,ট,ব,ে,ন
হ,া,ঁ,ট,া,$,V,PRF,3,POL,PST	হ,ে,ঁ,ট,ে,ছ,ি,ল,ে,ন
হ,া,ঁ,ট,া,$,V,2,PRS,LGSPEC1	হ,া,ঁ,ট,ি,স
হ,া,ঁ,ট,া,$,V,PRF,3,INFM,PST	হ,ে,ঁ,ট,ে,ছ,ি,ল,ে
হ,া,ঁ,ট,া,$,V,HAB,1,PST	হ,া,ঁ,ট,ত,া,ম
হ,া,ঁ,ট,া,$,V,PRF,1,PRS	হ,ে,ঁ,ট,ে,ছ,ি
হ,া,ঁ,ট,া,$,V,PRF,1,PST	হ,ে,ঁ,ট,ে,ছ,ি,ল,া,ম
হ,া,ঁ,ট,া,$,V,PROG,1,PRS	হ,া,ঁ,ট,ছ,ি
হ,া,ঁ,ট,া,$,V,PROG,3,INFM,PST	হ,া,ঁ,ট,ছ,ি,ল,ে
হ,া,ঁ,ট,া,$,V,HAB,3,POL,PST	হ,া,ঁ,ট,ত,ে,ন
হ,া,ঁ,ট,া,$,V,3,INFM,PST	হ,া,ঁ,ট,ল,ে
হ,া,ঁ,ট,া,$,V,2,FUT,LGSPEC1	হ,া,ঁ,ট,ব,ি
হ,া,ঁ,ট,া,$,V,HAB,2,PST,LGSPEC1	হ,া,ঁ,ট,ত,ি,স
হ,া,ঁ,ট,া,$,V,PROG,2,POL,PST	হ,া,ঁ,ট,ছ,ি,ল,ো
হ,া,ঁ,ট,া,$,V,2,POL,PST	হ,া,ঁ,ট,ল,ো
হ,া,ঁ,ট,া,$,V,3,POL,PST	হ,া,ঁ,ট,ল,ে,ন
হ,া,ঁ,ট,া,$,V,PRF,3,INFM,PRS	হ,ে,ঁ,ট,ে,ছ,ো
হ,া,ঁ,ট,া,$,V,PRF,2,PRS,LGSPEC1	হ,ে,ঁ,ট,ে,ছ,ি,স
হ,া,ঁ,ট,া,$,V,PROG,2,POL,PRS	হ,া,ঁ,ট,ছ,ে
হ,া,ঁ,ট,া,$,V,PROG,3,INFM,PRS	হ,া,ঁ,ট,ছ,ো
হ,া,ঁ,ট,া,$,V,1,FUT	হ,া,ঁ,ট,ব,ো
হ,া,ঁ,ট,া,$,V,2,POL,PRS	হ,া,ঁ,ট,ে
হ,া,ঁ,ট,া,$,V,PRF,3,POL,PRS	হ,ে,ঁ,ট,ে,ছ,ে,ন
হ,া,ঁ,ট,া,$,V,NFIN	হ,া,ঁ,ট,ত,ে
হ,া,ঁ,ট,া,$,V,HAB,2,POL,PST	হ,া,ঁ,ট,ত,ো
হ,া,ঁ,ট,া,$,V,PROG,3,POL,PST	হ,া,ঁ,ট,ছ,ি,ল,ে,ন
হ,া,ঁ,ট,া,$,V,3,INFM,FUT	হ,া,ঁ,ট,ব,ে
হ,া,ঁ,ট,া,$,V,1,PST	হ,া,ঁ,ট,ল,া,ম
হ,া,ঁ,ট,া,$,V,PROG,1,PST	হ,া,ঁ,ট,ছ,ি,ল,া,ম
হ,া,ঁ,ট,া,$,V,2,PST,LGSPEC1	হ,া,ঁ,ট,ল,ি
হ,া,ঁ,ট,া,$,V,2,POL,FUT	হ,া,ঁ,ট,ব,ে
হ,া,ঁ,ট,া,$,V,1,PRS	হ,া,ঁ,ট,ি
হ,া,ঁ,ট,া,$,V,3,INFM,PRS	হ,া,ঁ,ট,ো
হ,া,ঁ,ট,া,$,V,PROG,3,POL,PRS	হ,া,ঁ,ট,ছ,ে,ন
হ,া,ঁ,ট,া,$,V,PROG,2,PST,LGSPEC1	হ,া,ঁ,ট,ছ,ি,ল,ি
হ,া,ঁ,ট,া,$,V,PROG,2,PRS,LGSPEC1	হ,া,ঁ,ট,ছ,ি,স
হ,া,ঁ,ট,া,$,V,PRF,2,POL,PST	হ,ে,ঁ,ট,ে,ছ,ি,ল,ো
হ,া,ঁ,ট,া,$,V,HAB,3,INFM,PST	হ,া,ঁ,ট,ত,ে
হ,া,ঁ,ট,া,$,V,PRF,2,POL,PRS	হ,ে,ঁ,ট,ে,ছ,ে
প,র,া,$,V,PROG,1,PRS	প,র,ছ,ি
প,র,া,$,V,PRF,3,POL,PST	প,র,ে,ছ,ি,ল,ে,ন
প,র,া,$,V,PROG,3,POL,PST	প,র,ছ,ি,ল,ে,ন
প,র,া,$,V,NFIN	প,র,ত,ে
প,র,া,$,V,HAB,1,PST	প,র,ত,া,ম
প,র,া,$,V,1,PST	প,র,ল,া,ম
প,র,া,$,V,PRF,1,PST	প,র,ে,ছ,ি,ল,া,ম
প,র,া,$,V,PROG,2,PRS,LGSPEC1	প,র,ছ,ি,স
প,র,া,$,V,3,POL,PST	প,র,ল,ে,ন
প,র,া,$,V,PRF,3,INFM,PST	প,র,ে,ছ,ি,ল,ে
প,র,া,$,V,PRF,3,POL,PRS	প,র,ে,ছ,ে,ন
প,র,া,$,V,HAB,3,INFM,PST	প,র,ত,ে
প,র,া,$,V,3,POL,FUT	প,র,ব,ে,ন
প,র,া,$,V,HAB,2,POL,PST	প,র,ত,ো
প,র,া,$,V,PROG,2,PST,LGSPEC1	প,র,ছ,ি,ল,ি
প,র,া,$,V,PRF,2,POL,PRS	প,র,ে,ছ,ে
প,র,া,$,V,3,INFM,PRS	প,র,ো
প,র,া,$,V,1,FUT	প,র,ব,ো
প,র,া,$,V,HAB,2,PST,LGSPEC1	প,র,ত,ি,স
প,র,া,$,V,PRF,1,PRS	প,র,ে,ছ,ি
প,র,া,$,V,2,PRS,LGSPEC1	প,র,ি,স
প,র,া,$,V,3,INFM,FUT	প,র,ব,ে
প,র,া,$,V,3,POL,PRS	প,র,ে,ন
প,র,া,$,V,PRF,3,INFM,PRS	প,র,ে,ছ,ো
প,র,া,$,V,PROG,3,INFM,PST	প,র,ছ,ি,ল,ে
প,র,া,$,V,2,PST,LGSPEC1	প,র,ল,ি
প,র,া,$,V,PRF,2,POL,PST	প,র,ে,ছ,ি,ল,ো
প,র,া,$,V,2,POL,PRS	প,র,ে
প,র,া,$,V,PROG,2,POL,PRS	প,র,ছ,ে
প,র,া,$,V,PROG,1,PST	প,র,ছ,ি,ল,া,ম
প,র,া,$,V,PRF,2,PST,LGSPEC1	প,র,ে,ছ,ি,ল,ি
প,র,া,$,V,1,PRS	প,র,ি
প,র,া,$,V,PROG,2,POL,PST	প,র,ছ,ি,ল,ো
প,র,া,$,V,3,INFM,PST	প,র,ল,ে
প,র,া,$,V,2,FUT,LGSPEC1	প,র,ব,ি
প,র,া,$,V,2,POL,PST	প,র,ল,ো
প,র,া,$,V,HAB,3,POL,PST	প,র,ত,ে,ন
প,র,া,$,V,PROG,3,INFM,PRS	প,র,ছ,ো
প,র,া,$,V,PRF,2,PRS,LGSPEC1	প,র,ে,ছ,ি,স
প,র,া,$,V,2,POL,FUT	প,র,ব,ে
প,র,া,$,V,PROG,3,POL,PRS	প,র,ছ,ে,ন