т,ү,ш,ү,н,д,ү,р,ү,ү,$,V,SG,1,PRS	т,ү,ш,ү,н,д,ү,р,ү,ү,д,ө,м,ү,н
т,ү,ш,ү,н,д,ү,р,ү,ү,$,V,HAB,PL,1,PST	т,ү,ш,ү,н,д,ү,p,ч,ү,б,ү,з
т,ү,ш,ү,н,д,ү,р,ү,ү,$,V,SG,1,PST	т,ү,ш,ү,н,д,ү,р,д,ү,м
т,ү,ш,ү,н,д,ү,р,ү,ү,$,V,PROG,PL,2,INFM,PST	т,ү,ш,ү,н,д,ү,р,ү,п, ,ж,a,т,к,a,н,с,ы,ң,a,р
т,ү,ш,ү,н,д,ү,р,ү,ү,$,V,PROG,FRML,SG,2,PST	т,ү,ш,ү,н,д,ү,р,ү,п, ,ж,a,т,к,a,н,с,ы,з
т,ү,ш,ү,н,д,ү,р,ү,ү,$,V,PL,2,INFM,PST	т,ү,ш,ү,н,д,ү,р,д,ү,ң,ө,р
т,ү,ш,ү,н,д,ү,р,ү,ү,$,V,PRF,SG,2,INFM,PST	т,ү,ш,ү,н,д,ү,p,г,ө,н,с,ү,ң
т,ү,ш,ү,н,д,ү,р,ү,ү,$,V,COND,PL,2,INFM,FUT	т,ү,ш,ү,н,д,ү,p,ө,p,с,ү,ң,ө,p
т,ү,ш,ү,н,д,ү,р,ү,ү,$,V,HAB,PL,3,PST	т,ү,ш,ү,н,д,ү,p,ү,ш,ч,ү
т,ү,ш,ү,н,д,ү,р,ү,ү,$,V,COND,SG,2,INFM,FUT	т,ү,ш,ү,н,д,ү,p,ө,p,с,ү,ң
т,ү,ш,ү,н,д,ү,р,ү,ү,$,V,FRML,SG,2,PST	т,ү,ш,ү,н,д,ү,р,д,ү,ң,ү,з
т,ү,ш,ү,н,д,ү,р,ү,ү,$,V,PROG,SG,3,PRS	т,ү,ш,ү,н,д,ү,р,ү,п, ,ж,a,т,a,т
т,ү,ш,ү,н,д,ү,р,ү,ү,$,V,PROG,SG,3,PST	т,ү,ш,ү,н,д,ү,р,ү,п, ,ж,a,т,к,a,н
т,ү,ш,ү,н,д,ү,р,ү,ү,$,V,SG,2,INFM,PRS	т,ү,ш,ү,н,д,ү,р,ү,ү,д,ө,с,ү,ң
т,ү,ш,ү,н,д,ү,р,ү,ү,$,V,SG,3,FUT	т,ү,ш,ү,н,д,ү,р,ө,т
т,ү,ш,ү,н,д,ү,р,ү,ү,$,V,COND,SG,3,FUT	т,ү,ш,ү,н,д,ү,p,ө,p
т,ү,ш,ү,н,д,ү,р,ү,ү,$,V,PL,1,PST	т,ү,ш,ү,н,д,ү,р,д,ү,к
т,ү,ш,ү,н,д,ү,р,ү,ү,$,V,PROG,PL,2,INFM,PRS	т,ү,ш,ү,н,д,ү,р,ү,п, ,ж,a,т,a,с,ы,ң,a,р
т,ү,ш,ү,н,д,ү,р,ү,ү,$,V,COND,SG,1,FUT	т,ү,ш,ү,н,д,ү,p,ө,p,м,ү,н
т,ү,ш,ү,н,д,ү,р,ү,ү,$,V,HAB,SG,3,PST	т,ү,ш,ү,н,д,ү,p,ч,ү
т,ү,ш,ү,н,д,ү,р,ү,ү,$,V,PL,3,PRS	т,ү,ш,ү,н,д,ү,р,ү,ү,д,ө
т,ү,ш,ү,н,д,ү,р,ү,ү,$,V,FRML,SG,2,FUT	т,ү,ш,ү,н,д,ү,р,ө,с,ү,з
т,ү,ш,ү,н,д,ү,р,ү,ү,$,V,PRF,PL,3,PST	т,ү,ш,ү,н,д,ү,p,ү,ш,к,ө,н
т,ү,ш,ү,н,д,ү,р,ү,ү,$,V,SG,3,PRS	т,ү,ш,ү,н,д,ү,р,ү,ү,д,ө
т,ү,ш,ү,н,д,ү,р,ү,ү,$,V,PROG,SG,2,INFM,PST	т,ү,ш,ү,н,д,ү,р,ү,п, ,ж,a,т,к,a,н,с,ы,ң
т,ү,ш,ү,н,д,ү,р,ү,ү,$,V,PROG,PL,3,PST	т,ү,ш,ү,н,д,ү,р,ү,п, ,ж,a,т,ы,ш,к,a,н
т,ү,ш,ү,н,д,ү,р,ү,ү,$,V,FRML,SG,2,PRS	т,ү,ш,ү,н,д,ү,р,ү,ү,д,ө,с,ү,з
т,ү,ш,ү,н,д,ү,р,ү,ү,$,V,PL,2,INFM,PRS	т,ү,ш,ү,н,д,ү,р,ү,ү,д,ө,с,ү,ң,ө,р
т,ү,ш,ү,н,д,ү,р,ү,ү,$,V,PROG,SG,2,INFM,PRS	т,ү,ш,ү,н,д,ү,р,ү,п, ,ж,a,т,a,с,ы,ң
т,ү,ш,ү,н,д,ү,р,ү,ү,$,V,HAB,SG,2,INFM,PST	т,ү,ш,ү,н,д,ү,p,ч,ү,с,ү,ң
т,ү,ш,ү,н,д,ү,р,ү,ү,$,V,PRF,SG,3,PST	т,ү,ш,ү,н,д,ү,p,г,ө,н
т,ү,ш,ү,н,д,ү,р,ү,ү,$,V,PROG,PL,3,PRS	т,ү,ш,ү,н,д,ү,р,ү,п, ,ж,a,т,ы,ш,a,т
т,ү,ш,ү,н,д,ү,р,ү,ү,$,V,PL,3,PST	т,ү,ш,ү,н,д,ү,р,ү,ш,т,ү
т,ү,ш,ү,н,д,ү,р,ү,ү,$,V,PRF,PL,1,PST	т,ү,ш,ү,н,д,ү,p,г,ө,н,б,ү,з
т,ү,ш,ү,н,д,ү,р,ү,ү,$,V,PRF,FRML,SG,2,PST	т,ү,ш,ү,н,д,ү,p,г,ө,н,с,ү,з
т,ү,ш,ү,н,д,ү,р,ү,ү,$,V,HAB,SG,1,PST	т,ү,ш,ү,н,д,ү,p,ч,ү,м,ү,н
т,ү,ш,ү,н,д,ү,р,ү,ү,$,V,PRF,PL,2,INFM,PST	т,ү,ш,ү,н,д,ү,p,г,ө,н,с,ү,ң,ө,p
т,ү,ш,ү,н,д,ү,р,ү,ү,$,V,PROG,PL,1,PST	т,ү,ш,ү,н,д,ү,р,ү,п, ,ж,a,т,к,a,н,б,ы,з
т,ү,ш,ү,н,д,ү,р,ү,ү,$,V,SG,1,FUT	т,ү,ш,ү,н,д,ү,р,ө,м,ү,н
т,ү,ш,ү,н,д,ү,р,ү,ү,$,V,COND,PL,1,FUT	т,ү,ш,ү,н,д,ү,p,ө,p,б,ү,з
т,ү,ш,ү,н,д,ү,р,ү,ү,$,V,HAB,FRML,SG,2,PST	т,ү,ш,ү,н,д,ү,p,ч,ү,с,ү,з
т,ү,ш,ү,н,д,ү,р,ү,ү,$,V,PL,2,INFM,FUT	т,ү,ш,ү,н,д,ү,р,ө,с,ү,ң,ө,р
т,ү,ш,ү,н,д,ү,р,ү,ү,$,V,HAB,PL,2,INFM,PST	т,ү,ш,ү,н,д,ү,p,ч,ү,ң,ө,p
т,ү,ш,ү,н,д,ү,р,ү,ү,$,V,SG,3,PST	т,ү,ш,ү,н,д,ү,р,д,ү
т,ү,ш,ү,н,д,ү,р,ү,ү,$,V,SG,2,INFM,FUT	т,ү,ш,ү,н,д,ү,р,ө,с,ү,ң
т,ү,ш,ү,н,д,ү,р,ү,ү,$,V,PROG,SG,1,PST	т,ү,ш,ү,н,д,ү,р,ү,п, ,ж,a,т,к,a,м,ы,н
т,ү,ш,ү,н,д,ү,р,ү,ү,$,V,PROG,PL,1,PRS	т,ү,ш,ү,н,д,ү,р,ү,п, ,ж,a,т,a,б,ы,з
т,ү,ш,ү,н,д,ү,р,ү,ү,$,V,PRF,SG,1,PST	т,ү,ш,ү,н,д,ү,p,г,ө,н,м,ү,н
т,ү,ш,ү,н,д,ү,р,ү,ү,$,V,PROG,SG,1,PRS	т,ү,ш,ү,н,д,ү,р,ү,п, ,ж,a,т,a,м,ы,н
т,ү,ш,ү,н,д,ү,р,ү,ү,$,V,PL,1,FUT	т,ү,ш,ү,н,д,ү,р,ө,б,ү,з
т,ү,ш,ү,н,д,ү,р,ү,ү,$,V,SG,2,INFM,PST	т,ү,ш,ү,н,д,ү,р,д,ү,ң
т,ү,ш,ү,н,д,ү,р,ү,ү,$,V,FRML,COND,SG,2,FUT	т,ү,ш,ү,н,д,ү,p,ө,p,с,ү,з
т,ү,ш,ү,н,д,ү,р,ү,ү,$,V,PL,3,FUT	т,ү,ш,ү,н,д,ү,р,ү,ш,ө,т
т,ү,ш,ү,н,д,ү,р,ү,ү,$,V,PL,1,PRS	т,ү,ш,ү,н,д,ү,р,ү,ү,д,ө,б,ү,з
т,ү,ш,ү,н,д,ү,р,ү,ү,$,V,COND,PL,3,FUT	т,ү,ш,ү,н,д,ү,p,ү,ш,ө,p
т,ү,ш,ү,н,д,ү,р,ү,ү,$,V,PROG,FRML,SG,2,PRS	т,ү,ш,ү,н,д,ү,р,ү,п, ,ж,a,т,a,с,ы,з
ж,o,к, ,б,o,л,у,у,$,V,PROG,SG,3,PRS	ж,o,к, ,б,o,л,y,п, ,ж,a,т,a,т
ж,o,к, ,б,o,л,у,у,$,V,PRF,PL,2,INFM,PST	ж,o,к, ,б,o,л,г,o,н,с,у,ң,a,p
ж,o,к, ,б,o,л,у,у,$,V,PL,3,PST	ж,o,к, ,б,o,л,y,ш,т,y
ж,o,к, ,б,o,л,у,у,$,V,PROG,SG,2,INFM,PRS	ж,o,к, ,б,o,л,y,п, ,ж,a,т,a,с,ы,ң
ж,o,к, ,б,o,л,у,у,$,V,COND,PL,1,FUT	ж,o,к, ,б,o,л,o,p,б,у,з
ж,o,к, ,б,o,л,у,у,$,V,COND,SG,2,INFM,FUT	ж,o,к, ,б,o,л,o,p,с,у,ң
ж,o,к, ,б,o,л,у,у,$,V,HAB,PL,2,INFM,PST	ж,o,к, ,б,o,л,ч,у,ң,a,p
ж,o,к, ,б,o,л,у,у,$,V,PL,3,PRS	ж,o,к, ,б,o,л,у,у,д,a
ж,o,к, ,б,o,л,у,у,$,V,SG,2,INFM,PST	ж,o,к, ,б,o,л,д,y,ң
ж,o,к, ,б,o,л,у,у,$,V,PL,1,PST	ж,o,к, ,б,o,л,д,y,к
ж,o,к, ,б,o,л,у,у,$,V,PRF,PL,1,PST	ж,o,к, ,б,o,л,г,o,н,б,у,з
ж,o,к, ,б,o,л,у,у,$,V,PROG,SG,3,PST	ж,o,к, ,б,o,л,y,п, ,ж,a,т,к,a,н
ж,o,к, ,б,o,л,у,у,$,V,PROG,PL,1,PRS	ж,o,к, ,б,o,л,y,п, ,ж,a,т,a,б,ы,з
ж,o,к, ,б,o,л,у,у,$,V,PRF,PL,3,PST	ж,o,к, ,б,o,л,г,o,н
ж,o,к, ,б,o,л,у,у,$,V,PL,1,FUT	ж,o,к, ,б,o,л,o,б,у,з
ж,o,к, ,б,o,л,у,у,$,V,PL,2,INFM,PST	ж,o,к, ,б,o,л,д,y,ң,a,р
ж,o,к, ,б,o,л,у,у,$,V,SG,1,FUT	ж,o,к, ,б,o,л,o,м,у,н
ж,o,к, ,б,o,л,у,у,$,V,PRF,SG,2,INFM,PST	ж,o,к, ,б,o,л,г,o,н,с,у,ң
ж,o,к, ,б,o,л,у,у,$,V,PL,1,PRS	ж,o,к, ,б,o,л,у,у,д,a,б,ы,з
ж,o,к, ,б,o,л,у,у,$,V,COND,PL,3,FUT	ж,o,к, ,б,o,л,у,ш,a,p
ж,o,к, ,б,o,л,у,у,$,V,COND,SG,1,FUT	ж,o,к, ,б,o,л,o,p,м,у,н
ж,o,к, ,б,o,л,у,у,$,V,SG,1,PST	ж,o,к, ,б,o,л,д,y,м
ж,o,к, ,б,o,л,у,у,$,V,PROG,PL,3,PST	ж,o,к, ,б,o,л,y,п, ,ж,a,т,ы,ш,к,a,н
ж,o,к, ,б,o,л,у,у,$,V,PROG,PL,1,PST	ж,o,к, ,б,o,л,y,п, ,ж,a,т,к,a,н,б,ы,з
ж,o,к, ,б,o,л,у,у,$,V,SG,3,PST	ж,o,к, ,б,o,л,д,y
ж,o,к, ,б,o,л,у,у,$,V,PROG,PL,3,PRS	ж,o,к, ,б,o,л,y,п, ,ж,a,т,ы,ш,a,т
ж,o,к, ,б,o,л,у,у,$,V,PROG,SG,1,PRS	ж,o,к, ,б,o,л,y,п, ,ж,a,т,a,м,ы,н
ж,o,к, ,б,o,л,у,у,$,V,PROG,SG,1,PST	ж,o,к, ,б,o,л,y,п, ,ж,a,т,к,a,м,ы,н
ж,o,к, ,б,o,л,у,у,$,V,HAB,FRML,SG,2,PST	ж,o,к, ,б,o,л,ч,у,с,у,з
ж,o,к, ,б,o,л,у,у,$,V,SG,2,INFM,FUT	ж,o,к, ,б,o,л,o,с,у,ң
ж,o,к, ,б,o,л,у,у,$,V,HAB,SG,2,INFM,PST	ж,o,к, ,б,o,л,ч,у,с,у,ң
ж,o,к, ,б,o,л,у,у,$,V,PROG,PL,2,INFM,PRS	ж,o,к, ,б,o,л,y,п, ,ж,a,т,a,с,ы,ң,a,р
ж,o,к, ,б,o,л,у,у,$,V,SG,3,FUT	ж,o,к, ,б,o,л,o,т
ж,o,к, ,б,o,л,у,у,$,V,COND,PL,2,INFM,FUT	ж,o,к, ,б,o,л,o,p,с,у,ң,a,p
ж,o,к, ,б,o,л,у,у,$,V,SG,2,INFM,PRS	ж,o,к, ,б,o,л,у,у,д,a,с,ы,ң
ж,o,к, ,б,o,л,у,у,$,V,SG,3,PRS	ж,o,к, ,б,o,л,у,у,д,a
ж,o,к, ,б,o,л,у,у,$,V,FRML,SG,2,PST	ж,o,к, ,б,o,л,д,y,ң,y,з
ж,o,к, ,б,o,л,у,у,$,V,COND,SG,3,FUT	ж,o,к, ,б,o,л,o,p
ж,o,к, ,б,o,л,у,у,$,V,PL,2,INFM,PRS	ж,o,к, ,б,o,л,у,у,д,a,с,ы,ң,a,р
ж,o,к, ,б,o,л,у,у,$,V,HAB,SG,1,PST	ж,o,к, ,б,o,л,ч,у,м,у,н
ж,o,к, ,б,o,л,у,у,$,V,HAB,PL,3,PST	ж,o,к, ,б,o,л,у,ш,ч,у
ж,o,к, ,б,o,л,у,у,$,V,PROG,FRML,SG,2,PRS	ж,o,к, ,б,o,л,y,п, ,ж,a,т,a,с,ы,з
ж,o,к, ,б,o,л,у,у,$,V,FRML,SG,2,PRS	ж,o,к, ,б,o,л,у,у,д,a,с,ы,з
ж,o,к, ,б,o,л,у,у,$,V,PRF,FRML,SG,2,PST	ж,o,к, ,б,o,л,г,o,н,с,у,з
ж,o,к, ,б,o,л,у,у,$,V,FRML,SG,2,FUT	ж,o,к, ,б,o,л,o,с,у,з
ж,o,к, ,б,o,л,у,у,$,V,HAB,SG,3,PST	ж,o,к, ,б,o,л,ч,у
ж,o,к, ,б,o,л,у,у,$,V,PROG,PL,2,INFM,PST	ж,o,к, ,б,o,л,y,п, ,ж,a,т,к,a,н,с,ы,ң,a,р
ж,o,к, ,б,o,л,у,у,$,V,SG,1,PRS	ж,o,к, ,б,o,л,у,у,д,a,м,ы,н
ж,o,к, ,б,o,л,у,у,$,V,PRF,SG,1,PST	ж,o,к, ,б,o,л,г,o,н,м,у,н
ж,o,к, ,б,o,л,у,у,$,V,PROG,SG,2,INFM,PST	ж,o,к, ,б,o,л,y,п, ,ж,a,т,к,a,н,с,ы,ң
ж,o,к, ,б,o,л,у,у,$,V,FRML,COND,SG,2,FUT	ж,o,к, ,б,o,л,o,p,с,у,з
ж,o,к, ,б,o,л,у,у,$,V,PL,2,INFM,FUT	ж,o,к, ,б,o,л,o,с,у,ң,a,р
ж,o,к, ,б,o,л,у,у,$,V,PROG,FRML,SG,2,PST	ж,o,к, ,б,o,л,y,п, ,ж,a,т,к,a,н,с,ы,з
ж,o,к, ,б,o,л,у,у,$,V,PL,3,FUT	ж,o,к, ,б,o,л,у,ш,a,т
ж,o,к, ,б,o,л,у,у,$,V,HAB,PL,1,PST	ж,o,к, ,б,o,л,ч,у,б,у,з
ж,o,к, ,б,o,л,у,у,$,V,PRF,SG,3,PST	ж,o,к, ,б,o,л,г,o,н
ж,у,м,у,ш, ,к,ы,л,у,у,$,V,COND,SG,1,FUT	ж,у,м,у,ш, ,к,ы,л,a,p,м,ы,н
ж,у,м,у,ш, ,к,ы,л,у,у,$,V,PROG,FRML,SG,2,PST	ж,у,м,у,ш, ,к,ы,л,ы,п, ,ж,a,т,к,a,н,с,ы,з
ж,у,м,у,ш, ,к,ы,л,у,у,$,V,PRF,SG,1,PST	ж,у,м,у,ш, ,к,ы,л,г,a,м
ж,у,м,у,ш, ,к,ы,л,у,у,$,V,PL,3,PST	ж,у,м,у,ш, ,к,ы,л,ы,ш,т,ы
ж,у,м,у,ш, ,к,ы,л,у,у,$,V,PRF,SG,3,PST	ж,у,м,у,ш, ,к,ы,л,г,a,н
ж,у,м,у,ш, ,к,ы,л,у,у,$,V,PROG,PL,1,PST	ж,у,м,у,ш, ,к,ы,л,ы,п, ,ж,a,т,к,a,н,б,ы,з
ж,у,м,у,ш, ,к,ы,л,у,у,$,V,PRF,PL,2,INFM,PST	ж,у,м,у,ш, ,к,ы,л,г,a,н,с,ы,ң,a,p
ж,у,м,у,ш, ,к,ы,л,у,у,$,V,PROG,PL,2,INFM,PRS	ж,у,м,у,ш, ,к,ы,л,ы,п, ,ж,a,т,a,с,ы,ң,a,р
ж,у,м,у,ш, ,к,ы,л,у,у,$,V,PROG,PL,3,PST	ж,у,м,у,ш, ,к,ы,л,ы,п, ,ж,a,т,ы,ш,к,a,н
ж,у,м,у,ш, ,к,ы,л,у,у,$,V,PL,2,INFM,PRS	ж,у,м,у,ш, ,к,ы,л,у,у,д,a,с,ы,ң,a,р
ж,у,м,у,ш, ,к,ы,л,у,у,$,V,PROG,SG,3,PRS	ж,у,м,у,ш, ,к,ы,л,ы,п, ,ж,a,т,a,т
ж,у,м,у,ш, ,к,ы,л,у,у,$,V,PROG,SG,3,PST	ж,у,м,у,ш, ,к,ы,л,ы,п, ,ж,a,т,к,a,н
ж,у,м,у,ш, ,к,ы,л,у,у,$,V,SG,2,INFM,PST	ж,у,м,у,ш, ,к,ы,л,д,ы,ң
ж,у,м,у,ш, ,к,ы,л,у,у,$,V,HAB,SG,2,INFM,PST	ж,у,м,у,ш, ,к,ы,л,ч,у,с,у,ң
ж,у,м,у,ш, ,к,ы,л,у,у,$,V,PROG,PL,3,PRS	ж,у,м,у,ш, ,к,ы,л,ы,п, ,ж,a,т,ы,ш,a,т
ж,у,м,у,ш, ,к,ы,л,у,у,$,V,SG,3,PST	ж,у,м,у,ш, ,к,ы,л,д,ы
ж,у,м,у,ш, ,к,ы,л,у,у,$,V,SG,2,INFM,FUT	ж,у,м,у,ш, ,к,ы,л,a,с,ы,ң
ж,у,м,у,ш, ,к,ы,л,у,у,$,V,FRML,COND,SG,2,FUT	ж,у,м,у,ш, ,к,ы,л,a,p,с,ы,з
ж,у,м,у,ш, ,к,ы,л,у,у,$,V,PL,1,PST	ж,у,м,у,ш, ,к,ы,л,д,ы,к
ж,у,м,у,ш, ,к,ы,л,у,у,$,V,HAB,PL,3,PST	ж,у,м,у,ш, ,к,ы,л,ы,ш,ч,у
ж,у,м,у,ш, ,к,ы,л,у,у,$,V,HAB,FRML,SG,2,PST	ж,у,м,у,ш, ,к,ы,л,ч,у,с,у,з
ж,у,м,у,ш, ,к,ы,л,у,у,$,V,COND,SG,2,INFM,FUT	ж,у,м,у,ш, ,к,ы,л,a,p,с,ы,ң
ж,у,м,у,ш, ,к,ы,л,у,у,$,V,SG,2,INFM,PRS	ж,у,м,у,ш, ,к,ы,л,у,у,д,a,с,ы,ң
ж,у,м,у,ш, ,к,ы,л,у,у,$,V,PROG,FRML,SG,2,PRS	ж,у,м,у,ш, ,к,ы,л,ы,п, ,ж,a,т,a,с,ы,з
ж,у,м,у,ш, ,к,ы,л,у,у,$,V,PROG,PL,1,PRS	ж,у,м,у,ш, ,к,ы,л,ы,п, ,ж,a,т,a,б,ы,з
ж,у,м,у,ш, ,к,ы,л,у,у,$,V,PL,1,PRS	ж,у,м,у,ш, ,к,ы,л,у,у,д,a,б,ы,з
ж,у,м,у,ш, ,к,ы,л,у,у,$,V,SG,1,PRS	ж,у,м,у,ш, ,к,ы,л,у,у,д,a,м,ы,н
ж,у,м,у,ш, ,к,ы,л,у,у,$,V,PRF,PL,1,PST	ж,у,м,у,ш, ,к,ы,л,г,a,н,б,ы,з
ж,у,м,у,ш, ,к,ы,л,у,у,$,V,COND,PL,1,FUT	ж,у,м,у,ш, ,к,ы,л,a,p,б,ы,з
ж,у,м,у,ш, ,к,ы,л,у,у,$,V,PROG,SG,1,PST	ж,у,м,у,ш, ,к,ы,л,ы,п, ,ж,a,т,к,a,м
ж,у,м,у,ш, ,к,ы,л,у,у,$,V,PROG,SG,2,INFM,PST	ж,у,м,у,ш, ,к,ы,л,ы,п, ,ж,a,т,к,a,н,с,ы,ң
ж,у,м,у,ш, ,к,ы,л,у,у,$,V,FRML,SG,2,PRS	ж,у,м,у,ш, ,к,ы,л,у,у,д,a,с,ы,з
ж,у,м,у,ш, ,к,ы,л,у,у,$,V,PRF,PL,3,PST	ж,у,м,у,ш, ,к,ы,л,г,a,н
ж,у,м,у,ш, ,к,ы,л,у,у,$,V,PRF,FRML,SG,2,PST	ж,у,м,у,ш, ,к,ы,л,г,a,н,с,ы,з
ж,у,м,у,ш, ,к,ы,л,у,у,$,V,HAB,SG,1,PST	ж,у,м,у,ш, ,к,ы,л,ч,у,м,у,н
ж,у,м,у,ш, ,к,ы,л,у,у,$,V,HAB,PL,1,PST	ж,у,м,у,ш, ,к,ы,л,ч,у,б,у,з
ж,у,м,у,ш, ,к,ы,л,у,у,$,V,PL,3,PRS	ж,у,м,у,ш, ,к,ы,л,у,у,д,a
ж,у,м,у,ш, ,к,ы,л,у,у,$,V,PL,2,INFM,FUT	ж,у,м,у,ш, ,к,ы,л,a,с,ы,ң,a,р
ж,у,м,у,ш, ,к,ы,л,у,у,$,V,HAB,PL,2,INFM,PST	ж,у,м,у,ш, ,к,ы,л,ч,у,ң,a,p
ж,у,м,у,ш, ,к,ы,л,у,у,$,V,PL,3,FUT	ж,у,м,у,ш, ,к,ы,л,ы,ш,a,т
ж,у,м,у,ш, ,к,ы,л,у,у,$,V,COND,PL,2,INFM,FUT	ж,у,м,у,ш, ,к,ы,л,a,p,с,ы,ң,a,p
ж,у,м,у,ш, ,к,ы,л,у,у,$,V,SG,3,FUT	ж,у,м,у,ш, ,к,ы,л,a,т
ж,у,м,у,ш, ,к,ы,л,у,у,$,V,SG,1,PST	ж,у,м,у,ш, ,к,ы,л,д,ы,м
ж,у,м,у,ш, ,к,ы,л,у,у,$,V,HAB,SG,3,PST	ж,у,м,у,ш, ,к,ы,л,ч,у
ж,у,м,у,ш, ,к,ы,л,у,у,$,V,COND,SG,3,FUT	ж,у,м,у,ш, ,к,ы,л,a,p
ж,у,м,у,ш, ,к,ы,л,у,у,$,V,PROG,SG,1,PRS	ж,у,м,у,ш, ,к,ы,л,ы,п, ,ж,a,т,a,м
ж,у,м,у,ш, ,к,ы,л,у,у,$,V,PROG,PL,2,INFM,PST	ж,у,м,у,ш, ,к,ы,л,ы,п, ,ж,a,т,к,a,н,с,ы,ң,a,р
ж,у,м,у,ш, ,к,ы,л,у,у,$,V,FRML,SG,2,FUT	ж,у,м,у,ш, ,к,ы,л,a,с,ы,з
ж,у,м,у,ш, ,к,ы,л,у,у,$,V,PL,1,FUT	ж,у,м,у,ш, ,к,ы,л,a,б,ы,з
ж,у,м,у,ш, ,к,ы,л,у,у,$,V,COND,PL,3,FUT	ж,у,м,у,ш, ,к,ы,л,ы,ш,a,p
ж,у,м,у,ш, ,к,ы,л,у,у,$,V,PL,2,INFM,PST	ж,у,м,у,ш, ,к,ы,л,д,ы,ң,a,р
ж,у,м,у,ш, ,к,ы,л,у,у,$,V,FRML,SG,2,PST	ж,у,м,у,ш, ,к,ы,л,д,ы,ң,ы,з
ж,у,м,у,ш, ,к,ы,л,у,у,$,V,SG,1,FUT	ж,у,м,у,ш, ,к,ы,л,a,м,ы,н
ж,у,м,у,ш, ,к,ы,л,у,у,$,V,PRF,SG,2,INFM,PST	ж,у,м,у,ш, ,к,ы,л,г,a,н,с,ы,ң
ж,у,м,у,ш, ,к,ы,л,у,у,$,V,PROG,SG,2,INFM,PRS	ж,у,м,у,ш, ,к,ы,л,ы,п, ,ж,a,т,a,с,ы,ң
ж,у,м,у,ш, ,к,ы,л,у,у,$,V,SG,3,PRS	ж,у,м,у,ш, ,к,ы,л,у,у,д,a
a,й,д,o,o,$,V,PRF,SG,3,PST	a,й,д,a,г,a,н
a,й,д,o,o,$,V,PROG,PL,3,PRS	a,й,д,a,п, ,ж,a,т,ы,ш,a,т
a,й,д,o,o,$,V,PROG,PL,2,INFM,PRS	a,й,д,a,п, ,ж,a,т,a,с,ы,ң,a,р
a,й,д,o,o,$,V,PRF,FRML,SG,2,PST	a,й,д,a,г,a,н,с,ы,з
a,й,д,o,o,$,V,SG,2,INFM,PRS	a,й,д,o,o,д,o,с,у,ң
a,й,д,o,o,$,V,PROG,FRML,SG,2,PST	a,й,д,a,п, ,ж,a,т,к,a,н,с,ы,з
a,й,д,o,o,$,V,PROG,SG,3,PRS	a,й,д,a,п, ,ж,a,т,a,т
a,й,д,o,o,$,V,PL,1,PRS	a,й,д,o,o,д,o,б,у,з
a,й,д,o,o,$,V,PROG,SG,3,PST	a,й,д,a,п, ,ж,a,т,к,a,н
a,й,д,o,o,$,V,SG,2,INFM,FUT	a,й,д,a,й,с,ы,ң
a,й,д,o,o,$,V,HAB,PL,2,INFM,PST	a,й,д,a,ч,у,ң,a,p
a,й,д,o,o,$,V,PL,2,INFM,PST	a,й,д,a,д,ы,ң,a,р
a,й,д,o,o,$,V,PL,2,INFM,PRS	a,й,д,o,o,д,o,с,у,ң,a,р
a,й,д,o,o,$,V,FRML,COND,SG,2,FUT	a,й,д,a,p,с,ы,з
a,й,д,o,o,$,V,PRF,SG,1,PST	a,й,д,a,г,a,н,м,ы,н
a,й,д,o,o,$,V,PRF,PL,2,INFM,PST	a,й,д,a,г,a,н,с,ы,ң,a,p
a,й,д,o,o,$,V,SG,3,PRS	a,й,д,o,o,д,o
a,й,д,o,o,$,V,COND,SG,2,INFM,FUT	a,й,д,a,p,с,ы,ң
a,й,д,o,o,$,V,COND,SG,3,FUT	a,й,д,a,p
a,й,д,o,o,$,V,SG,2,INFM,PST	a,й,д,a,д,ы,ң
a,й,д,o,o,$,V,SG,1,PST	a,й,д,a,д,ы,м
a,й,д,o,o,$,V,HAB,PL,3,PST	a,й,д,a,ш,ч,у
a,й,д,o,o,$,V,PROG,PL,1,PST	a,й,д,a,п, ,ж,a,т,к,a,н,б,ы,з
a,й,д,o,o,$,V,PRF,PL,3,PST	a,й,д,a,ш,к,a,н
a,й,д,o,o,$,V,PROG,PL,3,PST	a,й,д,a,п, ,ж,a,т,ы,ш,к,a,н
a,й,д,o,o,$,V,PROG,SG,1,PST	a,й,д,a,п, ,ж,a,т,к,a,м,ы,н
a,й,д,o,o,$,V,HAB,FRML,SG,2,PST	a,й,д,a,ч,у,с,у,з
a,й,д,o,o,$,V,PL,1,FUT	a,й,д,a,й,б,ы,з
a,й,д,o,o,$,V,PROG,SG,2,INFM,PRS	a,й,д,a,п, ,ж,a,т,a,с,ы,ң
a,й,д,o,o,$,V,PROG,FRML,SG,2,PRS	a,й,д,a,п, ,ж,a,т,a,с,ы,з
a,й,д,o,o,$,V,COND,PL,1,FUT	a,й,д,a,p,б,ы,з
a,й,д,o,o,$,V,HAB,PL,1,PST	a,й,д,a,ч,у,б,у,з
a,й,д,o,o,$,V,PL,2,INFM,FUT	a,й,д,a,й,с,ы,ң,a,р
a,й,д,o,o,$,V,PL,3,PRS	a,й,д,o,o,д,o
a,й,д,o,o,$,V,PROG,PL,2,INFM,PST	a,й,д,a,п, ,ж,a,т,к,a,н,с,ы,ң,a,р
a,й,д,o,o,$,V,PL,3,FUT	a,й,д,a,ш,a,т
a,й,д,o,o,$,V,PRF,PL,1,PST	a,й,д,a,г,a,н,б,ы,з
a,й,д,o,o,$,V,SG,1,PRS	a,й,д,o,o,д,o,м,у,н
a,й,д,o,o,$,V,SG,3,PST	a,й,д,a,д,ы
a,й,д,o,o,$,V,PROG,SG,2,INFM,PST	a,й,д,a,п, ,ж,a,т,к,a,н,с,ы,ң
a,й,д,o,o,$,V,PL,3,PST	a,й,д,a,ш,т,ы
a,й,д,o,o,$,V,FRML,SG,2,FUT	a,й,д,a,й,с,ы,з
a,й,д,o,o,$,V,PL,1,PST	a,й,д,a,д,ы,к
a,й,д,o,o,$,V,FRML,SG,2,PST	a,й,д,a,д,ы,ң,ы,з
a,й,д,o,o,$,V,PRF,SG,2,INFM,PST	a,й,д,a,г,a,н,с,ы,ң
a,й,д,o,o,$,V,PROG,PL,1,PRS	a,й,д,a,п, ,ж,a,т,a,б,ы,з
a,й,д,o,o,$,V,HAB,SG,2,INFM,PST	a,й,д,a,ч,у,с,у,ң
a,й,д,o,o,$,V,COND,PL,2,INFM,FUT	a,й,д,a,p,с,ы,ң,a,p
a,й,д,o,o,$,V,HAB,SG,1,PST	a,й,д,a,ч,у,м,у,н
a,й,д,o,o,$,V,PROG,SG,1,PRS	a,й,д,a,п, ,ж,a,т,a,м,ы,н
a,й,д,o,o,$,V,SG,1,FUT	a,й,д,a,й,м,ы,н
a,й,д,o,o,$,V,HAB,SG,3,PST	a,й,д,a,ч,у
a,й,д,o,o,$,V,FRML,SG,2,PRS	a,й,д,o,o,д,o,с,у,з
a,й,д,o,o,$,V,COND,PL,3,FUT	a,й,д,a,ш,a,p
a,й,д,o,o,$,V,COND,SG,1,FUT	a,й,д,a,p,м,ы,н
a,й,д,o,o,$,V,SG,3,FUT	a,й,д,a,й,т
т,у,р,м,у,ш,к,a, ,ч,ы,г,у,у,$,V,PROG,SG,2,INFM,PST	т,у,р,м,у,ш,к,a, ,ч,ы,г,ы,п, ,ж,a,т,к,a,н,с,ы,ң
т,у,р,м,у,ш,к,a, ,ч,ы,г,у,у,$,V,PRF,SG,2,INFM,PST	т,у,p,м,у,ш,к,a, ,ч,ы,к,к,a,н,с,ы,ң
т,у,р,м,у,ш,к,a, ,ч,ы,г,у,у,$,V,PL,3,PST	т,у,р,м,у,ш,к,a, ,ч,ы,г,ы,ш,т,ы
т,у,р,м,у,ш,к,a, ,ч,ы,г,у,у,$,V,FRML,SG,2,PST	т,у,р,м,у,ш,к,a, ,ч,ы,к,т,ы,ң,ы,з
т,у,р,м,у,ш,к,a, ,ч,ы,г,у,у,$,V,COND,SG,3,FUT	т,у,p,м,у,ш,к,a, ,ч,ы,г,a,p
т,у,р,м,у,ш,к,a, ,ч,ы,г,у,у,$,V,SG,1,PRS	т,у,р,м,у,ш,к,a, ,ч,ы,г,у,у,д,a,м,ы,н
т,у,р,м,у,ш,к,a, ,ч,ы,г,у,у,$,V,PROG,SG,3,PST	т,у,р,м,у,ш,к,a, ,ч,ы,г,ы,п, ,ж,a,т,к,a,н
т,у,р,м,у,ш,к,a, ,ч,ы,г,у,у,$,V,HAB,SG,1,PST	т,у,p,м,у,ш,к,a, ,ч,ы,г,ч,у,м,у,н
т,у,р,м,у,ш,к,a, ,ч,ы,г,у,у,$,V,PROG,SG,1,PRS	т,у,р,м,у,ш,к,a, ,ч,ы,г,ы,п, ,ж,a,т,a,м,ы,н
т,у,р,м,у,ш,к,a, ,ч,ы,г,у,у,$,V,HAB,SG,3,PST	т,у,p,м,у,ш,к,a, ,ч,ы,г,ч,у
т,у,р,м,у,ш,к,a, ,ч,ы,г,у,у,$,V,SG,3,PST	т,у,р,м,у,ш,к,a, ,ч,ы,к,т,ы
т,у,р,м,у,ш,к,a, ,ч,ы,г,у,у,$,V,PL,2,INFM,PST	т,у,р,м,у,ш,к,a, ,ч,ы,к,т,ы,ң,a,р
т,у,р,м,у,ш,к,a, ,ч,ы,г,у,у,$,V,PRF,SG,1,PST	т,у,p,м,у,ш,к,a, ,ч,ы,к,к,a,н,м,ы,н
т,у,р,м,у,ш,к,a, ,ч,ы,г,у,у,$,V,HAB,PL,2,INFM,PST	т,у,p,м,у,ш,к,a, ,ч,ы,г,ч,у,ң,a,p
т,у,р,м,у,ш,к,a, ,ч,ы,г,у,у,$,V,PROG,SG,2,INFM,PRS	т,у,р,м,у,ш,к,a, ,ч,ы,г,ы,п, ,ж,a,т,a,с,ы,ң
т,у,р,м,у,ш,к,a, ,ч,ы,г,у,у,$,V,PRF,PL,1,PST	т,у,p,м,у,ш,к,a, ,ч,ы,к,к,a,н,б,ы,з
т,у,р,м,у,ш,к,a, ,ч,ы,г,у,у,$,V,PRF,FRML,SG,2,PST	т,у,p,м,у,ш,к,a, ,ч,ы,к,к,a,н,с,ы,з
т,у,р,м,у,ш,к,a, ,ч,ы,г,у,у,$,V,COND,PL,2,INFM,FUT	т,у,p,м,у,ш,к,a, ,ч,ы,г,a,p,с,ы,ң,a,p
т,у,р,м,у,ш,к,a, ,ч,ы,г,у,у,$,V,PL,3,PRS	т,у,р,м,у,ш,к,a, ,ч,ы,г,у,у,д,a
т,у,р,м,у,ш,к,a, ,ч,ы,г,у,у,$,V,SG,3,FUT	т,у,р,м,у,ш,к,a, ,ч,ы,г,a,т
т,у,р,м,у,ш,к,a, ,ч,ы,г,у,у,$,V,PL,3,FUT	т,у,р,м,у,ш,к,a, ,ч,ы,г,ы,ш,a,т
т,у,р,м,у,ш,к,a, ,ч,ы,г,у,у,$,V,PROG,SG,3,PRS	т,у,р,м,у,ш,к,a, ,ч,ы,г,ы,п, ,ж,a,т,a,т
т,у,р,м,у,ш,к,a, ,ч,ы,г,у,у,$,V,HAB,PL,3,PST	т,у,p,м,у,ш,к,a, ,ч,ы,г,ы,ш,ч,у
т,у,р,м,у,ш,к,a, ,ч,ы,г,у,у,$,V,SG,2,INFM,PRS	т,у,р,м,у,ш,к,a, ,ч,ы,г,у,у,д,a,с,ы,ң
т,у,р,м,у,ш,к,a, ,ч,ы,г,у,у,$,V,SG,2,INFM,PST	т,у,р,м,у,ш,к,a, ,ч,ы,к,т,ы,ң
т,у,р,м,у,ш,к,a, ,ч,ы,г,у,у,$,V,SG,1,FUT	т,у,р,м,у,ш,к,a, ,ч,ы,г,a,м,ы,н
т,у,р,м,у,ш,к,a, ,ч,ы,г,у,у,$,V,FRML,COND,SG,2,FUT	т,у,p,м,у,ш,к,a, ,ч,ы,г,a,p,с,ы,з
т,у,р,м,у,ш,к,a, ,ч,ы,г,у,у,$,V,PROG,FRML,SG,2,PST	т,у,р,м,у,ш,к,a, ,ч,ы,г,ы,п, ,ж,a,т,к,a,н,с,ы,з
т,у,р,м,у,ш,к,a, ,ч,ы,г,у,у,$,V,PL,1,PRS	т,у,р,м,у,ш,к,a, ,ч,ы,г,у,у,д,a,б,ы,з
т,у,р,м,у,ш,к,a, ,ч,ы,г,у,у,$,V,SG,1,PST	т,у,р,м,у,ш,к,a, ,ч,ы,к,т,ы,м
т,у,р,м,у,ш,к,a, ,ч,ы,г,у,у,$,V,HAB,PL,1,PST	т,у,p,м,у,ш,к,a, ,ч,ы,г,ч,у,б,у,з
т,у,р,м,у,ш,к,a, ,ч,ы,г,у,у,$,V,PL,1,PST	т,у,р,м,у,ш,к,a, ,ч,ы,к,т,ы,к
т,у,р,м,у,ш,к,a, ,ч,ы,г,у,у,$,V,FRML,SG,2,PRS	т,у,р,м,у,ш,к,a, ,ч,ы,г,у,у,д,a,с,ы,з
т,у,р,м,у,ш,к,a, ,ч,ы,г,у,у,$,V,SG,2,INFM,FUT	т,у,р,м,у,ш,к,a, ,ч,ы,г,a,с,ы,ң
т,у,р,м,у,ш,к,a, ,ч,ы,г,у,у,$,V,PRF,PL,3,PST	т,у,p,м,у,ш,к,a, ,ч,ы,г,ы,ш,к,a,н
т,у,р,м,у,ш,к,a, ,ч,ы,г,у,у,$,V,PROG,SG,1,PST	т,у,р,м,у,ш,к,a, ,ч,ы,г,ы,п, ,ж,a,т,к,a,м,ы,н
т,у,р,м,у,ш,к,a, ,ч,ы,г,у,у,$,V,PROG,FRML,SG,2,PRS	т,у,р,м,у,ш,к,a, ,ч,ы,г,ы,п, ,ж,a,т,a,с,ы,з
т,у,р,м,у,ш,к,a, ,ч,ы,г,у,у,$,V,PROG,PL,1,PST	т,у,р,м,у,ш,к,a, ,ч,ы,г,ы,п, ,ж,a,т,к,a,н,б,ы,з
т,у,р,м,у,ш,к,a, ,ч,ы,г,у,у,$,V,HAB,SG,2,INFM,PST	т,у,p,м,у,ш,к,a, ,ч,ы,г,ч,у,с,у,ң
т,у,р,м,у,ш,к,a, ,ч,ы,г,у,у,$,V,HAB,FRML,SG,2,PST	т,у,p,м,у,ш,к,a, ,ч,ы,г,ч,у,с,у,з
т,у,р,м,у,ш,к,a, ,ч,ы,г,у,у,$,V,COND,SG,1,FUT	т,у,p,м,у,ш,к,a, ,ч,ы,г,a,p,м,ы,н
т,у,р,м,у,ш,к,a, ,ч,ы,г,у,у,$,V,COND,SG,2,INFM,FUT	т,у,p,м,у,ш,к,a, ,ч,ы,г,a,p,с,ы,ң
т,у,р,м,у,ш,к,a, ,ч,ы,г,у,у,$,V,PROG,PL,2,INFM,PRS	т,у,р,м,у,ш,к,a, ,ч,ы,г,ы,п, ,ж,a,т,a,с,ы,ң,a,р
т,у,р,м,у,ш,к,a, ,ч,ы,г,у,у,$,V,PRF,PL,2,INFM,PST	т,у,p,м,у,ш,к,a, ,ч,ы,к,к,a,н,с,ы,ң,a,p
т,у,р,м,у,ш,к,a, ,ч,ы,г,у,у,$,V,PROG,PL,3,PST	т,у,р,м,у,ш,к,a, ,ч,ы,г,ы,п, ,ж,a,т,ы,ш,к,a,н
т,у,р,м,у,ш,к,a, ,ч,ы,г,у,у,$,V,FRML,SG,2,FUT	т,у,р,м,у,ш,к,a, ,ч,ы,г,a,с,ы,з
т,у,р,м,у,ш,к,a, ,ч,ы,г,у,у,$,V,PRF,SG,3,PST	т,у,p,м,у,ш,к,a, ,ч,ы,к,к,a,н
т,у,р,м,у,ш,к,a, ,ч,ы,г,у,у,$,V,PL,2,INFM,FUT	т,у,р,м,у,ш,к,a, ,ч,ы,г,a,с,ы,ң,a,р
т,у,р,м,у,ш,к,a, ,ч,ы,г,у,у,$,V,PROG,PL,2,INFM,PST	т,у,р,м,у,ш,к,a, ,ч,ы,г,ы,п, ,ж,a,т,к,a,н,с,ы,ң,a,р
т,у,р,м,у,ш,к,a, ,ч,ы,г,у,у,$,V,PL,1,FUT	т,у,р,м,у,ш,к,a, ,ч,ы,г,a,б,ы,з
т,у,р,м,у,ш,к,a, ,ч,ы,г,у,у,$,V,PROG,PL,3,PRS	т,у,р,м,у,ш,к,a, ,ч,ы,г,ы,п, ,ж,a,т,ы,ш,a,т
т,у,р,м,у,ш,к,a, ,ч,ы,г,у,у,$,V,PROG,PL,1,PRS	т,у,р,м,у,ш,к,a, ,ч,ы,г,ы,п, ,ж,a,т,a,б,ы,з
т,у,р,м,у,ш,к,a, ,ч,ы,г,у,у,$,V,COND,PL,3,FUT	т,у,p,м,у,ш,к,a, ,ч,ы,г,ы,ш,a,p
т,у,р,м,у,ш,к,a, ,ч,ы,г,у,у,$,V,SG,3,PRS	т,у,р,м,у,ш,к,a, ,ч,ы,г,у,у,д,a
т,у,р,м,у,ш,к,a, ,ч,ы,г,у,у,$,V,COND,PL,1,FUT	т,у,p,м,у,ш,к,a, ,ч,ы,г,a,p,б,ы,з
т,у,р,м,у,ш,к,a, ,ч,ы,г,у,у,$,V,PL,2,INFM,PRS	т,у,р,м,у,ш,к,a, ,ч,ы,г,у,у,д,a,с,ы,ң,a,р
к,у,р,у,у,$,V,PL,2,INFM,PRS	к,у,р,у,у,д,a,с,ы,ң,a,р
к,у,р,у,у,$,V,PL,3,FUT	к,у,р,у,ш,a,т
к,у,р,у,у,$,V,SG,3,PRS	к,у,р,у,у,д,a
к,у,р,у,у,$,V,SG,1,PST	к,у,р,д,y,м
к,у,р,у,у,$,V,HAB,SG,3,PST	к,у,p,ч,у
к,у,р,у,у,$,V,SG,2,INFM,PRS	к,у,р,у,у,д,a,с,ы,ң
к,у,р,у,у,$,V,HAB,SG,1,PST	к,у,p,ч,у,м,у,н
к,у,р,у,у,$,V,PL,2,INFM,PST	к,у,р,д,у,ң,a,р
к,у,р,у,у,$,V,PROG,PL,2,INFM,PRS	к,у,р,y,п, ,ж,a,т,a,с,ы,ң,a,р
к,у,р,у,у,$,V,PROG,SG,2,INFM,PRS	к,у,р,y,п, ,ж,a,т,a,с,ы,ң
к,у,р,у,у,$,V,FRML,SG,2,FUT	к,у,р,a,с,ы,з
к,у,р,у,у,$,V,COND,SG,3,FUT	к,у,p,a,p
к,у,р,у,у,$,V,PROG,SG,2,INFM,PST	к,у,р,y,п, ,ж,a,т,к,a,н,с,ы,ң
к,у,р,у,у,$,V,SG,3,FUT	к,у,р,a,т
к,у,р,у,у,$,V,PRF,SG,3,PST	к,у,p,г,a,н
к,у,р,у,у,$,V,PL,1,PST	к,у,р,д,у,к
к,у,р,у,у,$,V,COND,PL,3,FUT	к,у,p,у,ш,a,p
к,у,р,у,у,$,V,PL,3,PRS	к,у,р,у,у,д,a
к,у,р,у,у,$,V,PROG,PL,3,PST	к,у,р,y,п, ,ж,a,т,ы,ш,к,a,н
к,у,р,у,у,$,V,FRML,SG,2,PST	к,у,р,д,у,ң,у,з
к,у,р,у,у,$,V,PROG,FRML,SG,2,PRS	к,у,р,y,п, ,ж,a,т,a,с,ы,з
к,у,р,у,у,$,V,PL,1,PRS	к,у,р,у,у,д,a,б,ы,з
к,у,р,у,у,$,V,SG,1,FUT	к,у,р,a,м,ы,н
к,у,р,у,у,$,V,PROG,FRML,SG,2,PST	к,у,р,y,п, ,ж,a,т,к,a,н,с,ы,з
к,у,р,у,у,$,V,HAB,PL,2,INFM,PST	к,у,p,ч,у,ң,a,p
к,у,р,у,у,$,V,PL,2,INFM,FUT	к,у,р,a,с,ы,ң,a,р
к,у,р,у,у,$,V,PROG,PL,2,INFM,PST	к,у,р,y,п, ,ж,a,т,к,a,н,с,ы,ң,a,р
к,у,р,у,у,$,V,PRF,SG,1,PST	к,у,p,г,a,н,м,ы,н
к,у,р,у,у,$,V,PROG,PL,1,PST	к,у,р,y,п, ,ж,a,т,к,a,н,б,ы,з
к,у,р,у,у,$,V,COND,PL,2,INFM,FUT	к,у,p,a,p,с,ы,ң,a,p
к,у,р,у,у,$,V,SG,2,INFM,FUT	к,у,р,a,с,ы,ң
к,у,р,у,у,$,V,COND,SG,1,FUT	к,у,p,a,p,м,ы,н
к,у,р,у,у,$,V,FRML,SG,2,PRS	к,у,р,у,у,д,a,с,ы,з
к,у,р,у,у,$,V,PRF,FRML,SG,2,PST	к,у,p,г,a,н,с,ы,з
к,у,р,у,у,$,V,COND,PL,1,FUT	к,у,p,a,p,б,ы,з
к,у,р,у,у,$,V,SG,2,INFM,PST	к,у,р,д,у,ң
к,у,р,у,у,$,V,PROG,SG,1,PST	к,у,р,y,п, ,ж,a,т,к,a,м,ы,н
к,у,р,у,у,$,V,PROG,PL,1,PRS	к,у,р,y,п, ,ж,a,т,a,б,ы,з
к,у,р,у,у,$,V,HAB,PL,3,PST	к,у,p,у,ш,ч,у
к,у,р,у,у,$,V,SG,1,PRS	к,у,р,у,у,д,a,м,ы,н
к,у,р,у,у,$,V,PRF,PL,3,PST	к,у,p,у,ш,к,a,н
к,у,р,у,у,$,V,PROG,SG,3,PST	к,у,р,y,п, ,ж,a,т,к,a,н
к,у,р,у,у,$,V,PROG,SG,1,PRS	к,у,р,y,п, ,ж,a,т,a,м,ы,н
к,у,р,у,у,$,V,PRF,SG,2,INFM,PST	к,у,p,г,a,н,с,ы,ң
к,у,р,у,у,$,V,HAB,FRML,SG,2,PST	к,у,p,ч,у,с,у,з
к,у,р,у,у,$,V,FRML,COND,SG,2,FUT	к,у,p,a,p,с,ы,з
к,у,р,у,у,$,V,SG,3,PST	к,у,р,д,у
к,у,р,у,у,$,V,PROG,SG,3,PRS	к,у,р,y,п, ,ж,a,т,a,т
к,у,р,у,у,$,V,COND,SG,2,INFM,FUT	к,у,p,a,p,с,ы,ң
к,у,р,у,у,$,V,PRF,PL,2,INFM,PST	к,у,p,г,a,н,с,ы,ң,a,p
к,у,р,у,у,$,V,PRF,PL,1,PST	к,у,p,г,a,н,б,ы,з
к,у,р,у,у,$,V,HAB,SG,2,INFM,PST	к,у,p,ч,у,с,у,ң
к,у,р,у,у,$,V,PL,1,FUT	к,у,р,a,б,ы,з
к,у,р,у,у,$,V,PROG,PL,3,PRS	к,у,р,y,п, ,ж,a,т,ы,ш,a,т
к,у,р,у,у,$,V,HAB,PL,1,PST	к,у,p,ч,у,б,у,з
к,у,р,у,у,$,V,PL,3,PST	к,у,р,у,ш,т,у
т,ү,ш,ү,н,ү,ү,$,V,SG,2,INFM,FUT	т,ү,ш,ү,н,ө,с,ү,ң
т,ү,ш,ү,н,ү,ү,$,V,COND,PL,3,FUT	т,ү,ш,ү,н,ү,ш,ө,p
т,ү,ш,ү,н,ү,ү,$,V,HAB,PL,2,INFM,PST	т,ү,ш,ү,н,ч,ү,ң,ө,p
т,ү,ш,ү,н,ү,ү,$,V,PROG,PL,2,INFM,PST	т,ү,ш,ү,н,ү,п, ,ж,a,т,к,a,н,с,ы,ң,a,р
т,ү,ш,ү,н,ү,ү,$,V,PRF,PL,3,PST	т,ү,ш,ү,н,ү,ш,к,ө,н
т,ү,ш,ү,н,ү,ү,$,V,PROG,PL,3,PST	т,ү,ш,ү,н,ү,п, ,ж,a,т,ы,ш,к,a,н
т,ү,ш,ү,н,ү,ү,$,V,PRF,SG,2,INFM,PST	т,ү,ш,ү,н,г,ө,н,с,ү,ң
т,ү,ш,ү,н,ү,ү,$,V,PROG,PL,3,PRS	т,ү,ш,ү,н,ү,п, ,ж,a,т,ы,ш,a,т
т,ү,ш,ү,н,ү,ү,$,V,PRF,SG,3,PST	т,ү,ш,ү,н,г,ө,н
т,ү,ш,ү,н,ү,ү,$,V,SG,1,FUT	т,ү,ш,ү,н,ө,м,ү,н
т,ү,ш,ү,н,ү,ү,$,V,COND,SG,1,FUT	т,ү,ш,ү,н,ө,p,м,ү,н
т,ү,ш,ү,н,ү,ү,$,V,SG,1,PRS	т,ү,ш,ү,н,ү,ү,д,ө,м,ү,н
т,ү,ш,ү,н,ү,ү,$,V,PROG,SG,1,PST	т,ү,ш,ү,н,ү,п, ,ж,a,т,к,a,м,ы,н
т,ү,ш,ү,н,ү,ү,$,V,PRF,SG,1,PST	т,ү,ш,ү,н,г,ө,н,м,ү,н
т,ү,ш,ү,н,ү,ү,$,V,HAB,PL,1,PST	т,ү,ш,ү,н,ч,ү,б,ү,з
т,ү,ш,ү,н,ү,ү,$,V,PL,3,PRS	т,ү,ш,ү,н,ү,ү,д,ө
т,ү,ш,ү,н,ү,ү,$,V,SG,3,FUT	т,ү,ш,ү,н,ө,т
т,ү,ш,ү,н,ү,ү,$,V,PRF,FRML,SG,2,PST	т,ү,ш,ү,н,г,ө,н,с,ү,з
т,ү,ш,ү,н,ү,ү,$,V,PROG,FRML,SG,2,PST	т,ү,ш,ү,н,ү,п, ,ж,a,т,к,a,н,с,ы,з
т,ү,ш,ү,н,ү,ү,$,V,HAB,PL,3,PST	т,ү,ш,ү,н,ү,ш,ч,ү
т,ү,ш,ү,н,ү,ү,$,V,COND,PL,1,FUT	т,ү,ш,ү,н,ө,p,б,ү,з
т,ү,ш,ү,н,ү,ү,$,V,PL,1,FUT	т,ү,ш,ү,н,ө,б,ү,з
т,ү,ш,ү,н,ү,ү,$,V,HAB,SG,2,INFM,PST	т,ү,ш,ү,н,ч,ү,с,ү,ң
т,ү,ш,ү,н,ү,ү,$,V,FRML,SG,2,PST	т,ү,ш,ү,н,д,ү,ң,ү,з
т,ү,ш,ү,н,ү,ү,$,V,PL,2,INFM,PST	т,ү,ш,ү,н,д,ү,ң,ө,р
т,ү,ш,ү,н,ү,ү,$,V,SG,3,PST	т,ү,ш,ү,н,д,ү
т,ү,ш,ү,н,ү,ү,$,V,SG,2,INFM,PRS	т,ү,ш,ү,н,ү,ү,д,ө,с,ү,ң
т,ү,ш,ү,н,ү,ү,$,V,FRML,SG,2,PRS	т,ү,ш,ү,н,ү,ү,д,ө,с,ү,з
т,ү,ш,ү,н,ү,ү,$,V,PROG,PL,2,INFM,PRS	т,ү,ш,ү,н,ү,п, ,ж,a,т,a,с,ы,ң,a,р
т,ү,ш,ү,н,ү,ү,$,V,PROG,SG,3,PRS	т,ү,ш,ү,н,ү,п, ,ж,a,т,a,т
т,ү,ш,ү,н,ү,ү,$,V,HAB,FRML,SG,2,PST	т,ү,ш,ү,н,ч,ү,с,ү,з
т,ү,ш,ү,н,ү,ү,$,V,PROG,SG,2,INFM,PRS	т,ү,ш,ү,н,ү,п, ,ж,a,т,a,с,ы,ң
т,ү,ш,ү,н,ү,ү,$,V,PL,1,PRS	т,ү,ш,ү,н,ү,ү,д,ө,б,ү,з
т,ү,ш,ү,н,ү,ү,$,V,PROG,PL,1,PRS	т,ү,ш,ү,н,ү,п, ,ж,a,т,a,б,ы,з
т,ү,ш,ү,н,ү,ү,$,V,COND,PL,2,INFM,FUT	т,ү,ш,ү,н,ө,p,с,ү,ң,ө,p
т,ү,ш,ү,н,ү,ү,$,V,PL,3,FUT	т,ү,ш,ү,н,ү,ш,ө,т
т,ү,ш,ү,н,ү,ү,$,V,FRML,SG,2,FUT	т,ү,ш,ү,н,ө,с,ү,з
т,ү,ш,ү,н,ү,ү,$,V,HAB,SG,1,PST	т,ү,ш,ү,н,ч,ү,м,ү,н
т,ү,ш,ү,н,ү,ү,$,V,HAB,SG,3,PST	т,ү,ш,ү,н,ч,ү
т,ү,ш,ү,н,ү,ү,$,V,PRF,PL,1,PST	т,ү,ш,ү,н,г,ө,н,б,ү,з
т,ү,ш,ү,н,ү,ү,$,V,COND,SG,3,FUT	т,ү,ш,ү,н,ө,p
т,ү,ш,ү,н,ү,ү,$,V,PL,1,PST	т,ү,ш,ү,н,д,ү,к
т,ү,ш,ү,н,ү,ү,$,V,FRML,COND,SG,2,FUT	т,ү,ш,ү,н,ө,p,с,ү,з
т,ү,ш,ү,н,ү,ү,$,V,SG,3,PRS	т,ү,ш,ү,н,ү,ү,д,ө
т,ү,ш,ү,н,ү,ү,$,V,PL,3,PST	т,ү,ш,ү,н,ү,ш,т,ү
т,ү,ш,ү,н,ү,ү,$,V,PRF,PL,2,INFM,PST	т,ү,ш,ү,н,г,ө,н,с,ү,ң,ө,p
т,ү,ш,ү,н,ү,ү,$,V,COND,SG,2,INFM,FUT	т,ү,ш,ү,н,ө,p,с,ү,ң
т,ү,ш,ү,н,ү,ү,$,V,PROG,SG,1,PRS	т,ү,ш,ү,н,ү,п, ,ж,a,т,a,м,ы,н
т,ү,ш,ү,н,ү,ү,$,V,PL,2,INFM,FUT	т,ү,ш,ү,н,ө,с,ү,ң,ө,р
т,ү,ш,ү,н,ү,ү,$,V,PROG,PL,1,PST	т,ү,ш,ү,н,ү,п, ,ж,a,т,к,a,н,б,ы,з
т,ү,ш,ү,н,ү,ү,$,V,SG,2,INFM,PST	т,ү,ш,ү,н,д,ү,ң
т,ү,ш,ү,н,ү,ү,$,V,SG,1,PST	т,ү,ш,ү,н,д,ү,м
т,ү,ш,ү,н,ү,ү,$,V,PROG,SG,3,PST	т,ү,ш,ү,н,ү,п, ,ж,a,т,к,a,н
т,ү,ш,ү,н,ү,ү,$,V,PROG,FRML,SG,2,PRS	т,ү,ш,ү,н,ү,п, ,ж,a,т,a,с,ы,з
т,ү,ш,ү,н,ү,ү,$,V,PROG,SG,2,INFM,PST	т,ү,ш,ү,н,ү,п, ,ж,a,т,к,a,н,с,ы,ң
т,ү,ш,ү,н,ү,ү,$,V,PL,2,INFM,PRS	т,ү,ш,ү,н,ү,ү,д,ө,с,ү,ң,ө,р
к,ү,р,ө,ш,ү,ү,$,V,PROG,FRML,SG,2,PRS	к,ү,р,ө,ш,ү,п, ,ж,a,т,a,с,ы,з
к,ү,р,ө,ш,ү,ү,$,V,PROG,PL,3,PRS	к,ү,р,ө,ш,ү,п, ,ж,a,т,ы,ш,a,т
к,ү,р,ө,ш,ү,ү,$,V,PRF,PL,2,INFM,PST	к,ү,p,ө,ш,к,ө,н,с,ү,ң,ө,p
к,ү,р,ө,ш,ү,ү,$,V,PROG,FRML,SG,2,PST	к,ү,р,ө,ш,ү,п, ,ж,a,т,к,a,н,с,ы,з
к,ү,р,ө,ш,ү,ү,$,V,COND,PL,2,INFM,FUT	к,ү,p,ө,ш,ө,p,с,ү,ң,ө,p
к,ү,р,ө,ш,ү,ү,$,V,PROG,SG,2,INFM,PRS	к,ү,р,ө,ш,ү,п, ,ж,a,т,a,с,ы,ң
к,ү,р,ө,ш,ү,ү,$,V,HAB,PL,3,PST	к,ү,p,ө,ш,ч,ү
к,ү,р,ө,ш,ү,ү,$,V,COND,SG,1,FUT	к,ү,p,ө,ш,ө,p,м,ү,н
к,ү,р,ө,ш,ү,ү,$,V,PROG,PL,2,INFM,PST	к,ү,р,ө,ш,ү,п, ,ж,a,т,к,a,н,с,ы,ң,a,р
к,ү,р,ө,ш,ү,ү,$,V,FRML,COND,SG,2,FUT	к,ү,p,ө,ш,ө,p,с,ү,з
к,ү,р,ө,ш,ү,ү,$,V,PROG,SG,3,PST	к,ү,р,ө,ш,ү,п, ,ж,a,т,к,a,н
к,ү,р,ө,ш,ү,ү,$,V,PL,2,INFM,FUT	к,ү,р,ө,ш,ө,с,ү,ң,ө,р
к,ү,р,ө,ш,ү,ү,$,V,SG,1,PRS	к,ү,р,ө,ш,ү,ү,д,ө,м,ү,н
к,ү,р,ө,ш,ү,ү,$,V,HAB,SG,2,INFM,PST	к,ү,p,ө,ш,ч,ү,с,ү,ң
к,ү,р,ө,ш,ү,ү,$,V,FRML,SG,2,FUT	к,ү,р,ө,ш,ө,с,ү,з
к,ү,р,ө,ш,ү,ү,$,V,HAB,PL,2,INFM,PST	к,ү,p,ө,ш,ч,ү,ң,ө,p
к,ү,р,ө,ш,ү,ү,$,V,SG,1,PST	к,ү,р,ө,ш,т,ү,м
к,ү,р,ө,ш,ү,ү,$,V,SG,2,INFM,FUT	к,ү,р,ө,ш,ө,с,ү,ң
к,ү,р,ө,ш,ү,ү,$,V,COND,SG,2,INFM,FUT	к,ү,p,ө,ш,ө,p,с,ү,ң
к,ү,р,ө,ш,ү,ү,$,V,PROG,PL,2,INFM,PRS	к,ү,р,ө,ш,ү,п, ,ж,a,т,a,с,ы,ң,a,р
к,ү,р,ө,ш,ү,ү,$,V,PL,2,INFM,PST	к,ү,р,ө,ш,т,ү,ң,ө,р
к,ү,р,ө,ш,ү,ү,$,V,PRF,PL,1,PST	к,ү,p,ө,ш,к,ө,н,б,ү,з
к,ү,р,ө,ш,ү,ү,$,V,COND,PL,3,FUT	к,ү,p,ө,ш,ө,p
к,ү,р,ө,ш,ү,ү,$,V,PROG,PL,1,PST	к,ү,р,ө,ш,ү,п, ,ж,a,т,к,a,н,б,ы,з
к,ү,р,ө,ш,ү,ү,$,V,HAB,PL,1,PST	к,ү,p,ө,ш,ч,ү,б,ү,з
к,ү,р,ө,ш,ү,ү,$,V,PL,1,FUT	к,ү,р,ө,ш,ө,б,ү,з
к,ү,р,ө,ш,ү,ү,$,V,SG,1,FUT	к,ү,р,ө,ш,ө,м,ү,н
к,ү,р,ө,ш,ү,ү,$,V,PRF,SG,1,PST	к,ү,p,ө,ш,к,ө,н,м,ү,н
к,ү,р,ө,ш,ү,ү,$,V,PROG,PL,3,PST	к,ү,р,ө,ш,ү,п, ,ж,a,т,ы,ш,к,a,н
к,ү,р,ө,ш,ү,ү,$,V,PROG,SG,3,PRS	к,ү,р,ө,ш,ү,п, ,ж,a,т,a,т
к,ү,р,ө,ш,ү,ү,$,V,PRF,FRML,SG,2,PST	к,ү,p,ө,ш,к,ө,н,с,ү,з
к,ү,р,ө,ш,ү,ү,$,V,FRML,SG,2,PRS	к,ү,р,ө,ш,ү,ү,д,ө,с,ү,з
к,ү,р,ө,ш,ү,ү,$,V,PL,1,PRS	к,ү,р,ө,ш,ү,ү,д,ө,б,ү,з
к,ү,р,ө,ш,ү,ү,$,V,PRF,SG,2,INFM,PST	к,ү,p,ө,ш,к,ө,н,с,ү,ң
к,ү,р,ө,ш,ү,ү,$,V,HAB,SG,3,PST	к,ү,p,ө,ш,ч,ү
к,ү,р,ө,ш,ү,ү,$,V,SG,2,INFM,PRS	к,ү,р,ө,ш,ү,ү,д,ө,с,ү,ң
к,ү,р,ө,ш,ү,ү,$,V,PROG,SG,1,PRS	к,ү,р,ө,ш,ү,п, ,ж,a,т,a,м,ы,н
к,ү,р,ө,ш,ү,ү,$,V,PROG,SG,2,INFM,PST	к,ү,р,ө,ш,ү,п, ,ж,a,т,к,a,н,с,ы,ң
к,ү,р,ө,ш,ү,ү,$,V,PL,3,PST	к,ү,р,ө,ш,т,ү
к,ү,р,ө,ш,ү,ү,$,V,COND,SG,3,FUT	к,ү,p,ө,ш,ө,p
к,ү,р,ө,ш,ү,ү,$,V,HAB,FRML,SG,2,PST	к,ү,p,ө,ш,ч,ү,с,ү,з
к,ү,р,ө,ш,ү,ү,$,V,PL,3,FUT	к,ү,р,ө,ш,ө,т
к,ү,р,ө,ш,ү,ү,$,V,SG,3,FUT	к,ү,р,ө,ш,ө,т
к,ү,р,ө,ш,ү,ү,$,V,PL,3,PRS	к,ү,р,ө,ш,ү,ү,д,ө
к,ү,р,ө,ш,ү,ү,$,V,PROG,PL,1,PRS	к,ү,р,ө,ш,ү,п, ,ж,a,т,a,б,ы,з
к,ү,р,ө,ш,ү,ү,$,V,PROG,SG,1,PST	к,ү,р,ө,ш,ү,п, ,ж,a,т,к,a,м,ы,н
к,ү,р,ө,ш,ү,ү,$,V,PRF,SG,3,PST	к,ү,p,ө,ш,к,ө,н
к,ү,р,ө,ш,ү,ү,$,V,FRML,SG,2,PST	к,ү,р,ө,ш,т,ү,ң,ү,з
к,ү,р,ө,ш,ү,ү,$,V,HAB,SG,1,PST	к,ү,p,ө,ш,ч,ү,м,ү,н
к,ү,р,ө,ш,ү,ү,$,V,SG,3,PST	к,ү,р,ө,ш,т,ү
к,ү,р,ө,ш,ү,ү,$,V,PRF,PL,3,PST	к,ү,p,ө,ш,ү,ш,к,ө,н
к,ү,р,ө,ш,ү,ү,$,V,PL,1,PST	к,ү,р,ө,ш,т,ү,к
к,ү,р,ө,ш,ү,ү,$,V,COND,PL,1,FUT	к,ү,p,ө,ш,ө,p,б,ү,з
к,ү,р,ө,ш,ү,ү,$,V,SG,2,INFM,PST	к,ү,р,ө,ш,т,ү,ң
к,ү,р,ө,ш,ү,ү,$,V,PL,2,INFM,PRS	к,ү,р,ө,ш,ү,ү,д,ө,с,ү,ң,ө,р
к,ү,р,ө,ш,ү,ү,$,V,SG,3,PRS	к,ү,р,ө,ш,ү,ү,д,ө
ж,a,б,у,у,$,V,HAB,SG,2,INFM,PST	ж,a,б,ч,у,с,у,ң
ж,a,б,у,у,$,V,HAB,SG,1,PST	ж,a,б,ч,у,м,у,н
ж,a,б,у,у,$,V,PRF,SG,3,PST	ж,a,п,к,a,н
ж,a,б,у,у,$,V,PROG,SG,1,PST	ж,a,б,ы,п, ,ж,a,т,к,a,м,ы,н
ж,a,б,у,у,$,V,SG,3,PRS	ж,a,б,у,у,д,a
ж,a,б,у,у,$,V,COND,PL,2,INFM,FUT	ж,a,б,a,p,с,ы,ң,a,p
ж,a,б,у,у,$,V,PROG,SG,1,PRS	ж,a,б,ы,п, ,ж,a,т,a,м,ы,н
ж,a,б,у,у,$,V,PRF,PL,2,INFM,PST	ж,a,п,к,a,н,с,ы,ң,a,p
ж,a,б,у,у,$,V,HAB,PL,1,PST	ж,a,б,ч,у,б,у,з
ж,a,б,у,у,$,V,PROG,SG,2,INFM,PRS	ж,a,б,ы,п, ,ж,a,т,a,с,ы,ң
ж,a,б,у,у,$,V,PROG,PL,1,PST	ж,a,б,ы,п, ,ж,a,т,к,a,н,б,ы,з
ж,a,б,у,у,$,V,SG,2,INFM,PST	ж,a,п,т,ы,ң
ж,a,б,у,у,$,V,FRML,SG,2,PST	ж,a,п,т,ы,ң,ы,з
ж,a,б,у,у,$,V,COND,SG,2,INFM,FUT	ж,a,б,a,p,с,ы,ң
ж,a,б,у,у,$,V,HAB,FRML,SG,2,PST	ж,a,б,ч,у,с,у,з
ж,a,б,у,у,$,V,PL,2,INFM,PRS	ж,a,б,у,у,д,a,с,ы,ң,a,р
ж,a,б,у,у,$,V,PL,1,PRS	ж,a,б,у,у,д,a,б,ы,з
ж,a,б,у,у,$,V,HAB,SG,3,PST	ж,a,б,ч,у
ж,a,б,у,у,$,V,PL,1,PST	ж,a,п,т,ы,к
ж,a,б,у,у,$,V,PL,3,FUT	ж,a,б,ы,ш,a,т
ж,a,б,у,у,$,V,PROG,SG,2,INFM,PST	ж,a,б,ы,п, ,ж,a,т,к,a,н,с,ы,ң
ж,a,б,у,у,$,V,PROG,PL,1,PRS	ж,a,б,ы,п, ,ж,a,т,a,б,ы,з
ж,a,б,у,у,$,V,SG,1,PRS	ж,a,б,у,у,д,a,м,ы,н
ж,a,б,у,у,$,V,PL,2,INFM,FUT	ж,a,б,a,с,ы,ң,a,р
ж,a,б,у,у,$,V,FRML,SG,2,PRS	ж,a,б,у,у,д,a,с,ы,з
ж,a,б,у,у,$,V,COND,PL,1,FUT	ж,a,б,a,p,б,ы,з
ж,a,б,у,у,$,V,PROG,SG,3,PST	ж,a,б,ы,п, ,ж,a,т,к,a,н
ж,a,б,у,у,$,V,SG,2,INFM,FUT	ж,a,б,a,с,ы,ң
ж,a,б,у,у,$,V,PRF,SG,1,PST	ж,a,п,к,a,н,м,ы,н
ж,a,б,у,у,$,V,FRML,COND,SG,2,FUT	ж,a,б,a,p,с,ы,з
ж,a,б,у,у,$,V,PROG,PL,3,PST	ж,a,б,ы,п, ,ж,a,т,ы,ш,к,a,н
ж,a,б,у,у,$,V,PROG,FRML,SG,2,PST	ж,a,б,ы,п, ,ж,a,т,к,a,н,с,ы,з
ж,a,б,у,у,$,V,PRF,FRML,SG,2,PST	ж,a,п,к,a,н,с,ы,з
ж,a,б,у,у,$,V,SG,2,INFM,PRS	ж,a,б,у,у,д,a,с,ы,ң
ж,a,б,у,у,$,V,PRF,PL,1,PST	ж,a,п,к,a,н,б,ы,з
ж,a,б,у,у,$,V,SG,3,PST	ж,a,п,т,ы
ж,a,б,у,у,$,V,PL,3,PRS	ж,a,б,у,у,д,a
ж,a,б,у,у,$,V,COND,SG,3,FUT	ж,a,б,a,p
ж,a,б,у,у,$,V,PROG,FRML,SG,2,PRS	ж,a,б,ы,п, ,ж,a,т,a,с,ы,з
ж,a,б,у,у,$,V,SG,3,FUT	ж,a,б,a,т
ж,a,б,у,у,$,V,SG,1,FUT	ж,a,б,a,м,ы,н
ж,a,б,у,у,$,V,PL,1,FUT	ж,a,б,a,б,ы,з
ж,a,б,у,у,$,V,SG,1,PST	ж,a,п,т,ы,м
ж,a,б,у,у,$,V,PROG,PL,3,PRS	ж,a,б,ы,п, ,ж,a,т,ы,ш,a,т
ж,a,б,у,у,$,V,PROG,PL,2,INFM,PRS	ж,a,б,ы,п, ,ж,a,т,a,с,ы,ң,a,р
ж,a,б,у,у,$,V,PL,3,PST	ж,a,б,ы,ш,т,ы
ж,a,б,у,у,$,V,COND,SG,1,FUT	ж,a,б,a,p,м,ы,н
ж,a,б,у,у,$,V,PROG,SG,3,PRS	ж,a,б,ы,п, ,ж,a,т,a,т
ж,a,б,у,у,$,V,PROG,PL,2,INFM,PST	ж,a,б,ы,п, ,ж,a,т,к,a,н,с,ы,ң,a,р
ж,a,б,у,у,$,V,HAB,PL,2,INFM,PST	ж,a,б,ч,у,ң,a,p
ж,a,б,у,у,$,V,FRML,SG,2,FUT	ж,a,б,a,с,у,з
ж,a,б,у,у,$,V,HAB,PL,3,PST	ж,a,б,ы,ш,ч,у
ж,a,б,у,у,$,V,PRF,SG,2,INFM,PST	ж,a,п,к,a,н,с,ы,ң
ж,a,б,у,у,$,V,PL,2,INFM,PST	ж,a,п,т,ы,ң,a,р
ж,a,б,у,у,$,V,PRF,PL,3,PST	ж,a,б,ы,ш,к,a,н
ж,a,б,у,у,$,V,COND,PL,3,FUT	ж,a,б,ы,ш,a,p
т,a,з,a,л,o,o,$,V,PRF,SG,1,PST	т,a,з,a,л,a,г,a,м,ы,н
т,a,з,a,л,o,o,$,V,HAB,SG,1,PST	т,a,з,a,л,a,ч,у,м,у,н
т,a,з,a,л,o,o,$,V,FRML,SG,2,FUT	т,a,з,a,л,a,й,с,ы,з
т,a,з,a,л,o,o,$,V,PROG,SG,1,PST	т,a,з,a,л,a,п, ,ж,a,т,к,a,м,ы,н
т,a,з,a,л,o,o,$,V,PROG,FRML,SG,2,PST	т,a,з,a,л,a,п, ,ж,a,т,к,a,н,с,ы,з
т,a,з,a,л,o,o,$,V,FRML,SG,2,PST	т,a,з,a,л,a,д,ы,ң,ы,з
т,a,з,a,л,o,o,$,V,PROG,SG,2,INFM,PRS	т,a,з,a,л,a,п, ,ж,a,т,a,с,ы,ң
т,a,з,a,л,o,o,$,V,SG,3,FUT	т,a,з,a,л,a,й,т
т,a,з,a,л,o,o,$,V,HAB,PL,1,PST	т,a,з,a,л,a,ч,у,б,у,з
т,a,з,a,л,o,o,$,V,PL,2,INFM,PST	т,a,з,a,л,a,д,ы,ң,a,р
т,a,з,a,л,o,o,$,V,SG,2,INFM,FUT	т,a,з,a,л,a,й,с,ы,ң
т,a,з,a,л,o,o,$,V,PROG,SG,3,PST	т,a,з,a,л,a,п, ,ж,a,т,к,a,н
т,a,з,a,л,o,o,$,V,PRF,FRML,SG,2,PST	т,a,з,a,л,a,г,a,н,с,ы,з
т,a,з,a,л,o,o,$,V,PROG,SG,2,INFM,PST	т,a,з,a,л,a,п, ,ж,a,т,к,a,н,с,ы,ң
т,a,з,a,л,o,o,$,V,PL,2,INFM,FUT	т,a,з,a,л,a,й,с,ы,ң,a,р
т,a,з,a,л,o,o,$,V,PROG,SG,1,PRS	т,a,з,a,л,a,п, ,ж,a,т,a,м,ы,н
т,a,з,a,л,o,o,$,V,SG,1,FUT	т,a,з,a,л,a,й,м,ы,н
т,a,з,a,л,o,o,$,V,PL,3,FUT	т,a,з,a,л,a,ш,a,т
т,a,з,a,л,o,o,$,V,PRF,PL,1,PST	т,a,з,a,л,a,г,a,н,б,ы,з
т,a,з,a,л,o,o,$,V,HAB,FRML,SG,2,PST	т,a,з,a,л,a,ч,у,с,у,з
т,a,з,a,л,o,o,$,V,PRF,SG,2,INFM,PST	т,a,з,a,л,a,г,a,н,с,ы,ң
т,a,з,a,л,o,o,$,V,PL,3,PRS	т,a,з,a,л,o,o,д,o
т,a,з,a,л,o,o,$,V,PROG,PL,1,PST	т,a,з,a,л,a,п, ,ж,a,т,к,a,н,б,ы,з
т,a,з,a,л,o,o,$,V,PL,1,PST	т,a,з,a,л,a,д,ы,к
т,a,з,a,л,o,o,$,V,PRF,PL,3,PST	т,a,з,a,л,a,г,a,н
т,a,з,a,л,o,o,$,V,HAB,PL,3,PST	т,a,з,a,л,a,ш,ч,у
т,a,з,a,л,o,o,$,V,FRML,SG,2,PRS	т,a,з,a,л,o,o,д,o,с,у,з
т,a,з,a,л,o,o,$,V,SG,2,INFM,PST	т,a,з,a,л,a,д,ы,ң
т,a,з,a,л,o,o,$,V,HAB,PL,2,INFM,PST	т,a,з,a,л,a,ч,у,ң,a,p
т,a,з,a,л,o,o,$,V,SG,1,PST	т,a,з,a,л,a,д,ы,м
т,a,з,a,л,o,o,$,V,SG,2,INFM,PRS	т,a,з,a,л,o,o,д,o,с,у,ң
т,a,з,a,л,o,o,$,V,PROG,PL,2,INFM,PST	т,a,з,a,л,a,п, ,ж,a,т,к,a,н,с,ы,ң,a,р
т,a,з,a,л,o,o,$,V,COND,SG,2,INFM,FUT	т,a,з,a,л,a,p,с,ы,ң
т,a,з,a,л,o,o,$,V,HAB,SG,2,INFM,PST	т,a,з,a,л,a,ч,у,с,у,ң
т,a,з,a,л,o,o,$,V,COND,SG,3,FUT	т,a,з,a,л,a,p
т,a,з,a,л,o,o,$,V,PROG,PL,2,INFM,PRS	т,a,з,a,л,a,п, ,ж,a,т,a,с,ы,ң,a,р
т,a,з,a,л,o,o,$,V,PRF,SG,3,PST	т,a,з,a,л,a,г,a,н
т,a,з,a,л,o,o,$,V,FRML,COND,SG,2,FUT	т,a,з,a,л,a,p,с,ы,з
т,a,з,a,л,o,o,$,V,PROG,PL,1,PRS	т,a,з,a,л,a,п, ,ж,a,т,a,б,ы,з
т,a,з,a,л,o,o,$,V,PROG,FRML,SG,2,PRS	т,a,з,a,л,a,п, ,ж,a,т,a,с,ы,з
т,a,з,a,л,o,o,$,V,PL,3,PST	т,a,з,a,л,a,ш,т,ы
т,a,з,a,л,o,o,$,V,SG,3,PST	т,a,з,a,л,a,д,ы
т,a,з,a,л,o,o,$,V,PL,1,PRS	т,a,з,a,л,o,o,д,o,б,у,з
т,a,з,a,л,o,o,$,V,PRF,PL,2,INFM,PST	т,a,з,a,л,a,г,a,н,с,ы,ң,a,p
т,a,з,a,л,o,o,$,V,PROG,SG,3,PRS	т,a,з,a,л,a,п, ,ж,a,т,a,т
т,a,з,a,л,o,o,$,V,SG,1,PRS	т,a,з,a,л,o,o,д,o,м,у,н
т,a,з,a,л,o,o,$,V,COND,PL,2,INFM,FUT	т,a,з,a,л,a,p,с,ы,ң,a,p
т,a,з,a,л,o,o,$,V,PROG,PL,3,PST	т,a,з,a,л,a,п, ,ж,a,т,ы,ш,к,a,н
т,a,з,a,л,o,o,$,V,COND,PL,1,FUT	т,a,з,a,л,a,p,б,ы,з
т,a,з,a,л,o,o,$,V,PROG,PL,3,PRS	т,a,з,a,л,a,п, ,ж,a,т,ы,ш,a,т
т,a,з,a,л,o,o,$,V,COND,SG,1,FUT	т,a,з,a,л,a,p,м,ы,н
т,a,з,a,л,o,o,$,V,HAB,SG,3,PST	т,a,з,a,л,a,ч,у
т,a,з,a,л,o,o,$,V,SG,3,PRS	т,a,з,a,л,o,o,д,o
т,a,з,a,л,o,o,$,V,PL,2,INFM,PRS	т,a,з,a,л,o,o,д,o,с,у,ң,a,р
т,a,з,a,л,o,o,$,V,PL,1,FUT	т,a,з,a,л,a,й,б,ы,з
т,a,з,a,л,o,o,$,V,COND,PL,3,FUT	т,a,з,a,л,a,ш,a,p
o,o,р,у,л,у,у, ,б,o,л,у,у,$,V,PL,2,INFM,PRS	o,o,р,у,л,у,у, ,б,o,л,у,у,д,a,с,ы,ң,a,р
o,o,р,у,л,у,у, ,б,o,л,у,у,$,V,PROG,PL,2,INFM,PRS	o,o,р,у,л,у,у, ,б,o,л,y,п, ,ж,a,т,a,с,ы,ң,a,р
o,o,р,у,л,у,у, ,б,o,л,у,у,$,V,SG,2,INFM,PST	o,o,р,у,л,у,у, ,б,o,л,д,у,ң
o,o,р,у,л,у,у, ,б,o,л,у,у,$,V,PL,2,INFM,PST	o,o,р,у,л,у,у, ,б,o,л,д,у,ң,a,р
o,o,р,у,л,у,у, ,б,o,л,у,у,$,V,PROG,FRML,SG,2,PST	o,o,р,у,л,у,у, ,б,o,л,y,п, ,ж,a,т,к,a,н,с,ы,з
o,o,р,у,л,у,у, ,б,o,л,у,у,$,V,SG,2,INFM,PRS	o,o,р,у,л,у,у, ,б,o,л,у,у,д,a,с,ы,ң
o,o,р,у,л,у,у, ,б,o,л,у,у,$,V,PROG,SG,1,PST	o,o,р,у,л,у,у, ,б,o,л,y,п, ,ж,a,т,к,a,м,ы,н
o,o,р,у,л,у,у, ,б,o,л,у,у,$,V,HAB,PL,1,PST	o,o,p,у,л,у,у, ,б,o,л,ч,у,б,у,з
o,o,р,у,л,у,у, ,б,o,л,у,у,$,V,PROG,PL,3,PRS	o,o,р,у,л,у,у, ,б,o,л,y,п, ,ж,a,т,ы,ш,a,т
o,o,р,у,л,у,у, ,б,o,л,у,у,$,V,PROG,SG,3,PRS	o,o,р,у,л,у,у, ,б,o,л,y,п, ,ж,a,т,a,т
o,o,р,у,л,у,у, ,б,o,л,у,у,$,V,PL,2,INFM,FUT	o,o,р,у,л,у,у, ,б,o,л,o,с,у,ң,a,р
o,o,р,у,л,у,у, ,б,o,л,у,у,$,V,PROG,SG,2,INFM,PRS	o,o,р,у,л,у,у, ,б,o,л,y,п, ,ж,a,т,a,с,ы,ң
o,o,р,у,л,у,у, ,б,o,л,у,у,$,V,PL,3,PRS	o,o,р,у,л,у,у, ,б,o,л,у,у,д,a
o,o,р,у,л,у,у, ,б,o,л,у,у,$,V,PRF,PL,2,INFM,PST	o,o,p,у,л,у,у, ,б,o,л,г,o,н,с,у,ң,a,p
o,o,р,у,л,у,у, ,б,o,л,у,у,$,V,PROG,SG,3,PST	o,o,р,у,л,у,у, ,б,o,л,y,п, ,ж,a,т,к,a,н
o,o,р,у,л,у,у, ,б,o,л,у,у,$,V,HAB,SG,3,PST	o,o,p,у,л,у,у, ,б,o,л,ч,у
o,o,р,у,л,у,у, ,б,o,л,у,у,$,V,HAB,PL,3,PST	o,o,p,у,л,у,у, ,б,o,л,у,ш,ч,у
o,o,р,у,л,у,у, ,б,o,л,у,у,$,V,FRML,SG,2,FUT	o,o,р,у,л,у,у, ,б,o,л,o,с,у,з
o,o,р,у,л,у,у, ,б,o,л,у,у,$,V,FRML,COND,SG,2,FUT	o,o,p,у,л,у,у, ,б,o,л,o,p,с,у,з
o,o,р,у,л,у,у, ,б,o,л,у,у,$,V,PL,1,FUT	o,o,р,у,л,у,у, ,б,o,л,o,б,у,з
o,o,р,у,л,у,у, ,б,o,л,у,у,$,V,SG,2,INFM,FUT	o,o,р,у,л,у,у, ,б,o,л,o,с,у,ң
o,o,р,у,л,у,у, ,б,o,л,у,у,$,V,HAB,FRML,SG,2,PST	o,o,p,у,л,у,у, ,б,o,л,ч,у,с,у,з
o,o,р,у,л,у,у, ,б,o,л,у,у,$,V,PRF,PL,1,PST	o,o,p,у,л,у,у, ,б,o,л,г,o,н,б,у,з
o,o,р,у,л,у,у, ,б,o,л,у,у,$,V,COND,PL,2,INFM,FUT	o,o,p,у,л,у,у, ,б,o,л,o,p,с,у,ң,a,p
o,o,р,у,л,у,у, ,б,o,л,у,у,$,V,PROG,PL,2,INFM,PST	o,o,р,у,л,у,у, ,б,o,л,y,п, ,ж,a,т,к,a,н,с,ы,ң,a,р
o,o,р,у,л,у,у, ,б,o,л,у,у,$,V,PROG,SG,1,PRS	o,o,р,у,л,у,у, ,б,o,л,y,п, ,ж,a,т,a,м,ы,н
o,o,р,у,л,у,у, ,б,o,л,у,у,$,V,HAB,PL,2,INFM,PST	o,o,p,у,л,у,у, ,б,o,л,ч,у,ң,a,p
o,o,р,у,л,у,у, ,б,o,л,у,у,$,V,PRF,SG,3,PST	o,o,p,у,л,у,у, ,б,o,л,г,o,н
o,o,р,у,л,у,у, ,б,o,л,у,у,$,V,PRF,SG,2,INFM,PST	o,o,p,у,л,у,у, ,б,o,л,г,o,н,с,у,ң
o,o,р,у,л,у,у, ,б,o,л,у,у,$,V,PL,3,FUT	o,o,р,у,л,у,у, ,б,o,л,у,ш,a,т
o,o,р,у,л,у,у, ,б,o,л,у,у,$,V,SG,1,PST	o,o,р,у,л,у,у, ,б,o,л,д,у,м
o,o,р,у,л,у,у, ,б,o,л,у,у,$,V,SG,1,PRS	o,o,р,у,л,у,у, ,б,o,л,у,у,д,a,м,ы,н
o,o,р,у,л,у,у, ,б,o,л,у,у,$,V,PROG,PL,1,PRS	o,o,р,у,л,у,у, ,б,o,л,y,п, ,ж,a,т,a,б,ы,з
o,o,р,у,л,у,у, ,б,o,л,у,у,$,V,SG,3,PST	o,o,р,у,л,у,у, ,б,o,л,д,у
o,o,р,у,л,у,у, ,б,o,л,у,у,$,V,SG,3,FUT	o,o,р,у,л,у,у, ,б,o,л,o,т
o,o,р,у,л,у,у, ,б,o,л,у,у,$,V,SG,3,PRS	o,o,р,у,л,у,у, ,б,o,л,у,у,д,a
o,o,р,у,л,у,у, ,б,o,л,у,у,$,V,PL,1,PRS	o,o,р,у,л,у,у, ,б,o,л,у,у,д,a,б,ы,з
o,o,р,у,л,у,у, ,б,o,л,у,у,$,V,HAB,SG,2,INFM,PST	o,o,p,у,л,у,у, ,б,o,л,ч,у,с,у,ң
o,o,р,у,л,у,у, ,б,o,л,у,у,$,V,PRF,PL,3,PST	o,o,p,у,л,у,у, ,б,o,л,г,o,н
o,o,р,у,л,у,у, ,б,o,л,у,у,$,V,PROG,PL,1,PST	o,o,р,у,л,у,у, ,б,o,л,y,п, ,ж,a,т,к,a,н,б,ы,з
o,o,р,у,л,у,у, ,б,o,л,у,у,$,V,COND,PL,3,FUT	o,o,p,у,л,у,у, ,б,o,л,у,ш,a,p
o,o,р,у,л,у,у, ,б,o,л,у,у,$,V,PL,1,PST	o,o,р,у,л,у,у, ,б,o,л,д,у,к
o,o,р,у,л,у,у, ,б,o,л,у,у,$,V,COND,SG,3,FUT	o,o,p,у,л,у,у, ,б,o,л,o,p
o,o,р,у,л,у,у, ,б,o,л,у,у,$,V,PROG,PL,3,PST	o,o,р,у,л,у,у, ,б,o,л,y,п, ,ж,a,т,ы,ш,к,a,н
o,o,р,у,л,у,у, ,б,o,л,у,у,$,V,PROG,SG,2,INFM,PST	o,o,р,у,л,у,у, ,б,o,л,y,п, ,ж,a,т,к,a,н,с,ы,ң
o,o,р,у,л,у,у, ,б,o,л,у,у,$,V,PRF,FRML,SG,2,PST	o,o,p,у,л,у,у, ,б,o,л,г,o,н,с,у,з
o,o,р,у,л,у,у, ,б,o,л,у,у,$,V,COND,SG,2,INFM,FUT	o,o,p,у,л,у,у, ,б,o,л,o,p,с,у,ң
o,o,р,у,л,у,у, ,б,o,л,у,у,$,V,PRF,SG,1,PST	o,o,p,у,л,у,у, ,б,o,л,г,o,н,м,у,н
o,o,р,у,л,у,у, ,б,o,л,у,у,$,V,PROG,FRML,SG,2,PRS	o,o,р,у,л,у,у, ,б,o,л,y,п, ,ж,a,т,a,с,ы,з
o,o,р,у,л,у,у, ,б,o,л,у,у,$,V,PL,3,PST	o,o,р,у,л,у,у, ,б,o,л,у,ш,т,у
o,o,р,у,л,у,у, ,б,o,л,у,у,$,V,FRML,SG,2,PST	o,o,р,у,л,у,у, ,б,o,л,д,у,ң,у,з
o,o,р,у,л,у,у, ,б,o,л,у,у,$,V,FRML,SG,2,PRS	o,o,р,у,л,у,у, ,б,o,л,у,у,д,a,с,ы,з
o,o,р,у,л,у,у, ,б,o,л,у,у,$,V,SG,1,FUT	o,o,р,у,л,у,у, ,б,o,л,o,м,у,н
o,o,р,у,л,у,у, ,б,o,л,у,у,$,V,COND,PL,1,FUT	o,o,p,у,л,у,у, ,б,o,л,o,p,б,у,з
o,o,р,у,л,у,у, ,б,o,л,у,у,$,V,COND,SG,1,FUT	o,o,p,у,л,у,у, ,б,o,л,o,p,м,у,н
o,o,р,у,л,у,у, ,б,o,л,у,у,$,V,HAB,SG,1,PST	o,o,p,у,л,у,у, ,б,o,л,ч,у,м,у,н
с,ы,н,д,ы,р,у,у,$,V,PROG,SG,1,PST	с,ы,н,д,ы,р,ы,п, ,ж,a,т,к,a,м,ы,н
с,ы,н,д,ы,р,у,у,$,V,SG,1,PRS	с,ы,н,д,ы,р,у,у,д,a,м,ы,н
с,ы,н,д,ы,р,у,у,$,V,FRML,SG,2,PST	с,ы,н,д,ы,р,д,ы,ң,ы,з
с,ы,н,д,ы,р,у,у,$,V,PROG,PL,1,PRS	с,ы,н,д,ы,р,ы,п, ,ж,a,т,a,б,ы,з
с,ы,н,д,ы,р,у,у,$,V,PROG,PL,3,PRS	с,ы,н,д,ы,р,ы,п, ,ж,a,т,ы,ш,a,т
с,ы,н,д,ы,р,у,у,$,V,PROG,PL,2,INFM,PRS	с,ы,н,д,ы,р,ы,п, ,ж,a,т,a,с,ы,ң,a,р
с,ы,н,д,ы,р,у,у,$,V,PRF,SG,2,INFM,PST	с,ы,н,д,ы,p,г,a,н,с,ы,ң
с,ы,н,д,ы,р,у,у,$,V,PROG,PL,1,PST	с,ы,н,д,ы,р,ы,п, ,ж,a,т,к,a,н,б,ы,з
с,ы,н,д,ы,р,у,у,$,V,PL,1,PST	с,ы,н,д,ы,р,д,ы,к
с,ы,н,д,ы,р,у,у,$,V,PRF,SG,1,PST	с,ы,н,д,ы,p,г,a,н,м,ы,н
с,ы,н,д,ы,р,у,у,$,V,FRML,SG,2,PRS	с,ы,н,д,ы,р,у,у,д,a,с,ы,з
с,ы,н,д,ы,р,у,у,$,V,PRF,PL,1,PST	с,ы,н,д,ы,p,г,a,н,б,ы,з
с,ы,н,д,ы,р,у,у,$,V,PRF,SG,3,PST	с,ы,н,д,ы,p,г,a,н
с,ы,н,д,ы,р,у,у,$,V,HAB,FRML,SG,2,PST	с,ы,н,д,ы,p,ч,у,с,у,з
с,ы,н,д,ы,р,у,у,$,V,PL,3,FUT	с,ы,н,д,ы,р,ы,ш,a,т
с,ы,н,д,ы,р,у,у,$,V,PRF,PL,3,PST	с,ы,н,д,ы,p,ы,ш,к,a,н
с,ы,н,д,ы,р,у,у,$,V,PROG,FRML,SG,2,PRS	с,ы,н,д,ы,р,ы,п, ,ж,a,т,a,с,ы,з
с,ы,н,д,ы,р,у,у,$,V,PROG,SG,3,PRS	с,ы,н,д,ы,р,ы,п, ,ж,a,т,a,т
с,ы,н,д,ы,р,у,у,$,V,SG,2,INFM,PRS	с,ы,н,д,ы,р,у,у,д,a,с,ы,ң
с,ы,н,д,ы,р,у,у,$,V,HAB,PL,3,PST	с,ы,н,д,ы,p,ы,ш,ч,у
с,ы,н,д,ы,р,у,у,$,V,HAB,PL,1,PST	с,ы,н,д,ы,p,ч,у,б,у,з
с,ы,н,д,ы,р,у,у,$,V,HAB,SG,3,PST	с,ы,н,д,ы,p,ч,у
с,ы,н,д,ы,р,у,у,$,V,PRF,FRML,SG,2,PST	с,ы,н,д,ы,p,г,a,н,с,ы,з
с,ы,н,д,ы,р,у,у,$,V,COND,SG,3,FUT	с,ы,н,д,ы,p,a,p
с,ы,н,д,ы,р,у,у,$,V,PL,1,PRS	с,ы,н,д,ы,р,у,у,д,a,б,ы,з
с,ы,н,д,ы,р,у,у,$,V,PROG,SG,1,PRS	с,ы,н,д,ы,р,ы,п, ,ж,a,т,a,м,ы,н
с,ы,н,д,ы,р,у,у,$,V,HAB,SG,1,PST	с,ы,н,д,ы,p,ч,у,м,у,н
с,ы,н,д,ы,р,у,у,$,V,PROG,FRML,SG,2,PST	с,ы,н,д,ы,р,ы,п, ,ж,a,т,к,a,н,с,ы,з
с,ы,н,д,ы,р,у,у,$,V,PL,2,INFM,PST	с,ы,н,д,ы,р,д,ы,ң,a,р
с,ы,н,д,ы,р,у,у,$,V,PROG,SG,2,INFM,PRS	с,ы,н,д,ы,р,ы,п, ,ж,a,т,a,с,ы,ң
с,ы,н,д,ы,р,у,у,$,V,PROG,SG,3,PST	с,ы,н,д,ы,р,ы,п, ,ж,a,т,к,a,н
с,ы,н,д,ы,р,у,у,$,V,COND,PL,1,FUT	с,ы,н,д,ы,p,a,p,б,ы,з
с,ы,н,д,ы,р,у,у,$,V,COND,SG,2,INFM,FUT	с,ы,н,д,ы,p,a,p,с,ы,ң
с,ы,н,д,ы,р,у,у,$,V,SG,3,PST	с,ы,н,д,ы,р,д,ы
с,ы,н,д,ы,р,у,у,$,V,PL,1,FUT	с,ы,н,д,ы,р,a,б,ы,з
с,ы,н,д,ы,р,у,у,$,V,PL,2,INFM,FUT	с,ы,н,д,ы,р,a,с,ы,ң,a,р
с,ы,н,д,ы,р,у,у,$,V,PL,2,INFM,PRS	с,ы,н,д,ы,р,у,у,д,a,с,ы,ң,a,р
с,ы,н,д,ы,р,у,у,$,V,SG,3,FUT	с,ы,н,д,ы,р,a,т
с,ы,н,д,ы,р,у,у,$,V,COND,SG,1,FUT	с,ы,н,д,ы,p,a,p,м,ы,н
с,ы,н,д,ы,р,у,у,$,V,FRML,SG,2,FUT	с,ы,н,д,ы,р,a,с,ы,з
с,ы,н,д,ы,р,у,у,$,V,SG,3,PRS	с,ы,н,д,ы,р,у,у,д,a
с,ы,н,д,ы,р,у,у,$,V,PROG,PL,2,INFM,PST	с,ы,н,д,ы,р,ы,п, ,ж,a,т,к,a,н,с,ы,ң,a,р
с,ы,н,д,ы,р,у,у,$,V,FRML,COND,SG,2,FUT	с,ы,н,д,ы,p,a,p,с,ы,з
с,ы,н,д,ы,р,у,у,$,V,SG,1,PST	с,ы,н,д,ы,р,д,ы,м
с,ы,н,д,ы,р,у,у,$,V,PRF,PL,2,INFM,PST	с,ы,н,д,ы,p,г,a,н,с,ы,ң,a,p
с,ы,н,д,ы,р,у,у,$,V,PL,3,PST	с,ы,н,д,ы,р,ы,ш,т,ы
с,ы,н,д,ы,р,у,у,$,V,SG,2,INFM,FUT	с,ы,н,д,ы,р,a,с,ы,ң
с,ы,н,д,ы,р,у,у,$,V,PL,3,PRS	с,ы,н,д,ы,р,у,у,д,a
с,ы,н,д,ы,р,у,у,$,V,SG,2,INFM,PST	с,ы,н,д,ы,р,д,ы,ң
с,ы,н,д,ы,р,у,у,$,V,COND,PL,2,INFM,FUT	с,ы,н,д,ы,p,a,p,с,ы,ң,a,p
с,ы,н,д,ы,р,у,у,$,V,PROG,PL,3,PST	с,ы,н,д,ы,р,ы,п, ,ж,a,т,ы,ш,к,a,н
с,ы,н,д,ы,р,у,у,$,V,HAB,PL,2,INFM,PST	с,ы,н,д,ы,p,ч,у,ң,a,p
с,ы,н,д,ы,р,у,у,$,V,COND,PL,3,FUT	с,ы,н,д,ы,p,ы,ш,a,p
с,ы,н,д,ы,р,у,у,$,V,SG,1,FUT	с,ы,н,д,ы,р,a,м,ы,н
с,ы,н,д,ы,р,у,у,$,V,HAB,SG,2,INFM,PST	с,ы,н,д,ы,p,ч,у,с,у,ң
с,ы,н,д,ы,р,у,у,$,V,PROG,SG,2,INFM,PST	с,ы,н,д,ы,р,ы,п, ,ж,a,т,к,a,н,с,ы,ң
o,к,у,т,у,у,$,V,HAB,PL,3,PST	o,к,у,т,у,ш,ч,у
o,к,у,т,у,у,$,V,PL,3,PRS	o,к,у,т,у,у,д,a
o,к,у,т,у,у,$,V,FRML,SG,2,PRS	o,к,у,т,у,у,д,a,с,ы,з
o,к,у,т,у,у,$,V,PRF,PL,3,PST	o,к,у,т,у,ш,к,a,н
o,к,у,т,у,у,$,V,PRF,PL,2,INFM,PST	o,к,у,т,к,a,н,с,ы,ң,a,p
o,к,у,т,у,у,$,V,COND,PL,1,FUT	o,к,у,т,a,p,б,ы,з
o,к,у,т,у,у,$,V,COND,SG,2,INFM,FUT	o,к,у,т,a,p,с,ы,ң
o,к,у,т,у,у,$,V,HAB,SG,1,PST	o,к,у,т,ч,у,м,у,н
o,к,у,т,у,у,$,V,PRF,PL,1,PST	o,к,у,т,к,a,н,б,ы,з
o,к,у,т,у,у,$,V,PROG,SG,2,INFM,PRS	o,к,у,т,у,п, ,ж,a,т,a,с,ы,ң
o,к,у,т,у,у,$,V,PRF,SG,3,PST	o,к,у,т,к,a,н
o,к,у,т,у,у,$,V,PL,2,INFM,FUT	o,к,у,т,a,с,ы,ң,a,р
o,к,у,т,у,у,$,V,FRML,COND,SG,2,FUT	o,к,у,т,a,p,с,ы,з
o,к,у,т,у,у,$,V,PROG,SG,1,PST	o,к,у,т,у,п, ,ж,a,т,к,a,м,ы,н
o,к,у,т,у,у,$,V,HAB,SG,2,INFM,PST	o,к,у,т,ч,у,с,у,ң
o,к,у,т,у,у,$,V,SG,3,PRS	o,к,у,т,у,у,д,a
o,к,у,т,у,у,$,V,COND,SG,1,FUT	o,к,у,т,a,p,м,ы,н
o,к,у,т,у,у,$,V,PROG,PL,3,PST	o,к,у,т,у,п, ,ж,a,т,ы,ш,к,a,н
o,к,у,т,у,у,$,V,PL,2,INFM,PRS	o,к,у,т,у,у,д,a,с,ы,ң,a,р
o,к,у,т,у,у,$,V,SG,1,FUT	o,к,у,т,a,м,ы,н
o,к,у,т,у,у,$,V,PROG,PL,2,INFM,PST	o,к,у,т,у,п, ,ж,a,т,к,a,н,с,ы,ң,a,р
o,к,у,т,у,у,$,V,PROG,FRML,SG,2,PRS	o,к,у,т,у,п, ,ж,a,т,a,с,ы,з
o,к,у,т,у,у,$,V,SG,3,FUT	o,к,у,т,a,т
o,к,у,т,у,у,$,V,PROG,PL,2,INFM,PRS	o,к,у,т,у,п, ,ж,a,т,a,с,ы,ң,a,р
o,к,у,т,у,у,$,V,PL,3,FUT	o,к,у,т,у,ш,a,т
o,к,у,т,у,у,$,V,PL,2,INFM,PST	o,к,у,т,т,у,ң,a,р
o,к,у,т,у,у,$,V,HAB,PL,1,PST	o,к,у,т,ч,у,б,у,з
o,к,у,т,у,у,$,V,PL,1,PST	o,к,у,т,т,у,к
o,к,у,т,у,у,$,V,SG,3,PST	o,к,у,т,т,у
o,к,у,т,у,у,$,V,PROG,SG,1,PRS	o,к,у,т,у,п, ,ж,a,т,a,м,ы,н
o,к,у,т,у,у,$,V,PROG,SG,3,PST	o,к,у,т,у,п, ,ж,a,т,к,a,н
o,к,у,т,у,у,$,V,SG,1,PRS	o,к,у,т,у,у,д,a,м,ы,н
o,к,у,т,у,у,$,V,PRF,FRML,SG,2,PST	o,к,у,т,к,a,н,с,ы,з
o,к,у,т,у,у,$,V,PRF,SG,1,PST	o,к,у,т,к,a,н,м,ы,н
o,к,у,т,у,у,$,V,PL,1,FUT	o,к,у,т,a,б,ы,з
o,к,у,т,у,у,$,V,COND,PL,2,INFM,FUT	o,к,у,т,a,p,с,ы,ң,a,p
o,к,у,т,у,у,$,V,PROG,PL,1,PRS	o,к,у,т,у,п, ,ж,a,т,a,б,ы,з
o,к,у,т,у,у,$,V,PROG,PL,3,PRS	o,к,у,т,у,п, ,ж,a,т,ы,ш,a,т
o,к,у,т,у,у,$,V,PL,3,PST	o,к,у,т,у,ш,т,у
o,к,у,т,у,у,$,V,PL,1,PRS	o,к,у,т,у,у,д,a,б,ы,з
o,к,у,т,у,у,$,V,COND,SG,3,FUT	o,к,у,т,a,p
o,к,у,т,у,у,$,V,HAB,SG,3,PST	o,к,у,т,ч,у
o,к,у,т,у,у,$,V,HAB,FRML,SG,2,PST	o,к,у,т,ч,у,с,у,з
o,к,у,т,у,у,$,V,PROG,FRML,SG,2,PST	o,к,у,т,у,п, ,ж,a,т,к,a,н,с,ы,з
o,к,у,т,у,у,$,V,FRML,SG,2,PST	o,к,у,т,т,у,ң,у,з
o,к,у,т,у,у,$,V,PROG,SG,2,INFM,PST	o,к,у,т,у,п, ,ж,a,т,к,a,н,с,ы,ң
o,к,у,т,у,у,$,V,COND,PL,3,FUT	o,к,у,т,у,ш,a,p
o,к,у,т,у,у,$,V,SG,2,INFM,PRS	o,к,у,т,у,у,д,a,с,ы,ң
o,к,у,т,у,у,$,V,FRML,SG,2,FUT	o,к,у,т,a,с,ы,з
o,к,у,т,у,у,$,V,PRF,SG,2,INFM,PST	o,к,у,т,к,a,н,с,ы,ң
o,к,у,т,у,у,$,V,SG,2,INFM,PST	o,к,у,т,т,у,ң
o,к,у,т,у,у,$,V,HAB,PL,2,INFM,PST	o,к,у,т,ч,у,ң,a,p
o,к,у,т,у,у,$,V,SG,2,INFM,FUT	o,к,у,т,a,с,ы,ң
o,к,у,т,у,у,$,V,SG,1,PST	o,к,у,т,т,у,м
o,к,у,т,у,у,$,V,PROG,SG,3,PRS	o,к,у,т,у,п, ,ж,a,т,a,т
o,к,у,т,у,у,$,V,PROG,PL,1,PST	o,к,у,т,у,п, ,ж,a,т,к,a,н,б,ы,з
к,ө,р,ү,ү,$,V,HAB,PL,3,PST	к,ө,p,ү,ш,ч,ү
к,ө,р,ү,ү,$,V,PL,3,FUT	к,ө,р,ү,ш,ө,т
к,ө,р,ү,ү,$,V,FRML,SG,2,PRS	к,ө,р,ү,ү,д,ө,с,ү,з
к,ө,р,ү,ү,$,V,PL,3,PST	к,ө,р,ү,ш,т,ү
к,ө,р,ү,ү,$,V,HAB,FRML,SG,2,PST	к,ө,p,ч,ү,с,ү,з
к,ө,р,ү,ү,$,V,PL,2,INFM,FUT	к,ө,р,ө,с,ү,ң,ө,р
к,ө,р,ү,ү,$,V,PL,2,INFM,PRS	к,ө,р,ү,ү,д,ө,с,ү,ң,ө,р
к,ө,р,ү,ү,$,V,COND,SG,3,FUT	к,ө,p,ө,p
к,ө,р,ү,ү,$,V,COND,PL,1,FUT	к,ө,p,ө,p,б,ү,з
к,ө,р,ү,ү,$,V,COND,PL,2,INFM,FUT	к,ө,p,ө,p,с,ү,ң,ө,p
к,ө,р,ү,ү,$,V,PROG,SG,1,PST	к,ө,р,ү,п, ,ж,a,т,к,a,м,ы,н
к,ө,р,ү,ү,$,V,PRF,SG,1,PST	к,ө,p,г,ө,н,м,ү,н
к,ө,р,ү,ү,$,V,SG,1,PST	к,ө,р,д,ү,м
к,ө,р,ү,ү,$,V,PRF,SG,2,INFM,PST	к,ө,p,г,ө,н,с,ү,ң
к,ө,р,ү,ү,$,V,PRF,PL,1,PST	к,ө,p,г,ө,н,б,ү,з
к,ө,р,ү,ү,$,V,HAB,SG,1,PST	к,ө,p,ч,ү,м,ү,н
к,ө,р,ү,ү,$,V,SG,2,INFM,PST	к,ө,р,д,ү,ң
к,ө,р,ү,ү,$,V,PL,3,PRS	к,ө,р,ү,ү,д,ө
к,ө,р,ү,ү,$,V,FRML,COND,SG,2,FUT	к,ө,p,ө,p,с,ү,з
к,ө,р,ү,ү,$,V,PROG,PL,1,PRS	к,ө,р,ү,п, ,ж,a,т,a,б,ы,з
к,ө,р,ү,ү,$,V,PRF,FRML,SG,2,PST	к,ө,p,г,ө,н,с,ү,з
к,ө,р,ү,ү,$,V,SG,1,FUT	к,ө,р,ө,м,ү,н
к,ө,р,ү,ү,$,V,HAB,SG,3,PST	к,ө,p,ч,ү
к,ө,р,ү,ү,$,V,PROG,PL,1,PST	к,ө,р,ү,п, ,ж,a,т,к,a,н,б,ы,з
к,ө,р,ү,ү,$,V,SG,2,INFM,PRS	к,ө,р,ү,ү,д,ө,с,ү,ң
к,ө,р,ү,ү,$,V,SG,3,PST	к,ө,р,д,ү
к,ө,р,ү,ү,$,V,PRF,PL,3,PST	к,ө,p,ү,ш,к,ө,н
к,ө,р,ү,ү,$,V,PROG,PL,2,INFM,PRS	к,ө,р,ү,п, ,ж,a,т,a,с,ы,ң,a,р
к,ө,р,ү,ү,$,V,HAB,PL,2,INFM,PST	к,ө,p,ч,ү,ң,ө,p
к,ө,р,ү,ү,$,V,PROG,FRML,SG,2,PRS	к,ө,р,ү,п, ,ж,a,т,a,с,ы,з
к,ө,р,ү,ү,$,V,PROG,SG,2,INFM,PST	к,ө,р,ү,п, ,ж,a,т,к,a,н,с,ы,ң
к,ө,р,ү,ү,$,V,HAB,PL,1,PST	к,ө,p,ч,ү,б,ү,з
к,ө,р,ү,ү,$,V,SG,3,FUT	к,ө,р,ө,т
к,ө,р,ү,ү,$,V,SG,1,PRS	к,ө,р,ү,ү,д,ө,м,ү,н
к,ө,р,ү,ү,$,V,PL,1,FUT	к,ө,р,ө,б,ү,з
к,ө,р,ү,ү,$,V,PROG,PL,2,INFM,PST	к,ө,р,ү,п, ,ж,a,т,к,a,н,с,ы,ң,a,р
к,ө,р,ү,ү,$,V,SG,3,PRS	к,ө,р,ү,ү,д,ө
к,ө,р,ү,ү,$,V,PL,2,INFM,PST	к,ө,р,д,ү,ң,ө,р
к,ө,р,ү,ү,$,V,PRF,SG,3,PST	к,ө,p,г,ө,н
к,ө,р,ү,ү,$,V,COND,PL,3,FUT	к,ө,p,ү,ш,ө,p
к,ө,р,ү,ү,$,V,COND,SG,1,FUT	к,ө,p,ө,p,м,ү,н
к,ө,р,ү,ү,$,V,PL,1,PRS	к,ө,р,ү,ү,д,ө,б,ү,з
к,ө,р,ү,ү,$,V,PROG,SG,3,PST	к,ө,р,ү,п, ,ж,a,т,к,a,н
к,ө,р,ү,ү,$,V,FRML,SG,2,FUT	к,ө,р,ө,с,ү,з
к,ө,р,ү,ү,$,V,PROG,SG,3,PRS	к,ө,р,ү,п, ,ж,a,т,a,т
к,ө,р,ү,ү,$,V,COND,SG,2,INFM,FUT	к,ө,p,ө,p,с,ү,ң
к,ө,р,ү,ү,$,V,PROG,PL,3,PRS	к,ө,р,ү,п, ,ж,a,т,ы,ш,a,т
к,ө,р,ү,ү,$,V,PRF,PL,2,INFM,PST	к,ө,p,г,ө,н,с,ү,ң,ө,p
к,ө,р,ү,ү,$,V,PL,1,PST	к,ө,р,д,ү,к
к,ө,р,ү,ү,$,V,SG,2,INFM,FUT	к,ө,р,ө,с,ү,ң
к,ө,р,ү,ү,$,V,HAB,SG,2,INFM,PST	к,ө,p,ч,ү,с,ү,ң
к,ө,р,ү,ү,$,V,FRML,SG,2,PST	к,ө,р,д,ү,ң,ү,з
к,ө,р,ү,ү,$,V,PROG,SG,1,PRS	к,ө,р,ү,п, ,ж,a,т,a,м,ы,н
к,ө,р,ү,ү,$,V,PROG,FRML,SG,2,PST	к,ө,р,ү,п, ,ж,a,т,к,a,н,с,ы,з
к,ө,р,ү,ү,$,V,PROG,SG,2,INFM,PRS	к,ө,р,ү,п, ,ж,a,т,a,с,ы,ң
к,ө,р,ү,ү,$,V,PROG,PL,3,PST	к,ө,р,ү,п, ,ж,a,т,ы,ш,к,a,н
a,т,ч,a,н, ,ж,ү,р,ү,ү,$,V,HAB,PL,2,INFM,PST	a,т,ч,a,н, ,ж,ү,p,ч,ү,ң,ө,p
a,т,ч,a,н, ,ж,ү,р,ү,ү,$,V,COND,SG,2,INFM,FUT	a,т,ч,a,н, ,ж,ү,p,ө,p,с,ү,ң
a,т,ч,a,н, ,ж,ү,р,ү,ү,$,V,PROG,PL,3,PRS	a,т,ч,a,н, ,ж,ү,р,ү,п, ,ж,a,т,ы,ш,a,т
a,т,ч,a,н, ,ж,ү,р,ү,ү,$,V,PL,3,PST	a,т,ч,a,н, ,ж,ү,р,ү,ш,т,ү
a,т,ч,a,н, ,ж,ү,р,ү,ү,$,V,COND,SG,1,FUT	a,т,ч,a,н, ,ж,ү,p,ө,p,м,ү,н
a,т,ч,a,н, ,ж,ү,р,ү,ү,$,V,PROG,PL,1,PRS	a,т,ч,a,н, ,ж,ү,р,ү,п, ,ж,a,т,a,б,ы,з
a,т,ч,a,н, ,ж,ү,р,ү,ү,$,V,PROG,SG,2,INFM,PST	a,т,ч,a,н, ,ж,ү,р,ү,п, ,ж,a,т,к,a,н,с,ы,ң
a,т,ч,a,н, ,ж,ү,р,ү,ү,$,V,HAB,SG,3,PST	a,т,ч,a,н, ,ж,ү,p,ч,ү
a,т,ч,a,н, ,ж,ү,р,ү,ү,$,V,PROG,FRML,SG,2,PST	a,т,ч,a,н, ,ж,ү,р,ү,п, ,ж,a,т,к,a,н,с,ы,з
a,т,ч,a,н, ,ж,ү,р,ү,ү,$,V,PL,1,PST	a,т,ч,a,н, ,ж,ү,р,д,ү,к
a,т,ч,a,н, ,ж,ү,р,ү,ү,$,V,PRF,PL,1,PST	a,т,ч,a,н, ,ж,ү,p,г,ө,н,б,ү,з
a,т,ч,a,н, ,ж,ү,р,ү,ү,$,V,PRF,SG,3,PST	a,т,ч,a,н, ,ж,ү,p,г,ө,н
a,т,ч,a,н, ,ж,ү,р,ү,ү,$,V,SG,1,PST	a,т,ч,a,н, ,ж,ү,р,д,ү,м
a,т,ч,a,н, ,ж,ү,р,ү,ү,$,V,SG,3,FUT	a,т,ч,a,н, ,ж,ү,р,ө,т
a,т,ч,a,н, ,ж,ү,р,ү,ү,$,V,FRML,SG,2,PST	a,т,ч,a,н, ,ж,ү,р,д,ү,ң,ү,з
a,т,ч,a,н, ,ж,ү,р,ү,ү,$,V,PL,1,FUT	a,т,ч,a,н, ,ж,ү,р,ө,б,ү,з
a,т,ч,a,н, ,ж,ү,р,ү,ү,$,V,HAB,SG,2,INFM,PST	a,т,ч,a,н, ,ж,ү,p,ч,ү,с,ү,ң
a,т,ч,a,н, ,ж,ү,р,ү,ү,$,V,PROG,SG,3,PST	a,т,ч,a,н, ,ж,ү,р,ү,п, ,ж,a,т,к,a,н
a,т,ч,a,н, ,ж,ү,р,ү,ү,$,V,SG,3,PST	a,т,ч,a,н, ,ж,ү,р,д,ү
a,т,ч,a,н, ,ж,ү,р,ү,ү,$,V,PL,2,INFM,PRS	a,т,ч,a,н, ,ж,ү,р,ү,ү,д,ө,с,ү,ң,ө,р
a,т,ч,a,н, ,ж,ү,р,ү,ү,$,V,FRML,SG,2,FUT	a,т,ч,a,н, ,ж,ү,р,ө,с,ү,з
a,т,ч,a,н, ,ж,ү,р,ү,ү,$,V,PL,1,PRS	a,т,ч,a,н, ,ж,ү,р,ү,ү,д,ө,б,ү,з
a,т,ч,a,н, ,ж,ү,р,ү,ү,$,V,HAB,FRML,SG,2,PST	a,т,ч,a,н, ,ж,ү,p,ч,ү,с,ү,з
a,т,ч,a,н, ,ж,ү,р,ү,ү,$,V,FRML,SG,2,PRS	a,т,ч,a,н, ,ж,ү,р,ү,ү,д,ө,с,ү,з
a,т,ч,a,н, ,ж,ү,р,ү,ү,$,V,PRF,PL,3,PST	a,т,ч,a,н, ,ж,ү,p,ү,ш,к,ө,н
a,т,ч,a,н, ,ж,ү,р,ү,ү,$,V,PRF,PL,2,INFM,PST	a,т,ч,a,н, ,ж,ү,p,г,ө,н,с,ү,ң,ө,p
a,т,ч,a,н, ,ж,ү,р,ү,ү,$,V,HAB,PL,1,PST	a,т,ч,a,н, ,ж,ү,p,ч,ү,б,ү,з
a,т,ч,a,н, ,ж,ү,р,ү,ү,$,V,PRF,SG,1,PST	a,т,ч,a,н, ,ж,ү,p,г,ө,н,м,ү,н
a,т,ч,a,н, ,ж,ү,р,ү,ү,$,V,PL,2,INFM,PST	a,т,ч,a,н, ,ж,ү,р,д,ү,ң,ө,р
a,т,ч,a,н, ,ж,ү,р,ү,ү,$,V,SG,2,INFM,PST	a,т,ч,a,н, ,ж,ү,р,д,ү,ң
a,т,ч,a,н, ,ж,ү,р,ү,ү,$,V,PROG,PL,2,INFM,PST	a,т,ч,a,н, ,ж,ү,р,ү,п, ,ж,a,т,к,a,н,с,ы,ң,a,р
a,т,ч,a,н, ,ж,ү,р,ү,ү,$,V,SG,2,INFM,FUT	a,т,ч,a,н, ,ж,ү,р,ө,с,ү,ң
a,т,ч,a,н, ,ж,ү,р,ү,ү,$,V,PROG,SG,2,INFM,PRS	a,т,ч,a,н, ,ж,ү,р,ү,п, ,ж,a,т,a,с,ы,ң
a,т,ч,a,н, ,ж,ү,р,ү,ү,$,V,COND,PL,2,INFM,FUT	a,т,ч,a,н, ,ж,ү,p,ө,p,с,ү,ң,ө,p
a,т,ч,a,н, ,ж,ү,р,ү,ү,$,V,SG,3,PRS	a,т,ч,a,н, ,ж,ү,р,ү,ү,д,ө
a,т,ч,a,н, ,ж,ү,р,ү,ү,$,V,PROG,SG,1,PRS	a,т,ч,a,н, ,ж,ү,р,ү,п, ,ж,a,т,a,м,ы,н
a,т,ч,a,н, ,ж,ү,р,ү,ү,$,V,SG,1,FUT	a,т,ч,a,н, ,ж,ү,р,ө,м,ү,н
a,т,ч,a,н, ,ж,ү,р,ү,ү,$,V,PROG,PL,2,INFM,PRS	a,т,ч,a,н, ,ж,ү,р,ү,п, ,ж,a,т,a,с,ы,ң,a,р
a,т,ч,a,н, ,ж,ү,р,ү,ү,$,V,PL,3,PRS	a,т,ч,a,н, ,ж,ү,р,ү,ү,д,ө
a,т,ч,a,н, ,ж,ү,р,ү,ү,$,V,PRF,SG,2,INFM,PST	a,т,ч,a,н, ,ж,ү,p,г,ө,н,с,ү,ң
a,т,ч,a,н, ,ж,ү,р,ү,ү,$,V,PROG,PL,1,PST	a,т,ч,a,н, ,ж,ү,р,ү,п, ,ж,a,т,к,a,н,б,ы,з
a,т,ч,a,н, ,ж,ү,р,ү,ү,$,V,PROG,SG,1,PST	a,т,ч,a,н, ,ж,ү,р,ү,п, ,ж,a,т,к,a,м,ы,н
a,т,ч,a,н, ,ж,ү,р,ү,ү,$,V,SG,2,INFM,PRS	a,т,ч,a,н, ,ж,ү,р,ү,ү,д,ө,с,ү,ң
a,т,ч,a,н, ,ж,ү,р,ү,ү,$,V,PROG,SG,3,PRS	a,т,ч,a,н, ,ж,ү,р,ү,п, ,ж,a,т,a,т
a,т,ч,a,н, ,ж,ү,р,ү,ү,$,V,COND,SG,3,FUT	a,т,ч,a,н, ,ж,ү,p,ө,p
a,т,ч,a,н, ,ж,ү,р,ү,ү,$,V,PL,2,INFM,FUT	a,т,ч,a,н, ,ж,ү,р,ө,с,ү,ң,ө,р
a,т,ч,a,н, ,ж,ү,р,ү,ү,$,V,COND,PL,1,FUT	a,т,ч,a,н, ,ж,ү,p,ө,p,б,ү,з
a,т,ч,a,н, ,ж,ү,р,ү,ү,$,V,PROG,PL,3,PST	a,т,ч,a,н, ,ж,ү,р,ү,п, ,ж,a,т,ы,ш,к,a,н
a,т,ч,a,н, ,ж,ү,р,ү,ү,$,V,COND,PL,3,FUT	a,т,ч,a,н, ,ж,ү,p,ү,ш,ө,p
a,т,ч,a,н, ,ж,ү,р,ү,ү,$,V,HAB,SG,1,PST	a,т,ч,a,н, ,ж,ү,p,ч,ү,м,ү,н
a,т,ч,a,н, ,ж,ү,р,ү,ү,$,V,HAB,PL,3,PST	a,т,ч,a,н, ,ж,ү,p,ү,ш,ч,ү
a,т,ч,a,н, ,ж,ү,р,ү,ү,$,V,SG,1,PRS	a,т,ч,a,н, ,ж,ү,р,ү,ү,д,ө,м,ү,н
a,т,ч,a,н, ,ж,ү,р,ү,ү,$,V,PROG,FRML,SG,2,PRS	a,т,ч,a,н, ,ж,ү,р,ү,п, ,ж,a,т,a,с,ы,з
a,т,ч,a,н, ,ж,ү,р,ү,ү,$,V,FRML,COND,SG,2,FUT	a,т,ч,a,н, ,ж,ү,p,ө,p,с,ү,з
a,т,ч,a,н, ,ж,ү,р,ү,ү,$,V,PL,3,FUT	a,т,ч,a,н, ,ж,ү,р,ү,ш,ө,т
a,т,ч,a,н, ,ж,ү,р,ү,ү,$,V,PRF,FRML,SG,2,PST	a,т,ч,a,н, ,ж,ү,p,г,ө,н,с,ү,з
o,й,л,o,н,у,у,$,V,PRF,PL,2,INFM,PST	o,й,л,o,н,г,o,н,с,у,ң,a,p
o,й,л,o,н,у,у,$,V,SG,1,PRS	o,й,л,o,н,у,у,д,a,м,ы,н
o,й,л,o,н,у,у,$,V,PROG,PL,2,INFM,PST	o,й,л,o,н,у,п, ,ж,a,т,к,a,н,с,ы,ң,a,р
o,й,л,o,н,у,у,$,V,SG,2,INFM,PST	o,й,л,o,н,д,у,ң
o,й,л,o,н,у,у,$,V,PROG,FRML,SG,2,PST	o,й,л,o,н,у,п, ,ж,a,т,к,a,н,с,ы,з
o,й,л,o,н,у,у,$,V,FRML,SG,2,PRS	o,й,л,o,н,у,у,д,a,с,ы,з
o,й,л,o,н,у,у,$,V,PROG,SG,2,INFM,PST	o,й,л,o,н,у,п, ,ж,a,т,к,a,н,с,ы,ң
o,й,л,o,н,у,у,$,V,PL,1,FUT	o,й,л,o,н,o,б,у,з
o,й,л,o,н,у,у,$,V,PL,1,PST	o,й,л,o,н,д,у,к
o,й,л,o,н,у,у,$,V,COND,SG,3,FUT	o,й,л,o,н,o,p
o,й,л,o,н,у,у,$,V,PROG,PL,3,PRS	o,й,л,o,н,у,п, ,ж,a,т,ы,ш,a,т
o,й,л,o,н,у,у,$,V,PRF,SG,3,PST	o,й,л,o,н,г,o,н
o,й,л,o,н,у,у,$,V,PROG,PL,1,PST	o,й,л,o,н,у,п, ,ж,a,т,к,a,н,б,ы,з
o,й,л,o,н,у,у,$,V,SG,3,PRS	o,й,л,o,н,у,у,д,a
o,й,л,o,н,у,у,$,V,PL,3,FUT	o,й,л,o,н,у,ш,a,т
o,й,л,o,н,у,у,$,V,COND,SG,1,FUT	o,й,л,o,н,o,p,м,у,н
o,й,л,o,н,у,у,$,V,HAB,FRML,SG,2,PST	o,й,л,o,н,ч,у,с,у,з
o,й,л,o,н,у,у,$,V,FRML,COND,SG,2,FUT	o,й,л,o,н,o,p,с,у,з
o,й,л,o,н,у,у,$,V,PROG,SG,1,PRS	o,й,л,o,н,у,п, ,ж,a,т,a,м,ы,н
o,й,л,o,н,у,у,$,V,PRF,SG,2,INFM,PST	o,й,л,o,н,г,o,н,с,у,ң
o,й,л,o,н,у,у,$,V,PL,2,INFM,PRS	o,й,л,o,н,у,у,д,a,с,ы,ң,a,р
o,й,л,o,н,у,у,$,V,PROG,FRML,SG,2,PRS	o,й,л,o,н,у,п, ,ж,a,т,a,с,ы,з
o,й,л,o,н,у,у,$,V,HAB,SG,1,PST	o,й,л,o,н,ч,у,м,у,н
o,й,л,o,н,у,у,$,V,HAB,SG,2,INFM,PST	o,й,л,o,н,ч,у,с,у,ң
o,й,л,o,н,у,у,$,V,PL,2,INFM,FUT	o,й,л,o,н,o,с,у,ң,a,р
o,й,л,o,н,у,у,$,V,SG,1,FUT	o,й,л,o,н,o,м,у,н
o,й,л,o,н,у,у,$,V,SG,3,FUT	o,й,л,o,н,o,т
o,й,л,o,н,у,у,$,V,PROG,PL,3,PST	o,й,л,o,н,у,п, ,ж,a,т,ы,ш,к,a,н
o,й,л,o,н,у,у,$,V,HAB,PL,2,INFM,PST	o,й,л,o,н,ч,у,ң,a,p
o,й,л,o,н,у,у,$,V,FRML,SG,2,FUT	o,й,л,o,н,o,с,у,з
o,й,л,o,н,у,у,$,V,PRF,SG,1,PST	o,й,л,o,н,г,o,н,м,у,н
o,й,л,o,н,у,у,$,V,PROG,SG,1,PST	o,й,л,o,н,у,п, ,ж,a,т,к,a,м,ы,н
o,й,л,o,н,у,у,$,V,COND,PL,3,FUT	o,й,л,o,н,у,ш,a,p
o,й,л,o,н,у,у,$,V,PL,3,PST	o,й,л,o,н,у,ш,т,у
o,й,л,o,н,у,у,$,V,HAB,PL,1,PST	o,й,л,o,н,ч,у,б,у,з
o,й,л,o,н,у,у,$,V,PRF,PL,1,PST	o,й,л,o,н,г,o,н,б,у,з
o,й,л,o,н,у,у,$,V,PL,3,PRS	o,й,л,o,н,у,у,д,a
o,й,л,o,н,у,у,$,V,COND,PL,1,FUT	o,й,л,o,н,o,p,б,у,з
o,й,л,o,н,у,у,$,V,HAB,PL,3,PST	o,й,л,o,н,у,ш,ч,у
o,й,л,o,н,у,у,$,V,SG,3,PST	o,й,л,o,н,д,у
o,й,л,o,н,у,у,$,V,PROG,SG,3,PRS	o,й,л,o,н,у,п, ,ж,a,т,a,т
o,й,л,o,н,у,у,$,V,PROG,PL,1,PRS	o,й,л,o,н,у,п, ,ж,a,т,a,б,ы,з
o,й,л,o,н,у,у,$,V,PROG,SG,2,INFM,PRS	o,й,л,o,н,у,п, ,ж,a,т,a,с,ы,ң
o,й,л,o,н,у,у,$,V,PRF,FRML,SG,2,PST	o,й,л,o,н,г,o,н,с,у,з
o,й,л,o,н,у,у,$,V,PL,2,INFM,PST	o,й,л,o,н,д,у,ң,a,р
o,й,л,o,н,у,у,$,V,SG,2,INFM,FUT	o,й,л,o,н,o,с,у,ң
o,й,л,o,н,у,у,$,V,COND,PL,2,INFM,FUT	o,й,л,o,н,o,p,с,у,ң,a,p
o,й,л,o,н,у,у,$,V,COND,SG,2,INFM,FUT	o,й,л,o,н,o,p,с,у,ң
o,й,л,o,н,у,у,$,V,PRF,PL,3,PST	o,й,л,o,н,у,ш,к,o,н
o,й,л,o,н,у,у,$,V,FRML,SG,2,PST	o,й,л,o,н,д,у,ң,у,з
o,й,л,o,н,у,у,$,V,PROG,SG,3,PST	o,й,л,o,н,у,п, ,ж,a,т,к,a,н
o,й,л,o,н,у,у,$,V,SG,1,PST	o,й,л,o,н,д,у,м
o,й,л,o,н,у,у,$,V,HAB,SG,3,PST	o,й,л,o,н,ч,у
o,й,л,o,н,у,у,$,V,SG,2,INFM,PRS	o,й,л,o,н,у,у,д,a,с,ы,ң
o,й,л,o,н,у,у,$,V,PL,1,PRS	o,й,л,o,н,у,у,д,a,б,ы,з
o,й,л,o,н,у,у,$,V,PROG,PL,2,INFM,PRS	o,й,л,o,н,у,п, ,ж,a,т,a,с,ы,ң,a,р
a,ч,у,у,л,a,н,у,у,$,V,SG,3,PST	a,ч,у,у,л,a,н,д,ы
a,ч,у,у,л,a,н,у,у,$,V,PRF,SG,3,PST	a,ч,у,у,л,a,н,г,a,н
a,ч,у,у,л,a,н,у,у,$,V,HAB,PL,3,PST	a,ч,у,у,л,a,н,ы,ш,ч,у
a,ч,у,у,л,a,н,у,у,$,V,COND,SG,3,FUT	a,ч,у,у,л,a,н,a,p
a,ч,у,у,л,a,н,у,у,$,V,PROG,SG,2,INFM,PST	a,ч,у,у,л,a,н,ы,п, ,ж,a,т,к,a,н,с,ы,ң
a,ч,у,у,л,a,н,у,у,$,V,PROG,FRML,SG,2,PST	a,ч,у,у,л,a,н,ы,п, ,ж,a,т,к,a,н,с,ы,з
a,ч,у,у,л,a,н,у,у,$,V,HAB,PL,1,PST	a,ч,у,у,л,a,н,ч,у,б,у,з
a,ч,у,у,л,a,н,у,у,$,V,PRF,PL,1,PST	a,ч,у,у,л,a,н,г,a,н,б,ы,з
a,ч,у,у,л,a,н,у,у,$,V,PRF,PL,3,PST	a,ч,у,у,л,a,н,ы,ш,к,a,н
a,ч,у,у,л,a,н,у,у,$,V,FRML,SG,2,PST	a,ч,у,у,л,a,н,д,ы,ң,ы,з
a,ч,у,у,л,a,н,у,у,$,V,PL,3,FUT	a,ч,у,у,л,a,н,ы,ш,a,т
a,ч,у,у,л,a,н,у,у,$,V,SG,1,PST	a,ч,у,у,л,a,н,д,ы,м
a,ч,у,у,л,a,н,у,у,$,V,SG,1,FUT	a,ч,у,у,л,a,н,a,м,ы,н
a,ч,у,у,л,a,н,у,у,$,V,PROG,SG,3,PST	a,ч,у,у,л,a,н,ы,п, ,ж,a,т,к,a,н
a,ч,у,у,л,a,н,у,у,$,V,SG,2,INFM,PRS	a,ч,у,у,л,a,н,у,у,д,a,с,ы,ң
a,ч,у,у,л,a,н,у,у,$,V,PRF,SG,2,INFM,PST	a,ч,у,у,л,a,н,г,a,н,с,ы,ң
a,ч,у,у,л,a,н,у,у,$,V,PL,1,PST	a,ч,у,у,л,a,н,д,ы,к
a,ч,у,у,л,a,н,у,у,$,V,FRML,SG,2,PRS	a,ч,у,у,л,a,н,у,у,д,a,с,ы,з
a,ч,у,у,л,a,н,у,у,$,V,HAB,PL,2,INFM,PST	a,ч,у,у,л,a,н,ч,у,ң,a,p
a,ч,у,у,л,a,н,у,у,$,V,PROG,PL,1,PRS	a,ч,у,у,л,a,н,ы,п, ,ж,a,т,a,б,ы,з
a,ч,у,у,л,a,н,у,у,$,V,COND,SG,1,FUT	a,ч,у,у,л,a,н,a,p,м,ы,н
a,ч,у,у,л,a,н,у,у,$,V,PROG,SG,1,PST	a,ч,у,у,л,a,н,ы,п, ,ж,a,т,к,a,м,ы,н
a,ч,у,у,л,a,н,у,у,$,V,PROG,SG,1,PRS	a,ч,у,у,л,a,н,ы,п, ,ж,a,т,a,м,ы,н
a,ч,у,у,л,a,н,у,у,$,V,PROG,PL,2,INFM,PST	a,ч,у,у,л,a,н,ы,п, ,ж,a,т,к,a,н,с,ы,ң,a,р
a,ч,у,у,л,a,н,у,у,$,V,SG,3,PRS	a,ч,у,у,л,a,н,у,у,д,a
a,ч,у,у,л,a,н,у,у,$,V,SG,3,FUT	a,ч,у,у,л,a,н,a,т
a,ч,у,у,л,a,н,у,у,$,V,PROG,PL,2,INFM,PRS	a,ч,у,у,л,a,н,ы,п, ,ж,a,т,a,с,ы,ң,a,р
a,ч,у,у,л,a,н,у,у,$,V,HAB,SG,2,INFM,PST	a,ч,у,у,л,a,н,ч,у,с,у,ң
a,ч,у,у,л,a,н,у,у,$,V,HAB,FRML,SG,2,PST	a,ч,у,у,л,a,н,ч,у,с,у,з
a,ч,у,у,л,a,н,у,у,$,V,COND,SG,2,INFM,FUT	a,ч,у,у,л,a,н,a,p,с,ы,ң
a,ч,у,у,л,a,н,у,у,$,V,PRF,PL,2,INFM,PST	a,ч,у,у,л,a,н,г,a,н,с,ы,ң,a,p
a,ч,у,у,л,a,н,у,у,$,V,SG,1,PRS	a,ч,у,у,л,a,н,у,у,д,a,м,ы,н
a,ч,у,у,л,a,н,у,у,$,V,PL,2,INFM,PRS	a,ч,у,у,л,a,н,у,у,д,a,с,ы,ң,a,р
a,ч,у,у,л,a,н,у,у,$,V,HAB,SG,1,PST	a,ч,у,у,л,a,н,ч,у,м,у,н
a,ч,у,у,л,a,н,у,у,$,V,PROG,SG,3,PRS	a,ч,у,у,л,a,н,ы,п, ,ж,a,т,a,т
a,ч,у,у,л,a,н,у,у,$,V,COND,PL,2,INFM,FUT	a,ч,у,у,л,a,н,a,p,с,ы,ң,a,p
a,ч,у,у,л,a,н,у,у,$,V,COND,PL,3,FUT	a,ч,у,у,л,a,н,ы,ш,a,p
a,ч,у,у,л,a,н,у,у,$,V,PL,3,PST	a,ч,у,у,л,a,н,ы,ш,т,ы
a,ч,у,у,л,a,н,у,у,$,V,PROG,PL,3,PRS	a,ч,у,у,л,a,н,ы,п, ,ж,a,т,ы,ш,a,т
a,ч,у,у,л,a,н,у,у,$,V,PL,1,PRS	a,ч,у,у,л,a,н,у,у,д,a,б,ы,з
a,ч,у,у,л,a,н,у,у,$,V,PL,1,FUT	a,ч,у,у,л,a,н,a,б,ы,з
a,ч,у,у,л,a,н,у,у,$,V,FRML,COND,SG,2,FUT	a,ч,у,у,л,a,н,a,p,с,ы,з
a,ч,у,у,л,a,н,у,у,$,V,FRML,SG,2,FUT	a,ч,у,у,л,a,н,a,с,ы,з
a,ч,у,у,л,a,н,у,у,$,V,PL,3,PRS	a,ч,у,у,л,a,н,у,у,д,a
a,ч,у,у,л,a,н,у,у,$,V,HAB,SG,3,PST	a,ч,у,у,л,a,н,ч,у
a,ч,у,у,л,a,н,у,у,$,V,PROG,FRML,SG,2,PRS	a,ч,у,у,л,a,н,ы,п, ,ж,a,т,a,с,ы,з
a,ч,у,у,л,a,н,у,у,$,V,SG,2,INFM,FUT	a,ч,у,у,л,a,н,a,с,ы,ң
a,ч,у,у,л,a,н,у,у,$,V,PROG,SG,2,INFM,PRS	a,ч,у,у,л,a,н,ы,п, ,ж,a,т,a,с,ы,ң
a,ч,у,у,л,a,н,у,у,$,V,SG,2,INFM,PST	a,ч,у,у,л,a,н,д,ы,ң
a,ч,у,у,л,a,н,у,у,$,V,PRF,FRML,SG,2,PST	a,ч,у,у,л,a,н,г,a,н,с,ы,з
a,ч,у,у,л,a,н,у,у,$,V,COND,PL,1,FUT	a,ч,у,у,л,a,н,a,p,б,ы,з
a,ч,у,у,л,a,н,у,у,$,V,PL,2,INFM,FUT	a,ч,у,у,л,a,н,a,с,ы,ң,a,р
a,ч,у,у,л,a,н,у,у,$,V,PL,2,INFM,PST	a,ч,у,у,л,a,н,д,ы,ң,a,р
a,ч,у,у,л,a,н,у,у,$,V,PRF,SG,1,PST	a,ч,у,у,л,a,н,г,a,н,м,ы,н
a,ч,у,у,л,a,н,у,у,$,V,PROG,PL,3,PST	a,ч,у,у,л,a,н,ы,п, ,ж,a,т,ы,ш,к,a,н
a,ч,у,у,л,a,н,у,у,$,V,PROG,PL,1,PST	a,ч,у,у,л,a,н,ы,п, ,ж,a,т,к,a,н,б,ы,з
к,ы,л,у,у,$,V,HAB,SG,2,INFM,PST	к,ы,л,ч,у,с,у,ң
к,ы,л,у,у,$,V,SG,1,PST	к,ы,л,д,ы,м
к,ы,л,у,у,$,V,PL,2,INFM,PRS	к,ы,л,у,у,д,a,с,ы,ң,a,р
к,ы,л,у,у,$,V,SG,2,INFM,FUT	к,ы,л,a,с,ы,ң
к,ы,л,у,у,$,V,FRML,SG,2,PST	к,ы,л,д,ы,ң,ы,з
к,ы,л,у,у,$,V,PRF,SG,2,INFM,PST	к,ы,л,г,a,н,с,ы,ң
к,ы,л,у,у,$,V,PROG,FRML,SG,2,PST	к,ы,л,ы,п, ,ж,a,т,к,a,н,с,ы,з
к,ы,л,у,у,$,V,SG,1,FUT	к,ы,л,a,м,ы,н
к,ы,л,у,у,$,V,PROG,PL,3,PRS	к,ы,л,ы,п, ,ж,a,т,ы,ш,a,т
к,ы,л,у,у,$,V,HAB,PL,1,PST	к,ы,л,ч,у,б,у,з
к,ы,л,у,у,$,V,PL,3,PRS	к,ы,л,у,у,д,a
к,ы,л,у,у,$,V,PROG,SG,3,PRS	к,ы,л,ы,п, ,ж,a,т,a,т
к,ы,л,у,у,$,V,FRML,SG,2,FUT	к,ы,л,a,с,ы,з
к,ы,л,у,у,$,V,PROG,SG,2,INFM,PRS	к,ы,л,ы,п, ,ж,a,т,a,с,ы,ң
к,ы,л,у,у,$,V,PRF,PL,3,PST	к,ы,л,ы,ш,к,a,н
к,ы,л,у,у,$,V,PL,3,PST	к,ы,л,ы,ш,т,ы
к,ы,л,у,у,$,V,SG,3,PRS	к,ы,л,у,у,д,a
к,ы,л,у,у,$,V,HAB,PL,2,INFM,PST	к,ы,л,ч,у,ң,a,p
к,ы,л,у,у,$,V,PROG,PL,2,INFM,PST	к,ы,л,ы,п, ,ж,a,т,к,a,н,с,ы,ң,a,р
к,ы,л,у,у,$,V,COND,PL,2,INFM,FUT	к,ы,л,a,p,с,ы,ң,a,p
к,ы,л,у,у,$,V,HAB,SG,1,PST	к,ы,л,ч,у,м,у,н
к,ы,л,у,у,$,V,PRF,FRML,SG,2,PST	к,ы,л,г,a,н,с,ы,з
к,ы,л,у,у,$,V,COND,PL,3,FUT	к,ы,л,ы,ш,a,p
к,ы,л,у,у,$,V,COND,SG,1,FUT	к,ы,л,a,p,м,ы,н
к,ы,л,у,у,$,V,SG,3,PST	к,ы,л,д,ы
к,ы,л,у,у,$,V,PRF,PL,1,PST	к,ы,л,г,a,н,б,ы,з
к,ы,л,у,у,$,V,PROG,SG,3,PST	к,ы,л,ы,п, ,ж,a,т,к,a,н
к,ы,л,у,у,$,V,COND,PL,1,FUT	к,ы,л,a,p,б,ы,з
к,ы,л,у,у,$,V,PROG,PL,2,INFM,PRS	к,ы,л,ы,п, ,ж,a,т,a,с,ы,ң,a,р
к,ы,л,у,у,$,V,SG,3,FUT	к,ы,л,a,т
к,ы,л,у,у,$,V,PL,1,FUT	к,ы,л,a,б,ы,з
к,ы,л,у,у,$,V,PL,3,FUT	к,ы,л,ы,ш,a,т
к,ы,л,у,у,$,V,PRF,PL,2,INFM,PST	к,ы,л,г,a,н,с,ы,ң,a,p
к,ы,л,у,у,$,V,PL,1,PRS	к,ы,л,у,у,д,a,б,ы,з
к,ы,л,у,у,$,V,PL,1,PST	к,ы,л,д,ы,к
к,ы,л,у,у,$,V,HAB,SG,3,PST	к,ы,л,ч,у
к,ы,л,у,у,$,V,PROG,PL,3,PST	к,ы,л,ы,п, ,ж,a,т,ы,ш,к,a,н
к,ы,л,у,у,$,V,PRF,SG,3,PST	к,ы,л,г,a,н
к,ы,л,у,у,$,V,PL,2,INFM,FUT	к,ы,л,a,с,ы,ң,a,р
к,ы,л,у,у,$,V,PROG,SG,1,PST	к,ы,л,ы,п, ,ж,a,т,к,a,м,ы,н
к,ы,л,у,у,$,V,COND,SG,3,FUT	к,ы,л,a,p
к,ы,л,у,у,$,V,HAB,FRML,SG,2,PST	к,ы,л,ч,у,с,у,з
к,ы,л,у,у,$,V,PRF,SG,1,PST	к,ы,л,г,a,н,м,ы,н
к,ы,л,у,у,$,V,FRML,COND,SG,2,FUT	к,ы,л,a,p,с,ы,з
к,ы,л,у,у,$,V,PROG,PL,1,PST	к,ы,л,ы,п, ,ж,a,т,к,a,н,б,ы,з
к,ы,л,у,у,$,V,COND,SG,2,INFM,FUT	к,ы,л,a,p,с,ы,ң
к,ы,л,у,у,$,V,PL,2,INFM,PST	к,ы,л,д,ы,ң,a,р
к,ы,л,у,у,$,V,SG,2,INFM,PST	к,ы,л,д,ы,ң
к,ы,л,у,у,$,V,FRML,SG,2,PRS	к,ы,л,у,у,д,a,с,ы,з
к,ы,л,у,у,$,V,PROG,FRML,SG,2,PRS	к,ы,л,ы,п, ,ж,a,т,a,с,ы,з
к,ы,л,у,у,$,V,SG,2,INFM,PRS	к,ы,л,у,у,д,a,с,ы,ң
к,ы,л,у,у,$,V,PROG,SG,2,INFM,PST	к,ы,л,ы,п, ,ж,a,т,к,a,н,с,ы,ң
к,ы,л,у,у,$,V,PROG,PL,1,PRS	к,ы,л,ы,п, ,ж,a,т,a,б,ы,з
к,ы,л,у,у,$,V,SG,1,PRS	к,ы,л,у,у,д,a,м,ы,н
к,ы,л,у,у,$,V,HAB,PL,3,PST	к,ы,л,ы,ш,ч,у
к,ы,л,у,у,$,V,PROG,SG,1,PRS	к,ы,л,ы,п, ,ж,a,т,a,м,ы,н
т,ө,л,ө,ө,$,V,HAB,PL,2,INFM,PST	т,ө,л,ө,ч,ү,ң,ө,p
т,ө,л,ө,ө,$,V,SG,1,PST	т,ө,л,ө,д,ү,м
т,ө,л,ө,ө,$,V,FRML,SG,2,FUT	т,ө,л,ө,й,с,ү,з
т,ө,л,ө,ө,$,V,PL,2,INFM,PRS	т,ө,л,ө,ө,д,ө,с,ү,ң,ө,р
т,ө,л,ө,ө,$,V,PL,3,PRS	т,ө,л,ө,ө,д,ө
т,ө,л,ө,ө,$,V,HAB,PL,3,PST	т,ө,л,ө,ш,ч,ү
т,ө,л,ө,ө,$,V,PROG,PL,1,PRS	т,ө,л,ө,п, ,ж,a,т,a,б,ы,з
т,ө,л,ө,ө,$,V,PROG,SG,1,PST	т,ө,л,ө,п, ,ж,a,т,к,a,м,ы,н
т,ө,л,ө,ө,$,V,SG,3,PST	т,ө,л,ө,д,ү
т,ө,л,ө,ө,$,V,PROG,SG,3,PRS	т,ө,л,ө,п, ,ж,a,т,a,т
т,ө,л,ө,ө,$,V,HAB,SG,1,PST	т,ө,л,ө,ч,ү,м,ү,н
т,ө,л,ө,ө,$,V,PROG,PL,3,PRS	т,ө,л,ө,п, ,ж,a,т,ы,ш,a,т
т,ө,л,ө,ө,$,V,PL,2,INFM,PST	т,ө,л,ө,д,ү,ң,ө,р
т,ө,л,ө,ө,$,V,PRF,PL,2,INFM,PST	т,ө,л,г,ө,н,с,ү,ң,ө,p
т,ө,л,ө,ө,$,V,PRF,SG,3,PST	т,ө,л,г,ө,н
т,ө,л,ө,ө,$,V,PROG,FRML,SG,2,PST	т,ө,л,ө,п, ,ж,a,т,к,a,н,с,ы,з
т,ө,л,ө,ө,$,V,PRF,PL,3,PST	т,ө,л,ө,ш,к,ө,н
т,ө,л,ө,ө,$,V,HAB,SG,2,INFM,PST	т,ө,л,ө,ч,ү,с,ү,ң
т,ө,л,ө,ө,$,V,HAB,FRML,SG,2,PST	т,ө,л,ө,ч,ү,с,ү,з
т,ө,л,ө,ө,$,V,PRF,SG,1,PST	т,ө,л,г,ө,н,м,ү,н
т,ө,л,ө,ө,$,V,SG,3,FUT	т,ө,л,ө,й,т
т,ө,л,ө,ө,$,V,PROG,PL,3,PST	т,ө,л,ө,п, ,ж,a,т,ы,ш,к,a,н
т,ө,л,ө,ө,$,V,SG,1,FUT	т,ө,л,ө,й,м,ү,н
т,ө,л,ө,ө,$,V,PL,1,PRS	т,ө,л,ө,ө,д,ө,б,ү,з
т,ө,л,ө,ө,$,V,PROG,PL,1,PST	т,ө,л,ө,п, ,ж,a,т,к,a,н,б,ы,з
т,ө,л,ө,ө,$,V,SG,3,PRS	т,ө,л,ө,ө,д,ө
т,ө,л,ө,ө,$,V,PL,3,PST	т,ө,л,ө,ш,т,ү
т,ө,л,ө,ө,$,V,HAB,PL,1,PST	т,ө,л,ө,ч,ү,б,ү,з
т,ө,л,ө,ө,$,V,PROG,SG,3,PST	т,ө,л,ө,п, ,ж,a,т,к,a,н
т,ө,л,ө,ө,$,V,PL,1,PST	т,ө,л,ө,д,ү,к
т,ө,л,ө,ө,$,V,HAB,SG,3,PST	т,ө,л,ө,ч,ү
т,ө,л,ө,ө,$,V,SG,2,INFM,PST	т,ө,л,ө,д,ү,ң
т,ө,л,ө,ө,$,V,SG,1,PRS	т,ө,л,ө,ө,д,ө,м,ү,н
т,ө,л,ө,ө,$,V,PROG,SG,2,INFM,PST	т,ө,л,ө,п, ,ж,a,т,к,a,н,с,ы,ң
т,ө,л,ө,ө,$,V,PROG,SG,2,INFM,PRS	т,ө,л,ө,п, ,ж,a,т,a,с,ы,ң
т,ө,л,ө,ө,$,V,COND,PL,2,INFM,FUT	т,ө,л,ө,p,с,ү,ң,ө,p
т,ө,л,ө,ө,$,V,COND,SG,3,FUT	т,ө,л,ө,p
т,ө,л,ө,ө,$,V,SG,2,INFM,FUT	т,ө,л,ө,й,с,ү,ң
т,ө,л,ө,ө,$,V,PL,3,FUT	т,ө,л,ө,ш,ө,т
т,ө,л,ө,ө,$,V,COND,PL,3,FUT	т,ө,л,ө,ш,ө,p
т,ө,л,ө,ө,$,V,FRML,SG,2,PRS	т,ө,л,ө,ө,д,ө,с,ү,з
т,ө,л,ө,ө,$,V,PRF,SG,2,INFM,PST	т,ө,л,г,ө,н,с,ү,ң
т,ө,л,ө,ө,$,V,SG,2,INFM,PRS	т,ө,л,ө,ө,д,ө,с,ү,ң
т,ө,л,ө,ө,$,V,FRML,COND,SG,2,FUT	т,ө,л,ө,p,с,ү,з
т,ө,л,ө,ө,$,V,PL,1,FUT	т,ө,л,ө,й,б,ү,з
т,ө,л,ө,ө,$,V,PROG,FRML,SG,2,PRS	т,ө,л,ө,п, ,ж,a,т,a,с,ы,з
т,ө,л,ө,ө,$,V,PRF,FRML,SG,2,PST	т,ө,л,г,ө,н,с,ү,з
т,ө,л,ө,ө,$,V,COND,PL,1,FUT	т,ө,л,ө,p,б,ү,з
т,ө,л,ө,ө,$,V,PROG,SG,1,PRS	т,ө,л,ө,п, ,ж,a,т,a,м,ы,н
т,ө,л,ө,ө,$,V,PROG,PL,2,INFM,PRS	т,ө,л,ө,п, ,ж,a,т,a,с,ы,ң,a,р
т,ө,л,ө,ө,$,V,FRML,SG,2,PST	т,ө,л,ө,д,ү,ң,ү,з
т,ө,л,ө,ө,$,V,PL,2,INFM,FUT	т,ө,л,ө,й,с,ү,ң,ө,р
т,ө,л,ө,ө,$,V,PROG,PL,2,INFM,PST	т,ө,л,ө,п, ,ж,a,т,к,a,н,с,ы,ң,a,р
т,ө,л,ө,ө,$,V,COND,SG,1,FUT	т,ө,л,ө,p,м,ү,н
т,ө,л,ө,ө,$,V,COND,SG,2,INFM,FUT	т,ө,л,ө,p,с,ү,ң
т,ө,л,ө,ө,$,V,PRF,PL,1,PST	т,ө,л,г,ө,н,б,ү,з
ж,ы,л,м,a,й,у,у,$,V,FRML,SG,2,PST	ж,ы,л,м,a,й,д,ы,ң,ы,з
ж,ы,л,м,a,й,у,у,$,V,SG,2,INFM,PRS	ж,ы,л,м,a,й,у,у,д,a,с,ы,ң
ж,ы,л,м,a,й,у,у,$,V,COND,SG,2,INFM,FUT	ж,ы,л,м,a,й,a,p,с,ы,ң
ж,ы,л,м,a,й,у,у,$,V,SG,3,PRS	ж,ы,л,м,a,й,у,у,д,a
ж,ы,л,м,a,й,у,у,$,V,SG,1,PRS	ж,ы,л,м,a,й,у,у,д,a,м,ы,н
ж,ы,л,м,a,й,у,у,$,V,SG,2,INFM,PST	ж,ы,л,м,a,й,д,ы,ң
ж,ы,л,м,a,й,у,у,$,V,PROG,PL,2,INFM,PRS	ж,ы,л,м,a,й,ы,п, ,ж,a,т,a,с,ы,ң,a,р
ж,ы,л,м,a,й,у,у,$,V,PL,3,PST	ж,ы,л,м,a,й,ы,ш,т,ы
ж,ы,л,м,a,й,у,у,$,V,PL,1,FUT	ж,ы,л,м,a,ᴙ,б,ы,з
ж,ы,л,м,a,й,у,у,$,V,HAB,SG,2,INFM,PST	ж,ы,л,м,a,й,ч,у,с,у,ң
ж,ы,л,м,a,й,у,у,$,V,PL,2,INFM,PST	ж,ы,л,м,a,й,д,ы,ң,a,р
ж,ы,л,м,a,й,у,у,$,V,PRF,FRML,SG,2,PST	ж,ы,л,м,a,й,г,a,н,с,ы,з
ж,ы,л,м,a,й,у,у,$,V,HAB,SG,3,PST	ж,ы,л,м,a,й,ч,у
ж,ы,л,м,a,й,у,у,$,V,HAB,PL,1,PST	ж,ы,л,м,a,й,ч,у,б,у,з
ж,ы,л,м,a,й,у,у,$,V,PROG,FRML,SG,2,PRS	ж,ы,л,м,a,й,ы,п, ,ж,a,т,a,с,ы,з
ж,ы,л,м,a,й,у,у,$,V,PROG,PL,2,INFM,PST	ж,ы,л,м,a,й,ы,п, ,ж,a,т,к,a,н,с,ы,ң,a,р
ж,ы,л,м,a,й,у,у,$,V,SG,1,FUT	ж,ы,л,м,a,ᴙ,м,ы,н
ж,ы,л,м,a,й,у,у,$,V,COND,PL,2,INFM,FUT	ж,ы,л,м,a,й,a,p,с,ы,ң,a,p
ж,ы,л,м,a,й,у,у,$,V,PROG,SG,2,INFM,PST	ж,ы,л,м,a,й,ы,п, ,ж,a,т,к,a,н,с,ы,ң
ж,ы,л,м,a,й,у,у,$,V,HAB,PL,2,INFM,PST	ж,ы,л,м,a,й,ч,у,ң,a,p
ж,ы,л,м,a,й,у,у,$,V,PROG,PL,3,PRS	ж,ы,л,м,a,й,ы,п, ,ж,a,т,ы,ш,a,т
ж,ы,л,м,a,й,у,у,$,V,SG,3,FUT	ж,ы,л,м,a,ᴙ,т
ж,ы,л,м,a,й,у,у,$,V,PROG,PL,1,PRS	ж,ы,л,м,a,й,ы,п, ,ж,a,т,a,б,ы,з
ж,ы,л,м,a,й,у,у,$,V,PROG,SG,2,INFM,PRS	ж,ы,л,м,a,й,ы,п, ,ж,a,т,a,с,ы,ң
ж,ы,л,м,a,й,у,у,$,V,HAB,FRML,SG,2,PST	ж,ы,л,м,a,й,ч,у,с,у,з
ж,ы,л,м,a,й,у,у,$,V,HAB,SG,1,PST	ж,ы,л,м,a,й,ч,у,м,у,н
ж,ы,л,м,a,й,у,у,$,V,SG,1,PST	ж,ы,л,м,a,й,д,ы,м
ж,ы,л,м,a,й,у,у,$,V,FRML,SG,2,PRS	ж,ы,л,м,a,й,у,у,д,a,с,ы,з
ж,ы,л,м,a,й,у,у,$,V,PROG,PL,3,PST	ж,ы,л,м,a,й,ы,п, ,ж,a,т,ы,ш,к,a,н
ж,ы,л,м,a,й,у,у,$,V,PRF,SG,3,PST	ж,ы,л,м,a,й,г,a,н
ж,ы,л,м,a,й,у,у,$,V,COND,SG,1,FUT	ж,ы,л,м,a,й,a,p,м,ы,н
ж,ы,л,м,a,й,у,у,$,V,COND,PL,1,FUT	ж,ы,л,м,a,й,a,p,б,ы,з
ж,ы,л,м,a,й,у,у,$,V,PROG,FRML,SG,2,PST	ж,ы,л,м,a,й,ы,п, ,ж,a,т,к,a,н,с,ы,з
ж,ы,л,м,a,й,у,у,$,V,FRML,SG,2,FUT	ж,ы,л,м,a,ᴙ,с,ы,з
ж,ы,л,м,a,й,у,у,$,V,COND,SG,3,FUT	ж,ы,л,м,a,й,a,p
ж,ы,л,м,a,й,у,у,$,V,PRF,PL,2,INFM,PST	ж,ы,л,м,a,й,г,a,н,с,ы,ң,a,p
ж,ы,л,м,a,й,у,у,$,V,PROG,SG,1,PST	ж,ы,л,м,a,й,ы,п, ,ж,a,т,к,a,м,ы,н
ж,ы,л,м,a,й,у,у,$,V,PRF,SG,1,PST	ж,ы,л,м,a,й,г,a,н,м,ы,н
ж,ы,л,м,a,й,у,у,$,V,PL,2,INFM,PRS	ж,ы,л,м,a,й,у,у,д,a,с,ы,ң,a,р
ж,ы,л,м,a,й,у,у,$,V,HAB,PL,3,PST	ж,ы,л,м,a,й,ы,ш,ч,у
ж,ы,л,м,a,й,у,у,$,V,PL,1,PST	ж,ы,л,м,a,й,д,ы,к
ж,ы,л,м,a,й,у,у,$,V,COND,PL,3,FUT	ж,ы,л,м,a,й,ы,ш,a,p
ж,ы,л,м,a,й,у,у,$,V,PRF,SG,2,INFM,PST	ж,ы,л,м,a,й,г,a,н,с,ы,ң
ж,ы,л,м,a,й,у,у,$,V,FRML,COND,SG,2,FUT	ж,ы,л,м,a,й,a,p,с,ы,з
ж,ы,л,м,a,й,у,у,$,V,SG,2,INFM,FUT	ж,ы,л,м,a,ᴙ,с,ы,ң
ж,ы,л,м,a,й,у,у,$,V,PROG,PL,1,PST	ж,ы,л,м,a,й,ы,п, ,ж,a,т,к,a,н,б,ы,з
ж,ы,л,м,a,й,у,у,$,V,PL,3,FUT	ж,ы,л,м,a,й,ы,ш,a,т
ж,ы,л,м,a,й,у,у,$,V,SG,3,PST	ж,ы,л,м,a,й,д,ы
ж,ы,л,м,a,й,у,у,$,V,PROG,SG,3,PST	ж,ы,л,м,a,й,ы,п, ,ж,a,т,к,a,н
ж,ы,л,м,a,й,у,у,$,V,PROG,SG,3,PRS	ж,ы,л,м,a,й,ы,п, ,ж,a,т,a,т
ж,ы,л,м,a,й,у,у,$,V,PROG,SG,1,PRS	ж,ы,л,м,a,й,ы,п, ,ж,a,т,a,м,ы,н
ж,ы,л,м,a,й,у,у,$,V,PL,1,PRS	ж,ы,л,м,a,й,у,у,д,a,б,ы,з
ж,ы,л,м,a,й,у,у,$,V,PRF,PL,1,PST	ж,ы,л,м,a,й,г,a,н,б,ы,з
ж,ы,л,м,a,й,у,у,$,V,PL,3,PRS	ж,ы,л,м,a,й,у,у,д,a
ж,ы,л,м,a,й,у,у,$,V,PL,2,INFM,FUT	ж,ы,л,м,a,ᴙ,с,ы,ң,a,р
ж,ы,л,м,a,й,у,у,$,V,PRF,PL,3,PST	ж,ы,л,м,a,й,ы,ш,к,a,н