i,p,p,r,o,m,w,o,v,a,$,V,IPFV,FIN,PL,3,PST	j,i,p,p,r,o,m,w,o,v,u
i,p,p,r,o,m,w,o,v,a,$,V,IPFV,FIN,PL,2,PST	t,i,p,p,r,o,m,w,o,v,u
i,p,p,r,o,m,w,o,v,a,$,V,FIN,IMP,SG,2	i,p,p,r,o,m,w,o,v,i
i,p,p,r,o,m,w,o,v,a,$,V,PRF,FIN,SG,2,PST	i,p,p,r,o,m,w,o,v,e,j,t
i,p,p,r,o,m,w,o,v,a,$,V,IPFV,FIN,SG,1,PST	n,i,p,p,r,o,m,w,o,v,i
i,p,p,r,o,m,w,o,v,a,$,V,PRF,FIN,MASC,SG,3,PST	i,p,p,r,o,m,w,o,v,a
i,p,p,r,o,m,w,o,v,a,$,V,PRF,FIN,SG,1,PST	i,p,p,r,o,m,w,o,v,e,j,t
i,p,p,r,o,m,w,o,v,a,$,V,IPFV,FIN,FEM,SG,3,PST	t,i,p,p,r,o,m,w,o,v,i
i,p,p,r,o,m,w,o,v,a,$,V,PRF,FIN,FEM,SG,3,PST	i,p,p,r,o,m,w,o,v,i,e,t
i,p,p,r,o,m,w,o,v,a,$,V,IPFV,FIN,PL,1,PST	n,i,p,p,r,o,m,w,o,v,u
i,p,p,r,o,m,w,o,v,a,$,V,IPFV,FIN,SG,2,PST	t,i,p,p,r,o,m,w,o,v,i
i,p,p,r,o,m,w,o,v,a,$,V,IPFV,FIN,MASC,SG,3,PST	j,i,p,p,r,o,m,w,o,v,i
i,p,p,r,o,m,w,o,v,a,$,V,PRF,FIN,PL,1,PST	i,p,p,r,o,m,w,o,v,e,j,n,a
i,p,p,r,o,m,w,o,v,a,$,V,PRF,FIN,PL,3,PST	i,p,p,r,o,m,w,o,v,e,w
i,p,p,r,o,m,w,o,v,a,$,V,PRF,FIN,PL,2,PST	i,p,p,r,o,m,w,o,v,e,j,t,u
i,p,p,r,o,m,w,o,v,a,$,V,FIN,IMP,PL,1	i,p,p,r,o,m,w,o,v,u
k,i,b,e,r,$,V,IPFV,FIN,PL,2,PST	t,i,k,b,r,u
k,i,b,e,r,$,V,PRF,FIN,FEM,SG,3,PST	k,i,b,r,e,t
k,i,b,e,r,$,V,IPFV,FIN,PL,1,PST	n,i,k,b,r,u
k,i,b,e,r,$,V,IPFV,FIN,FEM,SG,3,PST	t,i,k,b,e,r
k,i,b,e,r,$,V,FIN,IMP,PL,1	i,k,b,r,u
k,i,b,e,r,$,V,PRF,FIN,PL,1,PST	k,b,i,r,n,a
k,i,b,e,r,$,V,PRF,FIN,PL,2,PST	k,b,i,r,t,u
k,i,b,e,r,$,V,FIN,IMP,SG,2	i,k,b,e,r
k,i,b,e,r,$,V,PRF,FIN,SG,2,PST	k,b,i,r,t
k,i,b,e,r,$,V,PRF,FIN,SG,1,PST	k,b,i,r,t
k,i,b,e,r,$,V,IPFV,FIN,PL,3,PST	j,i,k,b,r,u
k,i,b,e,r,$,V,IPFV,FIN,MASC,SG,3,PST	j,i,k,b,e,r
k,i,b,e,r,$,V,PRF,FIN,MASC,SG,3,PST	k,i,b,e,r
k,i,b,e,r,$,V,IPFV,FIN,SG,2,PST	t,i,k,b,e,r
k,i,b,e,r,$,V,IPFV,FIN,SG,1,PST	n,i,k,b,e,r
k,i,b,e,r,$,V,PRF,FIN,PL,3,PST	k,i,b,r,u
t,a,r,$,V,IPFV,FIN,SG,2,PST	i,t,t,i,r
t,a,r,$,V,PRF,FIN,FEM,SG,3,PST	t,a,r,e,t
t,a,r,$,V,PRF,FIN,PL,2,PST	t,i,r,t,u
t,a,r,$,V,IPFV,FIN,FEM,SG,3,PST	i,t,t,i,r
t,a,r,$,V,IPFV,FIN,PL,2,PST	i,t,t,i,r,u
t,a,r,$,V,FIN,IMP,SG,2	t,i,r
t,a,r,$,V,IPFV,FIN,PL,3,PST	i,t,i,r,u
t,a,r,$,V,IPFV,FIN,MASC,SG,3,PST	i,t,i,r
t,a,r,$,V,FIN,IMP,PL,1	t,i,r,u
t,a,r,$,V,IPFV,FIN,SG,1,PST	i,n,t,i,r
t,a,r,$,V,PRF,FIN,PL,1,PST	t,i,r,n,a
t,a,r,$,V,PRF,FIN,SG,2,PST	t,i,r,t
t,a,r,$,V,PRF,FIN,PL,3,PST	t,a,r,u
t,a,r,$,V,PRF,FIN,MASC,SG,3,PST	t,a,r
t,a,r,$,V,PRF,FIN,SG,1,PST	t,i,r,t
t,a,r,$,V,IPFV,FIN,PL,1,PST	i,n,t,i,r,u
r,e,b,a,ħ,$,V,PRF,FIN,PL,2,PST	r,b,a,ħ,t,u
r,e,b,a,ħ,$,V,PRF,FIN,MASC,SG,3,PST	r,e,b,a,ħ
r,e,b,a,ħ,$,V,IPFV,FIN,SG,1,PST	n,i,r,b,a,ħ
r,e,b,a,ħ,$,V,PRF,FIN,FEM,SG,3,PST	r,e,b,ħ,e,t
r,e,b,a,ħ,$,V,FIN,IMP,SG,2	i,r,b,a,ħ
r,e,b,a,ħ,$,V,PRF,FIN,SG,2,PST	r,b,a,ħ,t
r,e,b,a,ħ,$,V,FIN,IMP,PL,1	i,r,b,ħ,u
r,e,b,a,ħ,$,V,IPFV,FIN,PL,1,PST	n,i,r,b,ħ,u
r,e,b,a,ħ,$,V,IPFV,FIN,SG,2,PST	t,i,r,b,a,ħ
r,e,b,a,ħ,$,V,IPFV,FIN,MASC,SG,3,PST	j,i,r,b,a,ħ
r,e,b,a,ħ,$,V,IPFV,FIN,FEM,SG,3,PST	t,i,r,b,a,ħ
r,e,b,a,ħ,$,V,IPFV,FIN,PL,2,PST	t,i,r,b,ħ,u
r,e,b,a,ħ,$,V,PRF,FIN,SG,1,PST	r,b,a,ħ,t
r,e,b,a,ħ,$,V,IPFV,FIN,PL,3,PST	j,i,r,b,ħ,u
r,e,b,a,ħ,$,V,PRF,FIN,PL,1,PST	r,b,a,ħ,n,a
r,e,b,a,ħ,$,V,PRF,FIN,PL,3,PST	r,e,b,ħ,u
ħ,a,b,b,$,V,PRF,FIN,PL,1,PST	ħ,a,b,b,e,j,n,a
ħ,a,b,b,$,V,PRF,FIN,PL,3,PST	ħ,a,b,b,u
ħ,a,b,b,$,V,PRF,FIN,PL,2,PST	ħ,a,b,b,e,j,t,u
ħ,a,b,b,$,V,IPFV,FIN,PL,2,PST	t,ħ,o,b,b,u
ħ,a,b,b,$,V,IPFV,FIN,PL,3,PST	j,ħ,o,b,b,u
ħ,a,b,b,$,V,IPFV,FIN,MASC,SG,3,PST	j,ħ,o,b,b
ħ,a,b,b,$,V,IPFV,FIN,SG,2,PST	t,ħ,o,b,b
ħ,a,b,b,$,V,PRF,FIN,MASC,SG,3,PST	ħ,a,b,b
ħ,a,b,b,$,V,IPFV,FIN,FEM,SG,3,PST	t,ħ,o,b,b
ħ,a,b,b,$,V,IPFV,FIN,SG,1,PST	n,ħ,o,b,b
ħ,a,b,b,$,V,PRF,FIN,SG,2,PST	ħ,a,b,b,e,j,t
ħ,a,b,b,$,V,IPFV,FIN,PL,1,PST	n,ħ,o,b,b,u
ħ,a,b,b,$,V,FIN,IMP,PL,1	ħ,o,b,b,u
ħ,a,b,b,$,V,PRF,FIN,SG,1,PST	ħ,a,b,b,e,j,t
ħ,a,b,b,$,V,PRF,FIN,FEM,SG,3,PST	ħ,a,b,b,e,t
ħ,a,b,b,$,V,FIN,IMP,SG,2	ħ,o,b,b
ħ,o,n,o,q,$,V,IPFV,FIN,MASC,SG,3,PST	j,o,ħ,n,o,q
ħ,o,n,o,q,$,V,PRF,FIN,MASC,SG,3,PST	ħ,o,n,o,q
ħ,o,n,o,q,$,V,IPFV,FIN,SG,1,PST	n,o,ħ,n,o,q
ħ,o,n,o,q,$,V,PRF,FIN,PL,3,PST	ħ,o,n,q,u
ħ,o,n,o,q,$,V,IPFV,FIN,PL,2,PST	t,o,ħ,o,n,q,u
ħ,o,n,o,q,$,V,IPFV,FIN,FEM,SG,3,PST	t,o,ħ,n,o,q
ħ,o,n,o,q,$,V,PRF,FIN,SG,1,PST	ħ,n,o,q,t
ħ,o,n,o,q,$,V,IPFV,FIN,PL,3,PST	j,o,ħ,o,n,q,u
ħ,o,n,o,q,$,V,PRF,FIN,SG,2,PST	ħ,n,o,q,t
ħ,o,n,o,q,$,V,PRF,FIN,PL,1,PST	ħ,n,o,q,n,a
ħ,o,n,o,q,$,V,PRF,FIN,FEM,SG,3,PST	ħ,o,n,q,o,t
ħ,o,n,o,q,$,V,FIN,IMP,PL,1	o,ħ,o,n,q,u
ħ,o,n,o,q,$,V,FIN,IMP,SG,2	o,ħ,n,o,q
ħ,o,n,o,q,$,V,IPFV,FIN,PL,1,PST	n,o,ħ,o,n,q,u
ħ,o,n,o,q,$,V,PRF,FIN,PL,2,PST	ħ,n,o,q,t,u
ħ,o,n,o,q,$,V,IPFV,FIN,SG,2,PST	t,o,ħ,n,o,q
t,a,l,a,',$,V,IPFV,FIN,FEM,SG,3,PST	t,i,t,l,a,'
t,a,l,a,',$,V,PRF,FIN,PL,2,PST	t,l,a,j,t,u
t,a,l,a,',$,V,PRF,FIN,SG,2,PST	t,e,l,g,ħ,e,t
t,a,l,a,',$,V,PRF,FIN,SG,1,PST	t,l,a,j,t
t,a,l,a,',$,V,PRF,FIN,PL,3,PST	t,e,l,g,ħ,u
t,a,l,a,',$,V,IPFV,FIN,SG,1,PST	n,i,t,l,a,'
t,a,l,a,',$,V,FIN,IMP,PL,1	i,t,i,l,g,ħ,u
t,a,l,a,',$,V,FIN,IMP,SG,2	i,t,l,a,'
t,a,l,a,',$,V,IPFV,FIN,SG,2,PST	t,i,t,l,a,'
t,a,l,a,',$,V,PRF,FIN,MASC,SG,3,PST	t,a,l,a,'
t,a,l,a,',$,V,IPFV,FIN,MASC,SG,3,PST	j,i,t,l,a,'
t,a,l,a,',$,V,PRF,FIN,PL,1,PST	t,l,a,j,n,a
t,a,l,a,',$,V,IPFV,FIN,PL,3,PST	j,i,t,i,l,g,ħ,u
t,a,l,a,',$,V,IPFV,FIN,PL,1,PST	n,i,t,i,l,g,ħ,u
t,a,l,a,',$,V,IPFV,FIN,PL,2,PST	t,i,t,i,l,g,ħ,u
t,a,l,a,',$,V,PRF,FIN,FEM,SG,3,PST	t,e,l,g,ħ,e,t
f,e,t,a,ħ,$,V,IPFV,FIN,SG,2,PST	t,i,f,t,a,ħ
f,e,t,a,ħ,$,V,PRF,FIN,FEM,SG,3,PST	f,e,t,ħ,e,t
f,e,t,a,ħ,$,V,PRF,FIN,MASC,SG,3,PST	f,e,t,a,ħ
f,e,t,a,ħ,$,V,IPFV,FIN,FEM,SG,3,PST	t,i,f,t,a,ħ
f,e,t,a,ħ,$,V,IPFV,FIN,MASC,SG,3,PST	j,i,f,t,a,ħ
f,e,t,a,ħ,$,V,IPFV,FIN,PL,1,PST	n,i,f,t,ħ,u
f,e,t,a,ħ,$,V,PRF,FIN,SG,1,PST	f,t,a,ħ,t
f,e,t,a,ħ,$,V,PRF,FIN,SG,2,PST	f,t,a,ħ,t
f,e,t,a,ħ,$,V,FIN,IMP,PL,1	i,f,t,ħ,u
f,e,t,a,ħ,$,V,IPFV,FIN,PL,2,PST	t,i,f,t,ħ,u
f,e,t,a,ħ,$,V,PRF,FIN,PL,2,PST	f,t,a,ħ,t,u
f,e,t,a,ħ,$,V,IPFV,FIN,SG,1,PST	n,i,f,t,a,ħ
f,e,t,a,ħ,$,V,PRF,FIN,PL,1,PST	f,t,a,ħ,n,a
f,e,t,a,ħ,$,V,IPFV,FIN,PL,3,PST	j,i,f,t,ħ,u
f,e,t,a,ħ,$,V,PRF,FIN,PL,3,PST	f,e,t,ħ,u
f,e,t,a,ħ,$,V,FIN,IMP,SG,2	i,f,t,a,ħ
g,i,d,e,m,$,V,PRF,FIN,PL,1,PST	g,d,i,m,n,a
g,i,d,e,m,$,V,PRF,FIN,SG,2,PST	g,d,i,m,t
g,i,d,e,m,$,V,PRF,FIN,FEM,SG,3,PST	g,i,d,m,e,t
g,i,d,e,m,$,V,IPFV,FIN,MASC,SG,3,PST	j,i,g,d,e,m
g,i,d,e,m,$,V,FIN,IMP,SG,2	i,g,d,e,m
g,i,d,e,m,$,V,PRF,FIN,SG,1,PST	g,d,i,m,t
g,i,d,e,m,$,V,PRF,FIN,PL,2,PST	g,d,i,m,t,u
g,i,d,e,m,$,V,PRF,FIN,PL,3,PST	g,i,d,m,u
g,i,d,e,m,$,V,IPFV,FIN,PL,2,PST	t,i,g,d,m,u
g,i,d,e,m,$,V,IPFV,FIN,SG,2,PST	t,i,g,d,e,m
g,i,d,e,m,$,V,IPFV,FIN,SG,1,PST	n,i,g,d,e,m
g,i,d,e,m,$,V,IPFV,FIN,FEM,SG,3,PST	t,i,g,d,e,m
g,i,d,e,m,$,V,PRF,FIN,MASC,SG,3,PST	g,i,d,e,m
g,i,d,e,m,$,V,IPFV,FIN,PL,3,PST	j,i,g,d,m,u
g,i,d,e,m,$,V,FIN,IMP,PL,1	i,g,d,m,u
g,i,d,e,m,$,V,IPFV,FIN,PL,1,PST	n,i,g,d,m,u
b,e,d,a,$,V,FIN,IMP,PL,1	i,b,d,e,w
b,e,d,a,$,V,PRF,FIN,PL,2,PST	b,d,e,j,t,u
b,e,d,a,$,V,PRF,FIN,MASC,SG,3,PST	b,e,d,a
b,e,d,a,$,V,IPFV,FIN,MASC,SG,3,PST	j,i,b,d,a
b,e,d,a,$,V,IPFV,FIN,FEM,SG,3,PST	t,i,b,d,a
b,e,d,a,$,V,IPFV,FIN,SG,1,PST	n,i,b,d,a
b,e,d,a,$,V,IPFV,FIN,SG,2,PST	t,i,b,d,a
b,e,d,a,$,V,FIN,IMP,SG,2	i,b,d,a
b,e,d,a,$,V,PRF,FIN,FEM,SG,3,PST	b,d,i,e,t
b,e,d,a,$,V,PRF,FIN,SG,2,PST	b,d,e,j,t
b,e,d,a,$,V,IPFV,FIN,PL,1,PST	n,i,b,d,e,w
b,e,d,a,$,V,PRF,FIN,PL,3,PST	b,d,e,w
b,e,d,a,$,V,IPFV,FIN,PL,2,PST	t,i,b,d,e,w
b,e,d,a,$,V,PRF,FIN,PL,1,PST	b,d,e,j,n,a
b,e,d,a,$,V,IPFV,FIN,PL,3,PST	j,i,b,d,e,w
b,e,d,a,$,V,PRF,FIN,SG,1,PST	b,d,e,j,t
ħ,a,r,a,q,$,V,IPFV,FIN,SG,1,PST	n,a,ħ,r,a,q
ħ,a,r,a,q,$,V,PRF,FIN,PL,1,PST	ħ,r,a,q,n,a
ħ,a,r,a,q,$,V,PRF,FIN,SG,2,PST	ħ,r,a,q,t
ħ,a,r,a,q,$,V,IPFV,FIN,MASC,SG,3,PST	j,a,ħ,r,a,q
ħ,a,r,a,q,$,V,PRF,FIN,FEM,SG,3,PST	ħ,a,r,q,e,t
ħ,a,r,a,q,$,V,FIN,IMP,PL,1	a,ħ,r,q,u
ħ,a,r,a,q,$,V,IPFV,FIN,PL,3,PST	j,a,ħ,r,q,u
ħ,a,r,a,q,$,V,IPFV,FIN,PL,1,PST	n,a,ħ,r,q,u
ħ,a,r,a,q,$,V,PRF,FIN,MASC,SG,3,PST	ħ,a,r,a,q
ħ,a,r,a,q,$,V,PRF,FIN,SG,1,PST	ħ,r,a,q,t
ħ,a,r,a,q,$,V,IPFV,FIN,PL,2,PST	t,a,ħ,r,q,u
ħ,a,r,a,q,$,V,PRF,FIN,PL,3,PST	ħ,a,r,q,u
ħ,a,r,a,q,$,V,PRF,FIN,PL,2,PST	ħ,r,a,q,t,u
ħ,a,r,a,q,$,V,IPFV,FIN,SG,2,PST	t,a,ħ,r,a,q
ħ,a,r,a,q,$,V,IPFV,FIN,FEM,SG,3,PST	t,a,ħ,r,a,q
ħ,a,r,a,q,$,V,FIN,IMP,SG,2	a,ħ,r,a,q
b,a,q,a,',$,V,PRF,FIN,PL,3,PST	b,a,q,g,ħ,u
b,a,q,a,',$,V,PRF,FIN,FEM,SG,3,PST	b,a,q,g,ħ,e,t
b,a,q,a,',$,V,IPFV,FIN,FEM,SG,3,PST	t,i,b,q,a,'
b,a,q,a,',$,V,FIN,IMP,PL,1	i,b,q,g,ħ,u
b,a,q,a,',$,V,PRF,FIN,MASC,SG,3,PST	b,a,q,a,'
b,a,q,a,',$,V,PRF,FIN,SG,1,PST	b,q,a,j,t
b,a,q,a,',$,V,IPFV,FIN,SG,2,PST	t,i,b,q,a,'
b,a,q,a,',$,V,PRF,FIN,PL,2,PST	b,q,a,j,t,u
b,a,q,a,',$,V,IPFV,FIN,PL,2,PST	t,i,b,q,g,ħ,u
b,a,q,a,',$,V,IPFV,FIN,MASC,SG,3,PST	j,i,b,q,a,'
b,a,q,a,',$,V,IPFV,FIN,SG,1,PST	n,i,b,q,a,'
b,a,q,a,',$,V,PRF,FIN,SG,2,PST	b,a,q,g,ħ,e,t
b,a,q,a,',$,V,IPFV,FIN,PL,3,PST	j,i,b,q,g,ħ,u
b,a,q,a,',$,V,PRF,FIN,PL,1,PST	b,q,a,j,n,a
b,a,q,a,',$,V,IPFV,FIN,PL,1,PST	n,i,b,q,g,ħ,u
b,a,q,a,',$,V,FIN,IMP,SG,2	i,b,q,a,'
t,k,e,l,l,e,m,$,V,PRF,FIN,PL,1,PST	t,k,e,l,l,i,m,n,a
t,k,e,l,l,e,m,$,V,PRF,FIN,FEM,SG,3,PST	t,k,e,l,l,m,e,t
t,k,e,l,l,e,m,$,V,IPFV,FIN,MASC,SG,3,PST	j,i,t,k,e,l,l,e,m
t,k,e,l,l,e,m,$,V,IPFV,FIN,SG,2,PST	t,i,t,k,e,l,l,e,m
t,k,e,l,l,e,m,$,V,PRF,FIN,PL,2,PST	t,k,e,l,l,i,m,t,u
t,k,e,l,l,e,m,$,V,IPFV,FIN,PL,2,PST	t,i,t,k,e,l,l,m,u
t,k,e,l,l,e,m,$,V,IPFV,FIN,PL,3,PST	j,i,t,k,e,l,l,m,u
t,k,e,l,l,e,m,$,V,IPFV,FIN,PL,1,PST	n,i,t,k,e,l,l,m,u
t,k,e,l,l,e,m,$,V,IPFV,FIN,SG,1,PST	n,i,t,k,e,l,l,e,m
t,k,e,l,l,e,m,$,V,PRF,FIN,PL,3,PST	t,k,e,l,l,m,u
t,k,e,l,l,e,m,$,V,PRF,FIN,MASC,SG,3,PST	t,k,e,l,l,e,m
t,k,e,l,l,e,m,$,V,PRF,FIN,SG,1,PST	t,k,e,l,l,i,m,t
t,k,e,l,l,e,m,$,V,FIN,IMP,SG,2	t,k,e,l,l,e,m
t,k,e,l,l,e,m,$,V,IPFV,FIN,FEM,SG,3,PST	t,i,t,k,e,l,l,e,m
t,k,e,l,l,e,m,$,V,PRF,FIN,SG,2,PST	t,k,e,l,l,i,m,t
t,k,e,l,l,e,m,$,V,FIN,IMP,PL,1	t,k,e,l,l,m,u
j,i,s,e,m,$,V,NFIN	j,i,s,e,m
j,i,s,e,m,$,V,FIN,MASC+FEM,SG,2	j,i,s,m,e,k
j,i,s,e,m,$,V,FIN,MASC+FEM,PL,3	j,i,s,i,m,h,o,m
j,i,s,e,m,$,V,FIN,FEM,SG,3	j,i,s,i,m,h,a
j,i,s,e,m,$,V,FIN,MASC+FEM,PL,1	j,i,s,i,m,n,a
j,i,s,e,m,$,V,FIN,MASC+FEM,SG,1	j,i,s,i,m,n,i
j,i,s,e,m,$,V,FIN,MASC,SG,3	j,i,s,m,u
j,i,s,e,m,$,V,FIN,MASC+FEM,PL,2	j,i,s,i,m,k,o,m
b,e,l,a,',$,V,FIN,IMP,PL,1	i,b,i,l,g,ħ,u
b,e,l,a,',$,V,FIN,IMP,SG,2	i,b,l,a,'
b,e,l,a,',$,V,IPFV,FIN,FEM,SG,3,PST	t,i,b,l,a,'
b,e,l,a,',$,V,PRF,FIN,PL,3,PST	b,e,l,g,ħ,u
b,e,l,a,',$,V,PRF,FIN,SG,2,PST	b,l,a,j,t
b,e,l,a,',$,V,IPFV,FIN,MASC,SG,3,PST	j,i,b,l,a,'
b,e,l,a,',$,V,IPFV,FIN,PL,1,PST	n,i,b,i,l,g,ħ,u
b,e,l,a,',$,V,PRF,FIN,MASC,SG,3,PST	b,e,l,a,'
b,e,l,a,',$,V,IPFV,FIN,PL,2,PST	t,i,b,i,l,g,ħ,u
b,e,l,a,',$,V,IPFV,FIN,PL,3,PST	j,i,b,i,l,g,ħ,u
b,e,l,a,',$,V,IPFV,FIN,SG,1,PST	n,i,b,l,a,'
b,e,l,a,',$,V,PRF,FIN,SG,1,PST	b,l,a,j,t
b,e,l,a,',$,V,PRF,FIN,PL,2,PST	b,l,a,j,t,u
b,e,l,a,',$,V,PRF,FIN,FEM,SG,3,PST	b,e,l,g,ħ,e,t
b,e,l,a,',$,V,IPFV,FIN,SG,2,PST	t,i,b,l,a,'
b,e,l,a,',$,V,PRF,FIN,PL,1,PST	b,l,a,j,n,a
b,i,d,e,l,$,V,FIN,IMP,SG,2	i,b,d,e,l
b,i,d,e,l,$,V,IPFV,FIN,MASC,SG,3,PST	j,i,b,d,e,l
b,i,d,e,l,$,V,IPFV,FIN,PL,1,PST	n,i,b,d,l,u
b,i,d,e,l,$,V,IPFV,FIN,SG,2,PST	t,i,b,d,e,l
b,i,d,e,l,$,V,FIN,IMP,PL,1	i,b,d,l,u
b,i,d,e,l,$,V,IPFV,FIN,FEM,SG,3,PST	t,i,b,d,e,l
b,i,d,e,l,$,V,PRF,FIN,SG,2,PST	b,d,i,l,t
b,i,d,e,l,$,V,IPFV,FIN,PL,3,PST	j,i,b,d,l,u
b,i,d,e,l,$,V,PRF,FIN,PL,2,PST	b,d,i,l,t,u
b,i,d,e,l,$,V,PRF,FIN,MASC,SG,3,PST	b,i,d,e,l
b,i,d,e,l,$,V,PRF,FIN,PL,1,PST	b,d,i,l,n,a
b,i,d,e,l,$,V,IPFV,FIN,SG,1,PST	n,i,b,d,e,l
b,i,d,e,l,$,V,PRF,FIN,FEM,SG,3,PST	b,i,d,l,e,t
b,i,d,e,l,$,V,PRF,FIN,SG,1,PST	b,d,i,l,t
b,i,d,e,l,$,V,PRF,FIN,PL,3,PST	b,i,d,l,u
b,i,d,e,l,$,V,IPFV,FIN,PL,2,PST	t,i,b,d,l,u
g,ħ,a,m,e,l,$,V,PRF,FIN,PL,1,PST	g,ħ,a,m,i,l,n,a
g,ħ,a,m,e,l,$,V,PRF,FIN,SG,2,PST	g,ħ,a,m,i,l,t
g,ħ,a,m,e,l,$,V,IPFV,FIN,PL,3,PST	j,a,g,ħ,m,l,u
g,ħ,a,m,e,l,$,V,IPFV,FIN,SG,1,PST	n,a,g,ħ,m,e,l
g,ħ,a,m,e,l,$,V,FIN,IMP,SG,2	a,g,ħ,m,e,l
g,ħ,a,m,e,l,$,V,PRF,FIN,MASC,SG,3,PST	g,ħ,a,m,e,l
g,ħ,a,m,e,l,$,V,PRF,FIN,FEM,SG,3,PST	g,ħ,a,m,l,e,t
g,ħ,a,m,e,l,$,V,PRF,FIN,SG,1,PST	g,ħ,a,m,i,l,t
g,ħ,a,m,e,l,$,V,IPFV,FIN,PL,2,PST	t,a,g,ħ,m,l,u
g,ħ,a,m,e,l,$,V,FIN,IMP,PL,1	a,g,ħ,m,l,u
g,ħ,a,m,e,l,$,V,PRF,FIN,PL,3,PST	g,ħ,a,m,l,u
g,ħ,a,m,e,l,$,V,IPFV,FIN,SG,2,PST	t,a,g,ħ,m,e,l
g,ħ,a,m,e,l,$,V,PRF,FIN,PL,2,PST	g,ħ,a,m,i,l,t,u
g,ħ,a,m,e,l,$,V,IPFV,FIN,FEM,SG,3,PST	t,a,g,ħ,m,e,l
g,ħ,a,m,e,l,$,V,IPFV,FIN,MASC,SG,3,PST	j,a,g,ħ,m,e,l
g,ħ,a,m,e,l,$,V,IPFV,FIN,PL,1,PST	n,a,g,ħ,m,l,u
a,ġ,ġ,a,s,t,j,a,$,V,PRF,FIN,SG,2,PST	a,ġ,ġ,a,s,t,j,a,j,t
a,ġ,ġ,a,s,t,j,a,$,V,PRF,FIN,SG,1,PST	a,ġ,ġ,a,s,t,j,a,j,t
a,ġ,ġ,a,s,t,j,a,$,V,FIN,IMP,SG,2	a,ġ,ġ,a,s,t,j,a
a,ġ,ġ,a,s,t,j,a,$,V,IPFV,FIN,PL,1,PST	n,a,ġ,ġ,a,s,t,j,a,w
a,ġ,ġ,a,s,t,j,a,$,V,IPFV,FIN,SG,2,PST	t,a,ġ,ġ,a,s,t,j,a
a,ġ,ġ,a,s,t,j,a,$,V,PRF,FIN,MASC,SG,3,PST	a,ġ,ġ,a,s,t,j,a
a,ġ,ġ,a,s,t,j,a,$,V,PRF,FIN,FEM,SG,3,PST	a,ġ,ġ,a,s,t,j,a,t
a,ġ,ġ,a,s,t,j,a,$,V,PRF,FIN,PL,2,PST	a,ġ,ġ,a,s,t,j,a,j,t,u
a,ġ,ġ,a,s,t,j,a,$,V,IPFV,FIN,SG,1,PST	n,a,ġ,ġ,a,s,t,j,a
a,ġ,ġ,a,s,t,j,a,$,V,IPFV,FIN,PL,3,PST	j,a,ġ,ġ,a,s,t,j,a,w
a,ġ,ġ,a,s,t,j,a,$,V,IPFV,FIN,FEM,SG,3,PST	t,a,ġ,ġ,a,s,t,j,a
a,ġ,ġ,a,s,t,j,a,$,V,PRF,FIN,PL,3,PST	a,ġ,ġ,a,s,t,j,a,w
a,ġ,ġ,a,s,t,j,a,$,V,PRF,FIN,PL,1,PST	a,ġ,ġ,a,s,t,j,a,j,n,a
a,ġ,ġ,a,s,t,j,a,$,V,FIN,IMP,PL,1	a,ġ,ġ,a,s,t,j,a,w
a,ġ,ġ,a,s,t,j,a,$,V,IPFV,FIN,PL,2,PST	t,a,ġ,ġ,a,s,t,j,a,w
a,ġ,ġ,a,s,t,j,a,$,V,IPFV,FIN,MASC,SG,3,PST	j,a,ġ,ġ,a,s,t,j,a
ż,i,f,e,n,$,V,PRF,FIN,PL,1,PST	ż,f,i,n,n,a
ż,i,f,e,n,$,V,PRF,FIN,PL,3,PST	ż,i,f,n,u
ż,i,f,e,n,$,V,PRF,FIN,SG,1,PST	ż,f,i,n,t
ż,i,f,e,n,$,V,IPFV,FIN,SG,2,PST	t,i,ż,f,e,n
ż,i,f,e,n,$,V,FIN,IMP,SG,2	i,ż,f,e,n
ż,i,f,e,n,$,V,IPFV,FIN,PL,3,PST	j,i,ż,f,n,u
ż,i,f,e,n,$,V,PRF,FIN,MASC,SG,3,PST	ż,i,f,e,n
ż,i,f,e,n,$,V,PRF,FIN,SG,2,PST	ż,f,i,n,t
ż,i,f,e,n,$,V,IPFV,FIN,MASC,SG,3,PST	j,i,ż,f,e,n
ż,i,f,e,n,$,V,PRF,FIN,PL,2,PST	ż,f,i,n,t,u
ż,i,f,e,n,$,V,PRF,FIN,FEM,SG,3,PST	ż,i,f,n,e,t
ż,i,f,e,n,$,V,IPFV,FIN,PL,1,PST	n,i,ż,f,n,u
ż,i,f,e,n,$,V,IPFV,FIN,FEM,SG,3,PST	t,i,ż,f,e,n
ż,i,f,e,n,$,V,FIN,IMP,PL,1	i,ż,f,n,u
ż,i,f,e,n,$,V,IPFV,FIN,SG,1,PST	n,i,ż,f,e,n
ż,i,f,e,n,$,V,IPFV,FIN,PL,2,PST	t,i,ż,f,n,u
b,e,n,a,$,V,IPFV,FIN,MASC,SG,3,PST	j,i,b,n,i
b,e,n,a,$,V,PRF,FIN,MASC,SG,3,PST	b,e,n,a
b,e,n,a,$,V,IPFV,FIN,FEM,SG,3,PST	t,i,b,n,i
b,e,n,a,$,V,PRF,FIN,SG,2,PST	b,n,e,j,t
b,e,n,a,$,V,IPFV,FIN,PL,1,PST	n,i,b,n,u
b,e,n,a,$,V,FIN,IMP,SG,2	i,b,n,i
b,e,n,a,$,V,PRF,FIN,PL,3,PST	b,n,e,w
b,e,n,a,$,V,FIN,IMP,PL,1	i,b,n,u
b,e,n,a,$,V,PRF,FIN,SG,1,PST	b,n,e,j,t
b,e,n,a,$,V,IPFV,FIN,SG,2,PST	t,i,b,n,i
b,e,n,a,$,V,PRF,FIN,PL,2,PST	b,n,e,j,t,u
b,e,n,a,$,V,IPFV,FIN,SG,1,PST	n,i,b,n,i
b,e,n,a,$,V,PRF,FIN,PL,1,PST	b,n,e,j,n,a
b,e,n,a,$,V,IPFV,FIN,PL,3,PST	j,i,b,n,u
b,e,n,a,$,V,PRF,FIN,FEM,SG,3,PST	b,n,i,e,t
b,e,n,a,$,V,IPFV,FIN,PL,2,PST	t,i,b,n,u
s,i,k,e,r,$,V,IPFV,FIN,MASC,SG,3,PST	j,i,s,k,e,r
s,i,k,e,r,$,V,FIN,IMP,PL,1	i,s,k,r,u
s,i,k,e,r,$,V,IPFV,FIN,PL,1,PST	n,i,s,k,r,u
s,i,k,e,r,$,V,IPFV,FIN,SG,1,PST	n,i,s,k,e,r
s,i,k,e,r,$,V,IPFV,FIN,SG,2,PST	t,i,s,k,e,r
s,i,k,e,r,$,V,PRF,FIN,SG,2,PST	s,k,i,r,t
s,i,k,e,r,$,V,IPFV,FIN,PL,2,PST	t,i,s,k,r,u
s,i,k,e,r,$,V,PRF,FIN,PL,3,PST	s,i,k,r,u
s,i,k,e,r,$,V,PRF,FIN,MASC,SG,3,PST	s,i,k,e,r
s,i,k,e,r,$,V,PRF,FIN,PL,2,PST	s,k,i,r,t,u
s,i,k,e,r,$,V,FIN,IMP,SG,2	i,s,k,e,r
s,i,k,e,r,$,V,PRF,FIN,SG,1,PST	s,k,i,r,t
s,i,k,e,r,$,V,IPFV,FIN,PL,3,PST	j,i,s,k,r,u
s,i,k,e,r,$,V,IPFV,FIN,FEM,SG,3,PST	t,i,s,k,e,r
s,i,k,e,r,$,V,PRF,FIN,PL,1,PST	s,k,i,r,n,a
s,i,k,e,r,$,V,PRF,FIN,FEM,SG,3,PST	s,i,k,r,e,t
t,e,l,a,q,$,V,PRF,FIN,SG,1,PST	t,l,a,q,t
t,e,l,a,q,$,V,PRF,FIN,PL,2,PST	t,l,a,q,t,u
t,e,l,a,q,$,V,PRF,FIN,PL,3,PST	t,e,l,q,u
t,e,l,a,q,$,V,IPFV,FIN,PL,2,PST	t,i,t,i,l,q,u
t,e,l,a,q,$,V,IPFV,FIN,SG,2,PST	t,i,t,l,a,q
t,e,l,a,q,$,V,FIN,IMP,SG,2	i,t,l,a,q
t,e,l,a,q,$,V,IPFV,FIN,FEM,SG,3,PST	t,i,t,l,a,q
t,e,l,a,q,$,V,IPFV,FIN,SG,1,PST	n,i,t,l,a,q
t,e,l,a,q,$,V,PRF,FIN,SG,2,PST	t,l,a,q,t
t,e,l,a,q,$,V,IPFV,FIN,PL,3,PST	j,i,t,i,l,q,u
t,e,l,a,q,$,V,PRF,FIN,PL,1,PST	t,l,a,q,n,a
t,e,l,a,q,$,V,PRF,FIN,MASC,SG,3,PST	t,e,l,a,q
t,e,l,a,q,$,V,IPFV,FIN,MASC,SG,3,PST	j,i,t,l,a,q
t,e,l,a,q,$,V,IPFV,FIN,PL,1,PST	n,i,t,i,l,q,u
t,e,l,a,q,$,V,FIN,IMP,PL,1	i,t,i,l,q,u
t,e,l,a,q,$,V,PRF,FIN,FEM,SG,3,PST	t,e,l,q,e,t
b,a,g,ħ,a,d,$,V,PRF,FIN,PL,1,PST	b,g,ħ,a,d,n,a
b,a,g,ħ,a,d,$,V,PRF,FIN,PL,3,PST	b,a,g,ħ,d,u
b,a,g,ħ,a,d,$,V,PRF,FIN,SG,1,PST	b,g,ħ,a,d,t
b,a,g,ħ,a,d,$,V,FIN,IMP,PL,1	o,b,o,g,ħ,d,u
b,a,g,ħ,a,d,$,V,IPFV,FIN,SG,1,PST	n,o,b,g,ħ,o,d
b,a,g,ħ,a,d,$,V,IPFV,FIN,PL,1,PST	n,o,b,o,g,ħ,d,u
b,a,g,ħ,a,d,$,V,IPFV,FIN,PL,3,PST	j,o,b,o,g,ħ,d,u
b,a,g,ħ,a,d,$,V,IPFV,FIN,PL,2,PST	t,o,b,o,g,ħ,d,u
b,a,g,ħ,a,d,$,V,PRF,FIN,FEM,SG,3,PST	b,a,g,ħ,d,e,t
b,a,g,ħ,a,d,$,V,PRF,FIN,MASC,SG,3,PST	b,a,g,ħ,a,d
b,a,g,ħ,a,d,$,V,PRF,FIN,SG,2,PST	b,g,ħ,a,d,t
b,a,g,ħ,a,d,$,V,PRF,FIN,PL,2,PST	b,g,ħ,a,d,t,u
b,a,g,ħ,a,d,$,V,FIN,IMP,SG,2	o,b,g,ħ,o,d
b,a,g,ħ,a,d,$,V,IPFV,FIN,MASC,SG,3,PST	j,o,b,g,ħ,o,d
b,a,g,ħ,a,d,$,V,IPFV,FIN,SG,2,PST	t,o,b,g,ħ,o,d
b,a,g,ħ,a,d,$,V,IPFV,FIN,FEM,SG,3,PST	t,o,b,g,ħ,o,d
j,a,f,$,V,PRF,FIN,PL,3,PST	k,i,e,n,u, ,j,a,f,u
j,a,f,$,V,PRF,FIN,PL,2,PST	k,u,n,t,u, ,t,a,f,u
j,a,f,$,V,PRF,FIN,MASC,SG,3,PST	k,i,e,n, ,j,a,f
j,a,f,$,V,IPFV,FIN,FEM,SG,3,PST	t,a,f
j,a,f,$,V,IPFV,FIN,PL,1,PST	n,a,f,u
j,a,f,$,V,PRF,FIN,FEM,SG,3,PST	k,i,e,n,e,t, ,t,a,f
j,a,f,$,V,PRF,FIN,SG,2,PST	k,u,n,t, ,t,a,f
j,a,f,$,V,IPFV,FIN,MASC,SG,3,PST	j,a,f
j,a,f,$,V,PRF,FIN,SG,1,PST	k,u,n,t, ,n,a,f
j,a,f,$,V,PRF,FIN,PL,1,PST	k,u,n,n,a, ,n,a,f,u
j,a,f,$,V,FIN,IMP,PL,1	k,u,n,u, ,a,f,u
j,a,f,$,V,IPFV,FIN,PL,2,PST	t,a,f,u
j,a,f,$,V,IPFV,FIN,SG,1,PST	n,a,f
j,a,f,$,V,IPFV,FIN,SG,2,PST	t,a,f
j,a,f,$,V,FIN,IMP,SG,2	k,u,n, ,a,f
j,a,f,$,V,IPFV,FIN,PL,3,PST	j,a,f,u
m,i,e,t,$,V,PRF,FIN,MASC,SG,3,PST	m,i,e,t
m,i,e,t,$,V,IPFV,FIN,PL,1,PST	m,m,u,t,u
m,i,e,t,$,V,FIN,IMP,PL,1	m,u,t
m,i,e,t,$,V,PRF,FIN,SG,2,PST	m,i,t,t
m,i,e,t,$,V,IPFV,FIN,FEM,SG,3,PST	t,m,u,t
m,i,e,t,$,V,IPFV,FIN,MASC,SG,3,PST	j,m,u,t
m,i,e,t,$,V,PRF,FIN,PL,1,PST	m,i,t,n,a
m,i,e,t,$,V,IPFV,FIN,PL,2,PST	t,m,u,t,u
m,i,e,t,$,V,FIN,IMP,SG,2	m,u,t
m,i,e,t,$,V,PRF,FIN,FEM,SG,3,PST	m,i,e,t,e,t
m,i,e,t,$,V,PRF,FIN,PL,2,PST	m,i,t,t,u
m,i,e,t,$,V,PRF,FIN,SG,1,PST	m,i,t,t
m,i,e,t,$,V,IPFV,FIN,SG,2,PST	t,m,u,t
m,i,e,t,$,V,IPFV,FIN,SG,1,PST	m,m,u,t
m,i,e,t,$,V,IPFV,FIN,PL,3,PST	j,m,u,t,u
m,i,e,t,$,V,PRF,FIN,PL,3,PST	m,i,e,t,u
r,a,b,a,t,$,V,IPFV,FIN,PL,3,PST	j,o,r,o,b,t,u
r,a,b,a,t,$,V,PRF,FIN,MASC,SG,3,PST	r,a,b,a,t
r,a,b,a,t,$,V,IPFV,FIN,PL,1,PST	n,o,r,o,b,t,u
r,a,b,a,t,$,V,IPFV,FIN,MASC,SG,3,PST	j,o,r,b,o,t
r,a,b,a,t,$,V,PRF,FIN,PL,1,PST	r,b,a,t,n,a
r,a,b,a,t,$,V,PRF,FIN,PL,3,PST	r,a,b,t,u
r,a,b,a,t,$,V,PRF,FIN,SG,2,PST	r,b,a,t,t
r,a,b,a,t,$,V,IPFV,FIN,PL,2,PST	t,o,r,o,b,t,u
r,a,b,a,t,$,V,PRF,FIN,SG,1,PST	r,b,a,t,t
r,a,b,a,t,$,V,PRF,FIN,PL,2,PST	r,b,a,t,t,u
r,a,b,a,t,$,V,PRF,FIN,FEM,SG,3,PST	r,a,b,t,e,t
r,a,b,a,t,$,V,IPFV,FIN,SG,2,PST	t,o,r,b,o,t
r,a,b,a,t,$,V,IPFV,FIN,FEM,SG,3,PST	t,o,r,b,o,t
r,a,b,a,t,$,V,FIN,IMP,PL,1	o,r,o,b,t,u
r,a,b,a,t,$,V,IPFV,FIN,SG,1,PST	n,o,r,b,o,t
r,a,b,a,t,$,V,FIN,IMP,SG,2	o,r,b,o,t
q,a,r,a,$,V,PRF,FIN,MASC,SG,3,PST	q,a,r,a
q,a,r,a,$,V,FIN,IMP,SG,2	i,q,r,a
q,a,r,a,$,V,IPFV,FIN,PL,1,PST	n,i,q,r,a,w
q,a,r,a,$,V,PRF,FIN,PL,2,PST	q,r,a,j,t,u
q,a,r,a,$,V,PRF,FIN,FEM,SG,3,PST	q,r,a,t
q,a,r,a,$,V,IPFV,FIN,FEM,SG,3,PST	t,i,q,r,a
q,a,r,a,$,V,IPFV,FIN,SG,2,PST	t,i,q,r,a
q,a,r,a,$,V,PRF,FIN,PL,3,PST	q,r,a,w
q,a,r,a,$,V,IPFV,FIN,SG,1,PST	n,i,q,r,a
q,a,r,a,$,V,PRF,FIN,SG,2,PST	q,r,a,j,t
q,a,r,a,$,V,IPFV,FIN,MASC,SG,3,PST	j,i,q,r,a
q,a,r,a,$,V,IPFV,FIN,PL,3,PST	j,i,q,r,a,w
q,a,r,a,$,V,IPFV,FIN,PL,2,PST	t,i,q,r,a,w
q,a,r,a,$,V,FIN,IMP,PL,1	i,q,r,a,w
q,a,r,a,$,V,PRF,FIN,PL,1,PST	q,r,a,j,n,a
q,a,r,a,$,V,PRF,FIN,SG,1,PST	q,r,a,j,t
k,i,t,e,b,$,V,IPFV,FIN,SG,2,PST	t,i,k,t,e,b
k,i,t,e,b,$,V,PRF,FIN,FEM,SG,3,PST	k,i,t,b,e,t
k,i,t,e,b,$,V,IPFV,FIN,PL,3,PST	j,i,k,t,b,u
k,i,t,e,b,$,V,IPFV,FIN,MASC,SG,3,PST	j,i,k,t,e,b
k,i,t,e,b,$,V,PRF,FIN,SG,2,PST	k,t,i,b,t
k,i,t,e,b,$,V,PRF,FIN,PL,3,PST	k,i,t,b,u
k,i,t,e,b,$,V,FIN,IMP,SG,2	i,k,t,e,b
k,i,t,e,b,$,V,IPFV,FIN,SG,1,PST	n,i,k,t,e,b
k,i,t,e,b,$,V,FIN,IMP,PL,1	i,k,t,b,u
k,i,t,e,b,$,V,PRF,FIN,MASC,SG,3,PST	k,i,t,e,b
k,i,t,e,b,$,V,PRF,FIN,SG,1,PST	k,t,i,b,t
k,i,t,e,b,$,V,IPFV,FIN,PL,1,PST	n,i,k,t,b,u
k,i,t,e,b,$,V,PRF,FIN,PL,1,PST	k,t,i,b,n,a
k,i,t,e,b,$,V,IPFV,FIN,PL,2,PST	t,i,k,t,b,u
k,i,t,e,b,$,V,PRF,FIN,PL,2,PST	k,t,i,b,t,u
k,i,t,e,b,$,V,IPFV,FIN,FEM,SG,3,PST	t,i,k,t,e,b
k,i,s,e,r,$,V,FIN,IMP,SG,2	i,k,s,e,r
k,i,s,e,r,$,V,PRF,FIN,PL,1,PST	k,s,i,r,n,a
k,i,s,e,r,$,V,IPFV,FIN,SG,1,PST	n,i,k,s,e,r
k,i,s,e,r,$,V,IPFV,FIN,FEM,SG,3,PST	t,i,k,s,e,r
k,i,s,e,r,$,V,IPFV,FIN,SG,2,PST	t,i,k,s,e,r
k,i,s,e,r,$,V,IPFV,FIN,PL,2,PST	t,i,k,s,r,u
k,i,s,e,r,$,V,PRF,FIN,MASC,SG,3,PST	k,i,s,e,r
k,i,s,e,r,$,V,PRF,FIN,SG,2,PST	k,s,i,r,t
k,i,s,e,r,$,V,FIN,IMP,PL,1	i,k,s,r,u
k,i,s,e,r,$,V,IPFV,FIN,PL,3,PST	j,i,k,s,r,u
k,i,s,e,r,$,V,PRF,FIN,FEM,SG,3,PST	k,i,s,r,e,t
k,i,s,e,r,$,V,IPFV,FIN,PL,1,PST	n,i,k,s,r,u
k,i,s,e,r,$,V,PRF,FIN,PL,3,PST	k,i,s,r,u
k,i,s,e,r,$,V,PRF,FIN,SG,1,PST	k,s,i,r,t
k,i,s,e,r,$,V,IPFV,FIN,MASC,SG,3,PST	j,i,k,s,e,r
k,i,s,e,r,$,V,PRF,FIN,PL,2,PST	k,s,i,r,t,u
q,a,s,a,m,$,V,IPFV,FIN,PL,3,PST	j,a,q,s,m,u
q,a,s,a,m,$,V,IPFV,FIN,PL,2,PST	t,a,q,s,m,u
q,a,s,a,m,$,V,FIN,IMP,SG,2	a,q,s,a,m
q,a,s,a,m,$,V,IPFV,FIN,MASC,SG,3,PST	j,a,q,s,a,m
q,a,s,a,m,$,V,PRF,FIN,SG,2,PST	q,s,a,m,t
q,a,s,a,m,$,V,FIN,IMP,PL,1	a,q,s,m,u
q,a,s,a,m,$,V,IPFV,FIN,SG,2,PST	t,a,q,s,a,m
q,a,s,a,m,$,V,PRF,FIN,MASC,SG,3,PST	q,a,s,a,m
q,a,s,a,m,$,V,IPFV,FIN,PL,1,PST	n,a,q,s,m,u
q,a,s,a,m,$,V,PRF,FIN,PL,1,PST	q,s,a,m,n,a
q,a,s,a,m,$,V,PRF,FIN,PL,3,PST	q,a,s,m,u
q,a,s,a,m,$,V,IPFV,FIN,FEM,SG,3,PST	t,a,q,s,a,m
q,a,s,a,m,$,V,PRF,FIN,PL,2,PST	q,s,a,m,t,u
q,a,s,a,m,$,V,PRF,FIN,SG,1,PST	q,s,a,m,t
q,a,s,a,m,$,V,PRF,FIN,FEM,SG,3,PST	q,a,s,m,e,t
q,a,s,a,m,$,V,IPFV,FIN,SG,1,PST	n,a,q,s,a,m
ħ,a,t,a,f,$,V,PRF,FIN,SG,1,PST	ħ,t,a,f,t
ħ,a,t,a,f,$,V,IPFV,FIN,MASC,SG,3,PST	j,a,ħ,t,a,f
ħ,a,t,a,f,$,V,IPFV,FIN,PL,3,PST	j,a,ħ,t,f,u
ħ,a,t,a,f,$,V,PRF,FIN,PL,2,PST	ħ,t,a,f,t,u
ħ,a,t,a,f,$,V,PRF,FIN,FEM,SG,3,PST	ħ,a,t,f,e,t
ħ,a,t,a,f,$,V,PRF,FIN,PL,1,PST	ħ,t,a,f,n,a
ħ,a,t,a,f,$,V,IPFV,FIN,SG,1,PST	n,a,ħ,t,a,f
ħ,a,t,a,f,$,V,IPFV,FIN,SG,2,PST	t,a,ħ,t,a,f
ħ,a,t,a,f,$,V,PRF,FIN,PL,3,PST	ħ,a,t,f,u
ħ,a,t,a,f,$,V,IPFV,FIN,FEM,SG,3,PST	t,a,ħ,t,a,f
ħ,a,t,a,f,$,V,IPFV,FIN,PL,1,PST	n,a,ħ,t,f,u
ħ,a,t,a,f,$,V,FIN,IMP,PL,1	a,ħ,t,f,u
ħ,a,t,a,f,$,V,PRF,FIN,MASC,SG,3,PST	ħ,a,t,a,f
ħ,a,t,a,f,$,V,IPFV,FIN,PL,2,PST	t,a,ħ,t,f,u
ħ,a,t,a,f,$,V,FIN,IMP,SG,2	a,ħ,t,a,f
ħ,a,t,a,f,$,V,PRF,FIN,SG,2,PST	ħ,t,a,f,t
i,d,d,e,s,k,r,i,v,a,$,V,PRF,FIN,PL,1,PST	i,d,d,e,s,k,r,i,v,e,j,n,a
i,d,d,e,s,k,r,i,v,a,$,V,IPFV,FIN,PL,3,PST	j,i,d,d,e,s,k,r,i,v,u
i,d,d,e,s,k,r,i,v,a,$,V,PRF,FIN,MASC,SG,3,PST	i,d,d,e,s,k,r,i,v,a
i,d,d,e,s,k,r,i,v,a,$,V,PRF,FIN,SG,1,PST	i,d,d,e,s,k,r,i,v,e,j,t
i,d,d,e,s,k,r,i,v,a,$,V,FIN,IMP,SG,2	i,d,d,e,s,k,r,i,v,i
i,d,d,e,s,k,r,i,v,a,$,V,PRF,FIN,SG,2,PST	i,d,d,e,s,k,r,i,v,e,j,t
i,d,d,e,s,k,r,i,v,a,$,V,PRF,FIN,PL,3,PST	i,d,d,e,s,k,r,i,v,e,w
i,d,d,e,s,k,r,i,v,a,$,V,IPFV,FIN,PL,2,PST	t,i,d,d,e,s,k,r,i,v,u
i,d,d,e,s,k,r,i,v,a,$,V,IPFV,FIN,MASC,SG,3,PST	j,i,d,d,e,s,k,r,i,v,i
i,d,d,e,s,k,r,i,v,a,$,V,PRF,FIN,PL,2,PST	i,d,d,e,s,k,r,i,v,e,j,t,u
i,d,d,e,s,k,r,i,v,a,$,V,IPFV,FIN,PL,1,PST	n,i,d,d,e,s,k,r,i,v,u
i,d,d,e,s,k,r,i,v,a,$,V,IPFV,FIN,FEM,SG,3,PST	t,i,d,d,e,s,k,r,i,v,i
i,d,d,e,s,k,r,i,v,a,$,V,IPFV,FIN,SG,2,PST	t,i,d,d,e,s,k,r,i,v,i
i,d,d,e,s,k,r,i,v,a,$,V,IPFV,FIN,SG,1,PST	n,i,d,d,e,s,k,r,i,v,i
i,d,d,e,s,k,r,i,v,a,$,V,FIN,IMP,PL,1	i,d,d,e,s,k,r,i,v,u
i,d,d,e,s,k,r,i,v,a,$,V,PRF,FIN,FEM,SG,3,PST	i,d,d,e,s,k,r,i,v,i,e,t
n,i,e,k,$,V,IPFV,FIN,PL,3,PST	j,n,i,k,u
n,i,e,k,$,V,IPFV,FIN,FEM,SG,3,PST	t,n,i,k
n,i,e,k,$,V,PRF,FIN,PL,1,PST	n,i,k,n,a
n,i,e,k,$,V,PRF,FIN,MASC,SG,3,PST	n,i,e,k
n,i,e,k,$,V,PRF,FIN,SG,2,PST	n,i,k,t
n,i,e,k,$,V,FIN,IMP,SG,2	n,i,k
n,i,e,k,$,V,PRF,FIN,SG,1,PST	n,i,k,t
n,i,e,k,$,V,IPFV,FIN,PL,2,PST	t,n,i,k,u
n,i,e,k,$,V,PRF,FIN,PL,3,PST	n,i,e,k,u
n,i,e,k,$,V,IPFV,FIN,PL,1,PST	n,n,i,k,u
n,i,e,k,$,V,PRF,FIN,PL,2,PST	n,i,k,t,u
n,i,e,k,$,V,IPFV,FIN,SG,2,PST	t,n,i,k
n,i,e,k,$,V,IPFV,FIN,MASC,SG,3,PST	j,n,i,k
n,i,e,k,$,V,FIN,IMP,PL,1	n,i,k,u
n,i,e,k,$,V,IPFV,FIN,SG,1,PST	n,n,i,k
n,i,e,k,$,V,PRF,FIN,FEM,SG,3,PST	n,i,e,k,e,t
n,e,s,a,$,V,IPFV,FIN,PL,2,PST	t,i,n,s,e,w
n,e,s,a,$,V,IPFV,FIN,SG,2,PST	t,i,n,s,a
n,e,s,a,$,V,IPFV,FIN,PL,3,PST	j,i,n,s,e,w
n,e,s,a,$,V,IPFV,FIN,PL,1,PST	n,i,n,s,e,w
n,e,s,a,$,V,PRF,FIN,MASC,SG,3,PST	n,e,s,a
n,e,s,a,$,V,IPFV,FIN,MASC,SG,3,PST	j,i,n,s,a
n,e,s,a,$,V,IPFV,FIN,SG,1,PST	n,i,n,s,a
n,e,s,a,$,V,PRF,FIN,PL,3,PST	i,n,s,e,w
n,e,s,a,$,V,PRF,FIN,FEM,SG,3,PST	i,n,s,i,e,t
n,e,s,a,$,V,FIN,IMP,SG,2	i,n,s,a
n,e,s,a,$,V,IPFV,FIN,FEM,SG,3,PST	t,i,n,s,a
n,e,s,a,$,V,PRF,FIN,SG,1,PST	i,n,s,e,j,t
n,e,s,a,$,V,PRF,FIN,PL,1,PST	i,n,s,e,j,n,a
n,e,s,a,$,V,PRF,FIN,PL,2,PST	i,n,s,e,j,t,u
n,e,s,a,$,V,PRF,FIN,SG,2,PST	i,n,s,e,j,t
n,e,s,a,$,V,FIN,IMP,PL,1	i,n,s,e,w
m,e,x,a,$,V,PRF,FIN,PL,3,PST	i,m,x,e,w
m,e,x,a,$,V,IPFV,FIN,PL,2,PST	t,i,m,x,u
m,e,x,a,$,V,PRF,FIN,SG,2,PST	i,m,x,e,j,t
m,e,x,a,$,V,IPFV,FIN,PL,3,PST	j,i,m,x,u
m,e,x,a,$,V,IPFV,FIN,FEM,SG,3,PST	t,i,m,x,i
m,e,x,a,$,V,PRF,FIN,PL,2,PST	i,m,x,e,j,t,u
m,e,x,a,$,V,PRF,FIN,FEM,SG,3,PST	i,m,x,i,e,t
m,e,x,a,$,V,FIN,IMP,PL,1	i,m,x,u
m,e,x,a,$,V,PRF,FIN,MASC,SG,3,PST	m,e,x,a
m,e,x,a,$,V,IPFV,FIN,SG,1,PST	n,i,m,x,i
m,e,x,a,$,V,IPFV,FIN,PL,1,PST	n,i,m,x,u
m,e,x,a,$,V,PRF,FIN,SG,1,PST	i,m,x,e,j,t
m,e,x,a,$,V,IPFV,FIN,SG,2,PST	t,i,m,x,i
m,e,x,a,$,V,FIN,IMP,SG,2	i,m,x,i
m,e,x,a,$,V,PRF,FIN,PL,1,PST	i,m,x,e,j,n,a
m,e,x,a,$,V,IPFV,FIN,MASC,SG,3,PST	j,i,m,x,i
i,r,r,e,a,ġ,i,x,x,a,$,V,PRF,FIN,FEM,SG,3,PST	i,r,r,e,a,ġ,i,x,x,i,e,t
i,r,r,e,a,ġ,i,x,x,a,$,V,PRF,FIN,SG,1,PST	i,r,r,e,a,ġ,i,x,x,e,j,t
i,r,r,e,a,ġ,i,x,x,a,$,V,IPFV,FIN,PL,1,PST	n,i,r,r,e,a,ġ,i,x,x,u
i,r,r,e,a,ġ,i,x,x,a,$,V,IPFV,FIN,PL,2,PST	t,i,r,r,e,a,ġ,i,x,x,u
i,r,r,e,a,ġ,i,x,x,a,$,V,PRF,FIN,MASC,SG,3,PST	i,r,r,e,a,ġ,i,x,x,a
i,r,r,e,a,ġ,i,x,x,a,$,V,PRF,FIN,PL,3,PST	i,r,r,e,a,ġ,i,x,x,e,w
i,r,r,e,a,ġ,i,x,x,a,$,V,IPFV,FIN,FEM,SG,3,PST	t,i,r,r,e,a,ġ,i,x,x,i
i,r,r,e,a,ġ,i,x,x,a,$,V,IPFV,FIN,MASC,SG,3,PST	j,i,r,r,e,a,ġ,i,x,x,i
i,r,r,e,a,ġ,i,x,x,a,$,V,IPFV,FIN,PL,3,PST	j,i,r,r,e,a,ġ,i,x,x,u
i,r,r,e,a,ġ,i,x,x,a,$,V,PRF,FIN,PL,1,PST	i,r,r,e,a,ġ,i,x,x,e,j,n,a
i,r,r,e,a,ġ,i,x,x,a,$,V,FIN,IMP,PL,1	i,r,r,e,a,ġ,i,x,x,u
i,r,r,e,a,ġ,i,x,x,a,$,V,IPFV,FIN,SG,2,PST	t,i,r,r,e,a,ġ,i,x,x,i
i,r,r,e,a,ġ,i,x,x,a,$,V,PRF,FIN,PL,2,PST	i,r,r,e,a,ġ,i,x,x,e,j,t,u
i,r,r,e,a,ġ,i,x,x,a,$,V,IPFV,FIN,SG,1,PST	n,i,r,r,e,a,ġ,i,x,x,i
i,r,r,e,a,ġ,i,x,x,a,$,V,FIN,IMP,SG,2	i,r,r,e,a,ġ,i,x,x,i
i,r,r,e,a,ġ,i,x,x,a,$,V,PRF,FIN,SG,2,PST	i,r,r,e,a,ġ,i,x,x,e,j,t
ħ,a,r,e,ġ,$,V,IPFV,FIN,PL,2,PST	t,o,ħ,o,r,ġ,u
ħ,a,r,e,ġ,$,V,IPFV,FIN,FEM,SG,3,PST	t,o,ħ,r,o,ġ
ħ,a,r,e,ġ,$,V,PRF,FIN,SG,2,PST	ħ,r,i,ġ,t
ħ,a,r,e,ġ,$,V,FIN,IMP,PL,1	o,ħ,o,r,ġ,u
ħ,a,r,e,ġ,$,V,IPFV,FIN,PL,1,PST	n,o,ħ,o,r,ġ,u
ħ,a,r,e,ġ,$,V,PRF,FIN,SG,1,PST	ħ,r,i,ġ,t
ħ,a,r,e,ġ,$,V,PRF,FIN,PL,2,PST	ħ,r,i,ġ,t,u
ħ,a,r,e,ġ,$,V,IPFV,FIN,PL,3,PST	j,o,ħ,o,r,ġ,u
ħ,a,r,e,ġ,$,V,PRF,FIN,PL,1,PST	ħ,r,i,ġ,n,a
ħ,a,r,e,ġ,$,V,IPFV,FIN,MASC,SG,3,PST	j,o,ħ,r,o,ġ
ħ,a,r,e,ġ,$,V,IPFV,FIN,SG,2,PST	t,o,ħ,r,o,ġ
ħ,a,r,e,ġ,$,V,IPFV,FIN,SG,1,PST	n,o,ħ,r,o,ġ
ħ,a,r,e,ġ,$,V,FIN,IMP,SG,2	o,ħ,r,o,ġ
ħ,a,r,e,ġ,$,V,PRF,FIN,FEM,SG,3,PST	ħ,a,r,ġ,e,t
ħ,a,r,e,ġ,$,V,PRF,FIN,PL,3,PST	ħ,a,r,ġ,u
ħ,a,r,e,ġ,$,V,PRF,FIN,MASC,SG,3,PST	ħ,a,r,e,ġ
ġ,i,e,$,V,IPFV,FIN,SG,2,PST	t,i,ġ,i
ġ,i,e,$,V,PRF,FIN,PL,1,PST	ġ,e,j,n,a
ġ,i,e,$,V,IPFV,FIN,PL,1,PST	n,i,ġ,u
ġ,i,e,$,V,PRF,FIN,SG,2,PST	ġ,e,j,t
ġ,i,e,$,V,PRF,FIN,SG,1,PST	ġ,e,j,t
ġ,i,e,$,V,IPFV,FIN,MASC,SG,3,PST	j,i,ġ,i
ġ,i,e,$,V,PRF,FIN,FEM,SG,3,PST	ġ,i,e,t
ġ,i,e,$,V,FIN,IMP,PL,1	e,j,j,e,w
ġ,i,e,$,V,PRF,FIN,MASC,SG,3,PST	ġ,i,e
ġ,i,e,$,V,IPFV,FIN,SG,1,PST	n,i,ġ,i
ġ,i,e,$,V,IPFV,FIN,PL,2,PST	t,i,ġ,u
ġ,i,e,$,V,PRF,FIN,PL,2,PST	ġ,e,j,t,u
ġ,i,e,$,V,PRF,FIN,PL,3,PST	ġ,e,w
ġ,i,e,$,V,IPFV,FIN,FEM,SG,3,PST	t,i,ġ,i
ġ,i,e,$,V,FIN,IMP,SG,2	e,j,j,a
ġ,i,e,$,V,IPFV,FIN,PL,3,PST	j,i,ġ,u
ż,a,r,$,V,PRF,FIN,PL,1,PST	ż,u,r,n,a
ż,a,r,$,V,FIN,IMP,SG,2	ż,u,r
ż,a,r,$,V,IPFV,FIN,PL,2,PST	i,ż,ż,u,r,u
ż,a,r,$,V,PRF,FIN,MASC,SG,3,PST	ż,a,r
ż,a,r,$,V,PRF,FIN,PL,3,PST	ż,a,r,u
ż,a,r,$,V,FIN,IMP,PL,1	ż,u,r,u
ż,a,r,$,V,IPFV,FIN,PL,3,PST	i,ż,u,r,u
ż,a,r,$,V,IPFV,FIN,SG,2,PST	i,ż,ż,u,r
ż,a,r,$,V,PRF,FIN,SG,2,PST	ż,u,r,t
ż,a,r,$,V,IPFV,FIN,SG,1,PST	i,n,ż,u,r
ż,a,r,$,V,IPFV,FIN,MASC,SG,3,PST	i,ż,u,r
ż,a,r,$,V,IPFV,FIN,PL,1,PST	i,n,ż,u,r,u
ż,a,r,$,V,IPFV,FIN,FEM,SG,3,PST	i,ż,ż,u,r
ż,a,r,$,V,PRF,FIN,PL,2,PST	ż,u,r,t,u
ż,a,r,$,V,PRF,FIN,SG,1,PST	ż,u,r,t
ż,a,r,$,V,PRF,FIN,FEM,SG,3,PST	ż,a,r,e,t
ħ,o,l,o,m,$,V,PRF,FIN,PL,2,PST	ħ,l,o,m,t,u
ħ,o,l,o,m,$,V,FIN,IMP,SG,2	o,ħ,l,o,m
ħ,o,l,o,m,$,V,PRF,FIN,SG,2,PST	ħ,l,o,m,t
ħ,o,l,o,m,$,V,IPFV,FIN,SG,2,PST	t,o,ħ,l,o,m
ħ,o,l,o,m,$,V,IPFV,FIN,FEM,SG,3,PST	t,o,ħ,l,o,m
ħ,o,l,o,m,$,V,IPFV,FIN,MASC,SG,3,PST	j,o,ħ,l,o,m
ħ,o,l,o,m,$,V,IPFV,FIN,SG,1,PST	n,o,ħ,l,o,m
ħ,o,l,o,m,$,V,IPFV,FIN,PL,2,PST	t,o,ħ,o,l,m,u
ħ,o,l,o,m,$,V,IPFV,FIN,PL,3,PST	j,o,ħ,o,l,m,u
ħ,o,l,o,m,$,V,PRF,FIN,FEM,SG,3,PST	ħ,o,l,m,o,t
ħ,o,l,o,m,$,V,FIN,IMP,PL,1	o,ħ,o,l,m,u
ħ,o,l,o,m,$,V,IPFV,FIN,PL,1,PST	n,o,ħ,o,l,m,u
ħ,o,l,o,m,$,V,PRF,FIN,PL,1,PST	ħ,l,o,m,n,a
ħ,o,l,o,m,$,V,PRF,FIN,PL,3,PST	ħ,o,l,m,u
ħ,o,l,o,m,$,V,PRF,FIN,SG,1,PST	ħ,l,o,m,t
ħ,o,l,o,m,$,V,PRF,FIN,MASC,SG,3,PST	ħ,o,l,o,m
d,a,r,a,$,V,IPFV,FIN,FEM,SG,3,PST	t,i,d,r,a
d,a,r,a,$,V,PRF,FIN,MASC,SG,3,PST	d,a,r,a
d,a,r,a,$,V,FIN,IMP,SG,2	i,d,r,a
d,a,r,a,$,V,PRF,FIN,PL,3,PST	d,r,a,w
d,a,r,a,$,V,PRF,FIN,FEM,SG,3,PST	d,r,a,t
d,a,r,a,$,V,IPFV,FIN,SG,2,PST	t,i,d,r,a
d,a,r,a,$,V,PRF,FIN,SG,2,PST	d,r,a,j,t
d,a,r,a,$,V,IPFV,FIN,PL,1,PST	n,i,d,r,a,w
d,a,r,a,$,V,FIN,IMP,PL,1	i,d,r,a,w
d,a,r,a,$,V,PRF,FIN,SG,1,PST	d,r,a,j,t
d,a,r,a,$,V,PRF,FIN,PL,1,PST	d,r,a,j,n,a
d,a,r,a,$,V,IPFV,FIN,PL,3,PST	j,i,d,r,a,w
d,a,r,a,$,V,IPFV,FIN,PL,2,PST	t,i,d,r,a,w
d,a,r,a,$,V,IPFV,FIN,MASC,SG,3,PST	j,i,d,r,a
d,a,r,a,$,V,PRF,FIN,PL,2,PST	d,r,a,j,t,u
d,a,r,a,$,V,IPFV,FIN,SG,1,PST	n,i,d,r,a
k,i,s,e,b,$,V,FIN,IMP,SG,2	i,k,s,e,b
k,i,s,e,b,$,V,PRF,FIN,SG,1,PST	k,s,i,b,t
k,i,s,e,b,$,V,PRF,FIN,PL,1,PST	k,s,i,b,n,a
k,i,s,e,b,$,V,IPFV,FIN,MASC,SG,3,PST	j,i,k,s,e,b
k,i,s,e,b,$,V,IPFV,FIN,PL,2,PST	t,i,k,s,b,u
k,i,s,e,b,$,V,PRF,FIN,PL,2,PST	k,s,i,b,t,u
k,i,s,e,b,$,V,PRF,FIN,MASC,SG,3,PST	k,i,s,e,b
k,i,s,e,b,$,V,IPFV,FIN,FEM,SG,3,PST	t,i,k,s,e,b
k,i,s,e,b,$,V,FIN,IMP,PL,1	i,k,s,b,u
k,i,s,e,b,$,V,IPFV,FIN,SG,2,PST	t,i,k,s,e,b
k,i,s,e,b,$,V,PRF,FIN,PL,3,PST	k,i,s,b,u
k,i,s,e,b,$,V,PRF,FIN,FEM,SG,3,PST	k,i,s,b,e,t
k,i,s,e,b,$,V,IPFV,FIN,SG,1,PST	n,i,k,s,e,b
k,i,s,e,b,$,V,IPFV,FIN,PL,3,PST	j,i,k,s,b,u
k,i,s,e,b,$,V,PRF,FIN,SG,2,PST	k,s,i,b,t
k,i,s,e,b,$,V,IPFV,FIN,PL,1,PST	n,i,k,s,b,u
i,p,p,e,n,e,t,r,a,$,V,PRF,FIN,SG,1,PST	i,p,p,e,n,e,t,r,a,j,t
i,p,p,e,n,e,t,r,a,$,V,IPFV,FIN,FEM,SG,3,PST	t,i,p,p,e,n,e,t,r,a
i,p,p,e,n,e,t,r,a,$,V,IPFV,FIN,SG,2,PST	t,i,p,p,e,n,e,t,r,a
i,p,p,e,n,e,t,r,a,$,V,FIN,IMP,PL,1	i,p,p,e,n,e,t,r,a,w
i,p,p,e,n,e,t,r,a,$,V,IPFV,FIN,PL,3,PST	j,i,p,p,e,n,e,t,r,a,w
i,p,p,e,n,e,t,r,a,$,V,PRF,FIN,FEM,SG,3,PST	i,p,p,e,n,e,t,r,a,t
i,p,p,e,n,e,t,r,a,$,V,IPFV,FIN,PL,1,PST	n,i,p,p,e,n,e,t,r,a,w
i,p,p,e,n,e,t,r,a,$,V,IPFV,FIN,SG,1,PST	n,i,p,p,e,n,e,t,r,a
i,p,p,e,n,e,t,r,a,$,V,PRF,FIN,PL,3,PST	i,p,p,e,n,e,t,r,a,w
i,p,p,e,n,e,t,r,a,$,V,PRF,FIN,MASC,SG,3,PST	i,p,p,e,n,e,t,r,a
i,p,p,e,n,e,t,r,a,$,V,PRF,FIN,PL,1,PST	i,p,p,e,n,e,t,r,a,j,n,a
i,p,p,e,n,e,t,r,a,$,V,IPFV,FIN,PL,2,PST	t,i,p,p,e,n,e,t,r,a,w
i,p,p,e,n,e,t,r,a,$,V,PRF,FIN,SG,2,PST	i,p,p,e,n,e,t,r,a,j,t
i,p,p,e,n,e,t,r,a,$,V,PRF,FIN,PL,2,PST	i,p,p,e,n,e,t,r,a,j,t,u
i,p,p,e,n,e,t,r,a,$,V,FIN,IMP,SG,2	i,p,p,e,n,e,t,r,a
i,p,p,e,n,e,t,r,a,$,V,IPFV,FIN,MASC,SG,3,PST	j,i,p,p,e,n,e,t,r,a
g,ħ,e,x,$,V,PRF,FIN,PL,1,PST	g,ħ,e,x,n,a
g,ħ,e,x,$,V,IPFV,FIN,PL,3,PST	j,g,ħ,i,x,u
g,ħ,e,x,$,V,IPFV,FIN,FEM,SG,3,PST	t,g,ħ,i,x
g,ħ,e,x,$,V,IPFV,FIN,SG,1,PST	n,g,ħ,i,x
g,ħ,e,x,$,V,FIN,IMP,SG,2	g,ħ,i,x
g,ħ,e,x,$,V,IPFV,FIN,PL,2,PST	t,g,ħ,i,x,u
g,ħ,e,x,$,V,FIN,IMP,PL,1	g,ħ,i,x,u
g,ħ,e,x,$,V,PRF,FIN,MASC,SG,3,PST	g,ħ,e,x
g,ħ,e,x,$,V,PRF,FIN,PL,3,PST	g,ħ,e,x,u
g,ħ,e,x,$,V,PRF,FIN,FEM,SG,3,PST	g,ħ,e,x,e,t
g,ħ,e,x,$,V,IPFV,FIN,SG,2,PST	t,g,ħ,i,x
g,ħ,e,x,$,V,PRF,FIN,SG,2,PST	g,ħ,e,x,t
g,ħ,e,x,$,V,IPFV,FIN,PL,1,PST	n,g,ħ,i,x,u
g,ħ,e,x,$,V,PRF,FIN,PL,2,PST	g,ħ,e,x,t,u
g,ħ,e,x,$,V,IPFV,FIN,MASC,SG,3,PST	j,g,ħ,i,x
g,ħ,e,x,$,V,PRF,FIN,SG,1,PST	g,ħ,e,x,t
l,i,b,e,s,$,V,PRF,FIN,SG,2,PST	l,b,i,s,t
l,i,b,e,s,$,V,FIN,IMP,PL,1	i,l,b,s,u
l,i,b,e,s,$,V,IPFV,FIN,MASC,SG,3,PST	j,i,l,b,e,s
l,i,b,e,s,$,V,FIN,IMP,SG,2	i,l,b,e,s
l,i,b,e,s,$,V,IPFV,FIN,FEM,SG,3,PST	t,i,l,b,e,s
l,i,b,e,s,$,V,PRF,FIN,FEM,SG,3,PST	l,i,b,s,e,t
l,i,b,e,s,$,V,IPFV,FIN,SG,1,PST	n,i,l,b,e,s
l,i,b,e,s,$,V,PRF,FIN,PL,2,PST	l,b,i,s,t,u
l,i,b,e,s,$,V,IPFV,FIN,SG,2,PST	t,i,l,b,e,s
l,i,b,e,s,$,V,PRF,FIN,PL,1,PST	l,b,i,s,n,a
l,i,b,e,s,$,V,IPFV,FIN,PL,2,PST	t,i,l,b,s,u
l,i,b,e,s,$,V,PRF,FIN,PL,3,PST	l,i,b,s,u
l,i,b,e,s,$,V,PRF,FIN,SG,1,PST	l,b,i,s,t
l,i,b,e,s,$,V,PRF,FIN,MASC,SG,3,PST	l,i,b,e,s
l,i,b,e,s,$,V,IPFV,FIN,PL,3,PST	j,i,l,b,s,u
l,i,b,e,s,$,V,IPFV,FIN,PL,1,PST	n,i,l,b,s,u
i,p,p,a,r,t,e,ċ,i,p,a,$,V,IPFV,FIN,PL,1,PST	n,i,p,p,a,r,t,e,ċ,i,p,a,w
i,p,p,a,r,t,e,ċ,i,p,a,$,V,PRF,FIN,PL,3,PST	i,p,p,a,r,t,e,ċ,i,p,a,w
i,p,p,a,r,t,e,ċ,i,p,a,$,V,IPFV,FIN,PL,3,PST	j,i,p,p,a,r,t,e,ċ,i,p,a,w
i,p,p,a,r,t,e,ċ,i,p,a,$,V,PRF,FIN,SG,1,PST	i,p,p,a,r,t,e,ċ,i,p,a,j,t
i,p,p,a,r,t,e,ċ,i,p,a,$,V,IPFV,FIN,FEM,SG,3,PST	t,i,p,p,a,r,t,e,ċ,i,p,a
i,p,p,a,r,t,e,ċ,i,p,a,$,V,FIN,IMP,PL,1	i,p,p,a,r,t,e,ċ,i,p,a,w
i,p,p,a,r,t,e,ċ,i,p,a,$,V,PRF,FIN,FEM,SG,3,PST	i,p,p,a,r,t,e,ċ,i,p,a,t
i,p,p,a,r,t,e,ċ,i,p,a,$,V,IPFV,FIN,SG,1,PST	n,i,p,p,a,r,t,e,ċ,i,p,a
i,p,p,a,r,t,e,ċ,i,p,a,$,V,PRF,FIN,PL,1,PST	i,p,p,a,r,t,e,ċ,i,p,a,j,n,a
i,p,p,a,r,t,e,ċ,i,p,a,$,V,PRF,FIN,PL,2,PST	i,p,p,a,r,t,e,ċ,i,p,a,j,t,u
i,p,p,a,r,t,e,ċ,i,p,a,$,V,PRF,FIN,SG,2,PST	i,p,p,a,r,t,e,ċ,i,p,a,j,t
i,p,p,a,r,t,e,ċ,i,p,a,$,V,IPFV,FIN,MASC,SG,3,PST	j,i,p,p,a,r,t,e,ċ,i,p,a
i,p,p,a,r,t,e,ċ,i,p,a,$,V,FIN,IMP,SG,2	i,p,p,a,r,t,e,ċ,i,p,a
i,p,p,a,r,t,e,ċ,i,p,a,$,V,PRF,FIN,MASC,SG,3,PST	i,p,p,a,r,t,e,ċ,i,p,a
i,p,p,a,r,t,e,ċ,i,p,a,$,V,IPFV,FIN,PL,2,PST	t,i,p,p,a,r,t,e,ċ,i,p,a,w
i,p,p,a,r,t,e,ċ,i,p,a,$,V,IPFV,FIN,SG,2,PST	t,i,p,p,a,r,t,e,ċ,i,p,a
s,e,t,a,',$,V,PRF,FIN,SG,1,PST	s,t,a,j,t
s,e,t,a,',$,V,IPFV,FIN,PL,3,PST	j,i,s,t,g,ħ,u
s,e,t,a,',$,V,FIN,IMP,SG,2	i,s,t,a,'
s,e,t,a,',$,V,FIN,IMP,PL,1	i,s,t,g,ħ,u
s,e,t,a,',$,V,IPFV,FIN,PL,1,PST	n,i,s,t,g,ħ,u
s,e,t,a,',$,V,PRF,FIN,MASC,SG,3,PST	s,e,t,a,'
s,e,t,a,',$,V,IPFV,FIN,SG,2,PST	t,i,s,t,a,'
s,e,t,a,',$,V,PRF,FIN,SG,2,PST	s,e,t,g,ħ,e,t
s,e,t,a,',$,V,IPFV,FIN,FEM,SG,3,PST	t,i,s,t,a,'
s,e,t,a,',$,V,PRF,FIN,PL,1,PST	s,t,a,j,n,a
s,e,t,a,',$,V,IPFV,FIN,PL,2,PST	t,i,s,t,g,ħ,u
s,e,t,a,',$,V,PRF,FIN,FEM,SG,3,PST	s,e,t,g,ħ,e,t
s,e,t,a,',$,V,IPFV,FIN,SG,1,PST	n,i,s,t,a,'
s,e,t,a,',$,V,PRF,FIN,PL,3,PST	s,e,t,g,ħ,u
s,e,t,a,',$,V,PRF,FIN,PL,2,PST	s,t,a,j,t,u
s,e,t,a,',$,V,IPFV,FIN,MASC,SG,3,PST	j,i,s,t,a,'
b,e,r,r,e,d,$,V,IPFV,FIN,PL,1,PST	i,n,b,e,r,r,d,u
b,e,r,r,e,d,$,V,FIN,IMP,SG,2	b,e,r,r,e,d
b,e,r,r,e,d,$,V,PRF,FIN,MASC,SG,3,PST	b,e,r,r,e,d
b,e,r,r,e,d,$,V,PRF,FIN,PL,1,PST	b,e,r,r,i,d,n,a
b,e,r,r,e,d,$,V,IPFV,FIN,FEM,SG,3,PST	t,b,e,r,r,e,d
b,e,r,r,e,d,$,V,IPFV,FIN,PL,3,PST	i,b,e,r,r,d,u
b,e,r,r,e,d,$,V,FIN,IMP,PL,1	b,e,r,r,d,u
b,e,r,r,e,d,$,V,PRF,FIN,SG,2,PST	b,e,r,r,i,d,t
b,e,r,r,e,d,$,V,IPFV,FIN,PL,2,PST	t,b,e,r,r,d,u
b,e,r,r,e,d,$,V,IPFV,FIN,SG,2,PST	t,b,e,r,r,e,d
b,e,r,r,e,d,$,V,PRF,FIN,PL,3,PST	b,e,r,r,d,u
b,e,r,r,e,d,$,V,PRF,FIN,PL,2,PST	b,e,r,r,i,d,t,u
b,e,r,r,e,d,$,V,IPFV,FIN,MASC,SG,3,PST	i,b,e,r,r,e,d
b,e,r,r,e,d,$,V,IPFV,FIN,SG,1,PST	i,n,b,e,r,r,e,d
b,e,r,r,e,d,$,V,PRF,FIN,FEM,SG,3,PST	b,e,r,r,d,e,t
b,e,r,r,e,d,$,V,PRF,FIN,SG,1,PST	b,e,r,r,i,d,t
i,d,d,a,w,n,l,o,w,d,j,a,$,V,IPFV,FIN,FEM,SG,3,PST	t,i,d,d,a,w,n,l,o,w,d,j,a
i,d,d,a,w,n,l,o,w,d,j,a,$,V,PRF,FIN,PL,3,PST	i,d,d,a,w,n,l,o,w,d,j,a,w
i,d,d,a,w,n,l,o,w,d,j,a,$,V,PRF,FIN,SG,1,PST	i,d,d,a,w,n,l,o,w,d,j,a,j,t
i,d,d,a,w,n,l,o,w,d,j,a,$,V,IPFV,FIN,PL,3,PST	j,i,d,d,a,w,n,l,o,w,d,j,a,w
i,d,d,a,w,n,l,o,w,d,j,a,$,V,PRF,FIN,PL,1,PST	i,d,d,a,w,n,l,o,w,d,j,a,j,n,a
i,d,d,a,w,n,l,o,w,d,j,a,$,V,PRF,FIN,FEM,SG,3,PST	i,d,d,a,w,n,l,o,w,d,j,a,t
i,d,d,a,w,n,l,o,w,d,j,a,$,V,PRF,FIN,PL,2,PST	i,d,d,a,w,n,l,o,w,d,j,a,j,t,u
i,d,d,a,w,n,l,o,w,d,j,a,$,V,PRF,FIN,SG,2,PST	i,d,d,a,w,n,l,o,w,d,j,a,j,t
i,d,d,a,w,n,l,o,w,d,j,a,$,V,IPFV,FIN,PL,2,PST	t,i,d,d,a,w,n,l,o,w,d,j,a,w
i,d,d,a,w,n,l,o,w,d,j,a,$,V,FIN,IMP,SG,2	i,d,d,a,w,n,l,o,w,d,j,a
i,d,d,a,w,n,l,o,w,d,j,a,$,V,IPFV,FIN,PL,1,PST	n,i,d,d,a,w,n,l,o,w,d,j,a,w
i,d,d,a,w,n,l,o,w,d,j,a,$,V,FIN,IMP,PL,1	i,d,d,a,w,n,l,o,w,d,j,a,w
i,d,d,a,w,n,l,o,w,d,j,a,$,V,IPFV,FIN,SG,1,PST	n,i,d,d,a,w,n,l,o,w,d,j,a
i,d,d,a,w,n,l,o,w,d,j,a,$,V,IPFV,FIN,SG,2,PST	t,i,d,d,a,w,n,l,o,w,d,j,a
i,d,d,a,w,n,l,o,w,d,j,a,$,V,IPFV,FIN,MASC,SG,3,PST	j,i,d,d,a,w,n,l,o,w,d,j,a
i,d,d,a,w,n,l,o,w,d,j,a,$,V,PRF,FIN,MASC,SG,3,PST	i,d,d,a,w,n,l,o,w,d,j,a
s,a,m,a,',$,V,PRF,FIN,PL,2,PST	s,m,a,j,t,u
s,a,m,a,',$,V,IPFV,FIN,SG,2,PST	t,i,s,m,a,'
s,a,m,a,',$,V,IPFV,FIN,FEM,SG,3,PST	t,i,s,m,a,'
s,a,m,a,',$,V,IPFV,FIN,MASC,SG,3,PST	j,i,s,m,a,'
s,a,m,a,',$,V,PRF,FIN,FEM,SG,3,PST	s,e,m,g,ħ,e,t
s,a,m,a,',$,V,IPFV,FIN,PL,3,PST	j,i,s,i,m,g,ħ,u
s,a,m,a,',$,V,PRF,FIN,PL,3,PST	s,e,m,g,ħ,u
s,a,m,a,',$,V,IPFV,FIN,SG,1,PST	n,i,s,m,a,'
s,a,m,a,',$,V,PRF,FIN,SG,1,PST	s,m,a,j,t
s,a,m,a,',$,V,PRF,FIN,MASC,SG,3,PST	s,a,m,a,'
s,a,m,a,',$,V,FIN,IMP,SG,2	i,s,m,a,'
s,a,m,a,',$,V,PRF,FIN,SG,2,PST	s,e,m,g,ħ,e,t
s,a,m,a,',$,V,IPFV,FIN,PL,2,PST	t,i,s,i,m,g,ħ,u
s,a,m,a,',$,V,IPFV,FIN,PL,1,PST	n,i,s,i,m,g,ħ,u
s,a,m,a,',$,V,PRF,FIN,PL,1,PST	s,m,a,j,n,a
s,a,m,a,',$,V,FIN,IMP,PL,1	i,s,i,m,g,ħ,u
s,t,i,m,u,l,a,$,V,PRF,FIN,SG,1,PST	s,t,i,m,u,l,a,j,t
s,t,i,m,u,l,a,$,V,IPFV,FIN,SG,1,PST	n,i,s,t,i,m,u,l,a
s,t,i,m,u,l,a,$,V,PRF,FIN,MASC,SG,3,PST	s,t,i,m,u,l,a
s,t,i,m,u,l,a,$,V,PRF,FIN,PL,1,PST	s,t,i,m,u,l,a,j,n,a
s,t,i,m,u,l,a,$,V,IPFV,FIN,PL,3,PST	j,i,s,t,i,m,u,l,a,w
s,t,i,m,u,l,a,$,V,IPFV,FIN,SG,2,PST	t,i,s,t,i,m,u,l,a
s,t,i,m,u,l,a,$,V,IPFV,FIN,FEM,SG,3,PST	t,i,s,t,i,m,u,l,a
s,t,i,m,u,l,a,$,V,IPFV,FIN,PL,1,PST	n,i,s,t,i,m,u,l,a,w
s,t,i,m,u,l,a,$,V,PRF,FIN,PL,3,PST	s,t,i,m,u,l,a,w
s,t,i,m,u,l,a,$,V,PRF,FIN,SG,2,PST	s,t,i,m,u,l,a,j,t
s,t,i,m,u,l,a,$,V,IPFV,FIN,PL,2,PST	t,i,s,t,i,m,u,l,a,w
s,t,i,m,u,l,a,$,V,IPFV,FIN,MASC,SG,3,PST	j,i,s,t,i,m,u,l,a
s,t,i,m,u,l,a,$,V,PRF,FIN,PL,2,PST	s,t,i,m,u,l,a,j,t,u
s,t,i,m,u,l,a,$,V,PRF,FIN,FEM,SG,3,PST	s,t,i,m,u,l,a,t
s,t,i,m,u,l,a,$,V,FIN,IMP,PL,1	s,t,i,m,u,l,a,w
s,t,i,m,u,l,a,$,V,FIN,IMP,SG,2	s,t,i,m,u,l,a
k,a,n,t,a,$,V,IPFV,FIN,SG,1,PST	n,k,a,n,t,a
k,a,n,t,a,$,V,FIN,IMP,PL,1	k,a,n,t,a,w
k,a,n,t,a,$,V,PRF,FIN,PL,3,PST	k,a,n,t,a,w
k,a,n,t,a,$,V,IPFV,FIN,PL,2,PST	t,k,a,n,t,a,w
k,a,n,t,a,$,V,PRF,FIN,MASC,SG,3,PST	k,a,n,t,a
k,a,n,t,a,$,V,IPFV,FIN,SG,2,PST	t,k,a,n,t,a
k,a,n,t,a,$,V,PRF,FIN,PL,1,PST	k,a,n,t,a,j,n,a
k,a,n,t,a,$,V,IPFV,FIN,FEM,SG,3,PST	t,k,a,n,t,a
k,a,n,t,a,$,V,PRF,FIN,FEM,SG,3,PST	k,a,n,t,a,t
k,a,n,t,a,$,V,PRF,FIN,SG,2,PST	k,a,n,t,a,j,t
k,a,n,t,a,$,V,IPFV,FIN,MASC,SG,3,PST	j,k,a,n,t,a
k,a,n,t,a,$,V,IPFV,FIN,PL,3,PST	j,k,a,n,t,a,w
k,a,n,t,a,$,V,PRF,FIN,PL,2,PST	k,a,n,t,a,j,t,u
k,a,n,t,a,$,V,FIN,IMP,SG,2	k,a,n,t,a
k,a,n,t,a,$,V,PRF,FIN,SG,1,PST	k,a,n,t,a,j,t
k,a,n,t,a,$,V,IPFV,FIN,PL,1,PST	n,k,a,n,t,a,w
k,i,e,l,$,V,IPFV,FIN,MASC,SG,3,PST	j,i,e,k,o,l
k,i,e,l,$,V,PRF,FIN,SG,2,PST	k,i,l,t
k,i,e,l,$,V,FIN,IMP,SG,2	k,u,l
k,i,e,l,$,V,PRF,FIN,SG,1,PST	k,i,l,t
k,i,e,l,$,V,PRF,FIN,PL,2,PST	k,i,l,t,u
k,i,e,l,$,V,IPFV,FIN,SG,2,PST	t,i,e,k,o,l
k,i,e,l,$,V,IPFV,FIN,SG,1,PST	n,i,e,k,o,l
k,i,e,l,$,V,IPFV,FIN,PL,3,PST	j,i,e,k,l,u
k,i,e,l,$,V,IPFV,FIN,PL,1,PST	n,i,e,k,l,u
k,i,e,l,$,V,PRF,FIN,PL,1,PST	k,i,l,n,a
k,i,e,l,$,V,IPFV,FIN,FEM,SG,3,PST	t,i,e,k,o,l
k,i,e,l,$,V,PRF,FIN,PL,3,PST	k,i,e,l,u
k,i,e,l,$,V,IPFV,FIN,PL,2,PST	t,i,e,k,l,u
k,i,e,l,$,V,PRF,FIN,MASC,SG,3,PST	k,i,e,l
k,i,e,l,$,V,FIN,IMP,PL,1	k,u,l,u
k,i,e,l,$,V,PRF,FIN,FEM,SG,3,PST	k,i,e,l,e,t
i,t,t,r,a,d,u,ċ,a,$,V,IPFV,FIN,PL,3,PST	j,i,t,t,r,a,d,u,ċ,u
i,t,t,r,a,d,u,ċ,a,$,V,PRF,FIN,SG,1,PST	i,t,t,r,a,d,u,ċ,e,j,t
i,t,t,r,a,d,u,ċ,a,$,V,PRF,FIN,PL,2,PST	i,t,t,r,a,d,u,ċ,e,j,t,u
i,t,t,r,a,d,u,ċ,a,$,V,IPFV,FIN,PL,2,PST	t,i,t,t,r,a,d,u,ċ,u
i,t,t,r,a,d,u,ċ,a,$,V,IPFV,FIN,SG,1,PST	n,i,t,t,r,a,d,u,ċ,i
i,t,t,r,a,d,u,ċ,a,$,V,PRF,FIN,PL,3,PST	i,t,t,r,a,d,u,ċ,e,w
i,t,t,r,a,d,u,ċ,a,$,V,PRF,FIN,SG,2,PST	i,t,t,r,a,d,u,ċ,e,j,t
i,t,t,r,a,d,u,ċ,a,$,V,PRF,FIN,MASC,SG,3,PST	i,t,t,r,a,d,u,ċ,a
i,t,t,r,a,d,u,ċ,a,$,V,FIN,IMP,PL,1	i,t,t,r,a,d,u,ċ,u
i,t,t,r,a,d,u,ċ,a,$,V,PRF,FIN,PL,1,PST	i,t,t,r,a,d,u,ċ,e,j,n,a
i,t,t,r,a,d,u,ċ,a,$,V,IPFV,FIN,SG,2,PST	t,i,t,t,r,a,d,u,ċ,i
i,t,t,r,a,d,u,ċ,a,$,V,IPFV,FIN,MASC,SG,3,PST	j,i,t,t,r,a,d,u,ċ,i
i,t,t,r,a,d,u,ċ,a,$,V,IPFV,FIN,PL,1,PST	n,i,t,t,r,a,d,u,ċ,u
i,t,t,r,a,d,u,ċ,a,$,V,IPFV,FIN,FEM,SG,3,PST	t,i,t,t,r,a,d,u,ċ,i
i,t,t,r,a,d,u,ċ,a,$,V,PRF,FIN,FEM,SG,3,PST	i,t,t,r,a,d,u,ċ,i,e,t
i,t,t,r,a,d,u,ċ,a,$,V,FIN,IMP,SG,2	i,t,t,r,a,d,u,ċ,i
g,ħ,a,s,a,r,$,V,IPFV,FIN,SG,2,PST	t,a,g,ħ,s,a,r
g,ħ,a,s,a,r,$,V,PRF,FIN,PL,3,PST	g,ħ,a,s,r,u
g,ħ,a,s,a,r,$,V,IPFV,FIN,MASC,SG,3,PST	j,a,g,ħ,s,a,r
g,ħ,a,s,a,r,$,V,PRF,FIN,SG,2,PST	g,ħ,a,s,a,r,t
g,ħ,a,s,a,r,$,V,PRF,FIN,FEM,SG,3,PST	g,ħ,a,s,r,e,t
g,ħ,a,s,a,r,$,V,IPFV,FIN,PL,2,PST	t,a,g,ħ,s,r,u
g,ħ,a,s,a,r,$,V,IPFV,FIN,FEM,SG,3,PST	t,a,g,ħ,s,a,r
g,ħ,a,s,a,r,$,V,PRF,FIN,PL,2,PST	g,ħ,a,s,a,r,t,u
g,ħ,a,s,a,r,$,V,IPFV,FIN,SG,1,PST	n,a,g,ħ,s,a,r
g,ħ,a,s,a,r,$,V,PRF,FIN,PL,1,PST	g,ħ,a,s,a,r,n,a
g,ħ,a,s,a,r,$,V,IPFV,FIN,PL,3,PST	j,a,g,ħ,s,r,u
g,ħ,a,s,a,r,$,V,PRF,FIN,SG,1,PST	g,ħ,a,s,a,r,t
g,ħ,a,s,a,r,$,V,FIN,IMP,SG,2	a,g,ħ,s,a,r
g,ħ,a,s,a,r,$,V,PRF,FIN,MASC,SG,3,PST	g,ħ,a,s,a,r
g,ħ,a,s,a,r,$,V,IPFV,FIN,PL,1,PST	n,a,g,ħ,s,r,u
g,ħ,a,s,a,r,$,V,FIN,IMP,PL,1	a,g,ħ,s,r,u
ħ,o,l,o,q,$,V,IPFV,FIN,PL,2,PST	t,o,ħ,o,l,q,u
ħ,o,l,o,q,$,V,FIN,IMP,PL,1	o,ħ,o,l,q,u
ħ,o,l,o,q,$,V,PRF,FIN,SG,2,PST	ħ,l,o,q,t
ħ,o,l,o,q,$,V,PRF,FIN,SG,1,PST	ħ,l,o,q,t
ħ,o,l,o,q,$,V,IPFV,FIN,MASC,SG,3,PST	j,o,ħ,l,o,q
ħ,o,l,o,q,$,V,IPFV,FIN,FEM,SG,3,PST	t,o,ħ,l,o,q
ħ,o,l,o,q,$,V,FIN,IMP,SG,2	o,ħ,l,o,q
ħ,o,l,o,q,$,V,PRF,FIN,PL,1,PST	ħ,l,o,q,n,a
ħ,o,l,o,q,$,V,IPFV,FIN,PL,3,PST	j,o,ħ,o,l,q,u
ħ,o,l,o,q,$,V,PRF,FIN,PL,2,PST	ħ,l,o,q,t,u
ħ,o,l,o,q,$,V,IPFV,FIN,SG,2,PST	t,o,ħ,l,o,q
ħ,o,l,o,q,$,V,PRF,FIN,FEM,SG,3,PST	ħ,o,l,q,o,t
ħ,o,l,o,q,$,V,PRF,FIN,PL,3,PST	ħ,o,l,q,u
ħ,o,l,o,q,$,V,IPFV,FIN,PL,1,PST	n,o,ħ,o,l,q,u
ħ,o,l,o,q,$,V,IPFV,FIN,SG,1,PST	n,o,ħ,l,o,q
ħ,o,l,o,q,$,V,PRF,FIN,MASC,SG,3,PST	ħ,o,l,o,q
b,i,e,s,$,V,IPFV,FIN,PL,2,PST	t,b,u,s,u
b,i,e,s,$,V,PRF,FIN,PL,3,PST	b,i,e,s,u
b,i,e,s,$,V,FIN,IMP,SG,2	b,u,s
b,i,e,s,$,V,IPFV,FIN,MASC,SG,3,PST	j,b,u,s
b,i,e,s,$,V,IPFV,FIN,FEM,SG,3,PST	t,b,u,s
b,i,e,s,$,V,FIN,IMP,PL,1	b,u,s
b,i,e,s,$,V,PRF,FIN,SG,2,PST	b,i,s,t
b,i,e,s,$,V,IPFV,FIN,PL,3,PST	j,b,u,s,u
b,i,e,s,$,V,PRF,FIN,PL,2,PST	b,i,s,t,u
b,i,e,s,$,V,IPFV,FIN,PL,1,PST	n,b,u,s,u
b,i,e,s,$,V,PRF,FIN,SG,1,PST	b,i,s,t
b,i,e,s,$,V,PRF,FIN,PL,1,PST	b,i,s,n,a
b,i,e,s,$,V,PRF,FIN,MASC,SG,3,PST	b,i,e,s
b,i,e,s,$,V,IPFV,FIN,SG,1,PST	n,b,u,s
b,i,e,s,$,V,PRF,FIN,FEM,SG,3,PST	b,i,e,s,e,t
b,i,e,s,$,V,IPFV,FIN,SG,2,PST	t,b,u,s
ħ,u,$,N,MASC+FEM,SG,2	ħ,u,k
ħ,u,$,N,MASC,SG,3	ħ,u,h
ħ,u,$,N,FEM,SG,3	ħ,u,h,a
ħ,u,$,N,MASC+FEM,SG,1	ħ,i,j,a
ħ,u,$,N,MASC+FEM,PL,3	ħ,u,h,o,m
ħ,u,$,N,MASC+FEM,PL,1	ħ,u,n,a
ħ,u,$,N,MASC+FEM,PL,2	ħ,u,k,o,m
ħ,u,$,N	ħ,u
i,p,p,r,o,j,b,i,x,x,a,$,V,IPFV,FIN,MASC,SG,3,PST	j,i,p,p,r,o,j,b,i,x,x,i
i,p,p,r,o,j,b,i,x,x,a,$,V,PRF,FIN,PL,2,PST	i,p,p,r,o,j,b,i,x,x,e,j,t,u
i,p,p,r,o,j,b,i,x,x,a,$,V,FIN,IMP,SG,2	i,p,p,r,o,j,b,i,x,x,i
i,p,p,r,o,j,b,i,x,x,a,$,V,PRF,FIN,FEM,SG,3,PST	i,p,p,r,o,j,b,i,x,x,i,e,t
i,p,p,r,o,j,b,i,x,x,a,$,V,IPFV,FIN,PL,3,PST	j,i,p,p,r,o,j,b,i,x,x,u
i,p,p,r,o,j,b,i,x,x,a,$,V,PRF,FIN,PL,3,PST	i,p,p,r,o,j,b,i,x,x,e,w
i,p,p,r,o,j,b,i,x,x,a,$,V,FIN,IMP,PL,1	i,p,p,r,o,j,b,i,x,x,u
i,p,p,r,o,j,b,i,x,x,a,$,V,PRF,FIN,SG,1,PST	i,p,p,r,o,j,b,i,x,x,e,j,t
i,p,p,r,o,j,b,i,x,x,a,$,V,IPFV,FIN,SG,2,PST	t,i,p,p,r,o,j,b,i,x,x,i
i,p,p,r,o,j,b,i,x,x,a,$,V,IPFV,FIN,PL,1,PST	n,i,p,p,r,o,j,b,i,x,x,u
i,p,p,r,o,j,b,i,x,x,a,$,V,PRF,FIN,MASC,SG,3,PST	i,p,p,r,o,j,b,i,x,x,a
i,p,p,r,o,j,b,i,x,x,a,$,V,IPFV,FIN,FEM,SG,3,PST	t,i,p,p,r,o,j,b,i,x,x,i
i,p,p,r,o,j,b,i,x,x,a,$,V,PRF,FIN,PL,1,PST	i,p,p,r,o,j,b,i,x,x,e,j,n,a
i,p,p,r,o,j,b,i,x,x,a,$,V,PRF,FIN,SG,2,PST	i,p,p,r,o,j,b,i,x,x,e,j,t
i,p,p,r,o,j,b,i,x,x,a,$,V,IPFV,FIN,PL,2,PST	t,i,p,p,r,o,j,b,i,x,x,u
i,p,p,r,o,j,b,i,x,x,a,$,V,IPFV,FIN,SG,1,PST	n,i,p,p,r,o,j,b,i,x,x,i
w,e,r,a,$,V,PRF,FIN,PL,1,PST	u,r,e,j,n,a
w,e,r,a,$,V,IPFV,FIN,PL,3,PST	j,u,r,u
w,e,r,a,$,V,PRF,FIN,PL,3,PST	u,r,e,w
w,e,r,a,$,V,FIN,IMP,SG,2	u,r,i
w,e,r,a,$,V,PRF,FIN,MASC,SG,3,PST	w,e,r,a
w,e,r,a,$,V,PRF,FIN,FEM,SG,3,PST	u,r,i,e,t
w,e,r,a,$,V,IPFV,FIN,FEM,SG,3,PST	t,u,r,i
w,e,r,a,$,V,IPFV,FIN,PL,2,PST	t,u,r,u
w,e,r,a,$,V,PRF,FIN,SG,2,PST	u,r,e,j,t
w,e,r,a,$,V,IPFV,FIN,SG,1,PST	n,u,r,i
w,e,r,a,$,V,IPFV,FIN,PL,1,PST	n,u,r,u
w,e,r,a,$,V,PRF,FIN,SG,1,PST	u,r,e,j,t
w,e,r,a,$,V,IPFV,FIN,SG,2,PST	t,u,r,i
w,e,r,a,$,V,IPFV,FIN,MASC,SG,3,PST	j,u,r,i
w,e,r,a,$,V,FIN,IMP,PL,1	u,r,u
w,e,r,a,$,V,PRF,FIN,PL,2,PST	u,r,e,j,t,u
a,g,g,r,e,d,i,x,x,a,$,V,PRF,FIN,SG,2,PST	a,g,g,r,e,d,i,x,x,e,j,t
a,g,g,r,e,d,i,x,x,a,$,V,PRF,FIN,MASC,SG,3,PST	a,g,g,r,e,d,i,x,x,a
a,g,g,r,e,d,i,x,x,a,$,V,IPFV,FIN,PL,2,PST	t,a,g,g,r,e,d,i,x,x,u
a,g,g,r,e,d,i,x,x,a,$,V,IPFV,FIN,PL,3,PST	j,a,g,g,r,e,d,i,x,x,u
a,g,g,r,e,d,i,x,x,a,$,V,IPFV,FIN,PL,1,PST	n,a,g,g,r,e,d,i,x,x,u
a,g,g,r,e,d,i,x,x,a,$,V,FIN,IMP,PL,1	a,g,g,r,e,d,i,x,x,u
a,g,g,r,e,d,i,x,x,a,$,V,PRF,FIN,SG,1,PST	a,g,g,r,e,d,i,x,x,e,j,t
a,g,g,r,e,d,i,x,x,a,$,V,IPFV,FIN,FEM,SG,3,PST	t,a,g,g,r,e,d,i,x,x,i
a,g,g,r,e,d,i,x,x,a,$,V,PRF,FIN,PL,3,PST	a,g,g,r,e,d,i,x,x,e,w
a,g,g,r,e,d,i,x,x,a,$,V,PRF,FIN,PL,2,PST	a,g,g,r,e,d,i,x,x,e,j,t,u
a,g,g,r,e,d,i,x,x,a,$,V,IPFV,FIN,SG,1,PST	n,a,g,g,r,e,d,i,x,x,i
a,g,g,r,e,d,i,x,x,a,$,V,PRF,FIN,PL,1,PST	a,g,g,r,e,d,i,x,x,e,j,n,a
a,g,g,r,e,d,i,x,x,a,$,V,IPFV,FIN,SG,2,PST	t,a,g,g,r,e,d,i,x,x,i
a,g,g,r,e,d,i,x,x,a,$,V,PRF,FIN,FEM,SG,3,PST	a,g,g,r,e,d,i,x,x,i,e,t
a,g,g,r,e,d,i,x,x,a,$,V,IPFV,FIN,MASC,SG,3,PST	j,a,g,g,r,e,d,i,x,x,i
a,g,g,r,e,d,i,x,x,a,$,V,FIN,IMP,SG,2	a,g,g,r,e,d,i,x,x,i
i,r,r,i,s,p,o,n,d,a,$,V,PRF,FIN,PL,1,PST	i,r,r,i,s,p,o,n,d,e,j,n,a
i,r,r,i,s,p,o,n,d,a,$,V,IPFV,FIN,SG,2,PST	t,i,r,r,i,s,p,o,n,d,i
i,r,r,i,s,p,o,n,d,a,$,V,IPFV,FIN,PL,2,PST	t,i,r,r,i,s,p,o,n,d,u
i,r,r,i,s,p,o,n,d,a,$,V,IPFV,FIN,PL,3,PST	j,i,r,r,i,s,p,o,n,d,u
i,r,r,i,s,p,o,n,d,a,$,V,PRF,FIN,FEM,SG,3,PST	i,r,r,i,s,p,o,n,d,i,e,t
i,r,r,i,s,p,o,n,d,a,$,V,FIN,IMP,SG,2	i,r,r,i,s,p,o,n,d,i
i,r,r,i,s,p,o,n,d,a,$,V,PRF,FIN,SG,1,PST	i,r,r,i,s,p,o,n,d,e,j,t
i,r,r,i,s,p,o,n,d,a,$,V,FIN,IMP,PL,1	i,r,r,i,s,p,o,n,d,u
i,r,r,i,s,p,o,n,d,a,$,V,IPFV,FIN,MASC,SG,3,PST	j,i,r,r,i,s,p,o,n,d,i
i,r,r,i,s,p,o,n,d,a,$,V,IPFV,FIN,PL,1,PST	n,i,r,r,i,s,p,o,n,d,u
i,r,r,i,s,p,o,n,d,a,$,V,PRF,FIN,MASC,SG,3,PST	i,r,r,i,s,p,o,n,d,a
i,r,r,i,s,p,o,n,d,a,$,V,IPFV,FIN,FEM,SG,3,PST	t,i,r,r,i,s,p,o,n,d,i
i,r,r,i,s,p,o,n,d,a,$,V,PRF,FIN,PL,2,PST	i,r,r,i,s,p,o,n,d,e,j,t,u
i,r,r,i,s,p,o,n,d,a,$,V,IPFV,FIN,SG,1,PST	n,i,r,r,i,s,p,o,n,d,i
i,r,r,i,s,p,o,n,d,a,$,V,PRF,FIN,PL,3,PST	i,r,r,i,s,p,o,n,d,e,w
i,r,r,i,s,p,o,n,d,a,$,V,PRF,FIN,SG,2,PST	i,r,r,i,s,p,o,n,d,e,j,t
g,ħ,a,l,a,q,$,V,IPFV,FIN,SG,2,PST	t,a,g,ħ,l,a,q
g,ħ,a,l,a,q,$,V,PRF,FIN,PL,1,PST	g,ħ,a,l,a,q,n,a
g,ħ,a,l,a,q,$,V,PRF,FIN,PL,3,PST	g,ħ,a,l,q,u
g,ħ,a,l,a,q,$,V,FIN,IMP,PL,1	a,g,ħ,l,q,u
g,ħ,a,l,a,q,$,V,IPFV,FIN,FEM,SG,3,PST	t,a,g,ħ,l,a,q
g,ħ,a,l,a,q,$,V,PRF,FIN,SG,2,PST	g,ħ,a,l,a,q,t
g,ħ,a,l,a,q,$,V,PRF,FIN,SG,1,PST	g,ħ,a,l,a,q,t
g,ħ,a,l,a,q,$,V,PRF,FIN,PL,2,PST	g,ħ,a,l,a,q,t,u
g,ħ,a,l,a,q,$,V,IPFV,FIN,PL,2,PST	t,a,g,ħ,l,q,u
g,ħ,a,l,a,q,$,V,IPFV,FIN,PL,3,PST	j,a,g,ħ,l,q,u
g,ħ,a,l,a,q,$,V,PRF,FIN,MASC,SG,3,PST	g,ħ,a,l,a,q
g,ħ,a,l,a,q,$,V,IPFV,FIN,MASC,SG,3,PST	j,a,g,ħ,l,a,q
g,ħ,a,l,a,q,$,V,IPFV,FIN,SG,1,PST	n,a,g,ħ,l,a,q
g,ħ,a,l,a,q,$,V,FIN,IMP,SG,2	a,g,ħ,l,a,q
g,ħ,a,l,a,q,$,V,PRF,FIN,FEM,SG,3,PST	g,ħ,a,l,q,e,t
g,ħ,a,l,a,q,$,V,IPFV,FIN,PL,1,PST	n,a,g,ħ,l,q,u
a,m,m,i,r,a,$,V,PRF,FIN,FEM,SG,3,PST	a,m,m,i,r,a,t
a,m,m,i,r,a,$,V,IPFV,FIN,MASC,SG,3,PST	j,a,m,m,i,r,a
a,m,m,i,r,a,$,V,FIN,IMP,PL,1	a,m,m,i,r,a,w
a,m,m,i,r,a,$,V,PRF,FIN,PL,1,PST	a,m,m,i,r,a,j,n,a
a,m,m,i,r,a,$,V,PRF,FIN,MASC,SG,3,PST	a,m,m,i,r,a
a,m,m,i,r,a,$,V,PRF,FIN,PL,2,PST	a,m,m,i,r,a,j,t,u
a,m,m,i,r,a,$,V,PRF,FIN,SG,1,PST	a,m,m,i,r,a,j,t
a,m,m,i,r,a,$,V,IPFV,FIN,PL,2,PST	t,a,m,m,i,r,a,w
a,m,m,i,r,a,$,V,IPFV,FIN,PL,1,PST	n,a,m,m,i,r,a,w
a,m,m,i,r,a,$,V,IPFV,FIN,PL,3,PST	j,a,m,m,i,r,a,w
a,m,m,i,r,a,$,V,IPFV,FIN,SG,2,PST	t,a,m,m,i,r,a
a,m,m,i,r,a,$,V,IPFV,FIN,SG,1,PST	n,a,m,m,i,r,a
a,m,m,i,r,a,$,V,IPFV,FIN,FEM,SG,3,PST	t,a,m,m,i,r,a
a,m,m,i,r,a,$,V,PRF,FIN,SG,2,PST	a,m,m,i,r,a,j,t
a,m,m,i,r,a,$,V,PRF,FIN,PL,3,PST	a,m,m,i,r,a,w
a,m,m,i,r,a,$,V,FIN,IMP,SG,2	a,m,m,i,r,a
x,e,g,ħ,e,l,$,V,PRF,FIN,PL,2,PST	x,g,ħ,e,l,t,u
x,e,g,ħ,e,l,$,V,IPFV,FIN,SG,1,PST	n,i,x,g,ħ,e,l
x,e,g,ħ,e,l,$,V,IPFV,FIN,PL,2,PST	t,i,x,e,g,ħ,l,u
x,e,g,ħ,e,l,$,V,PRF,FIN,PL,1,PST	x,g,ħ,e,l,n,a
x,e,g,ħ,e,l,$,V,IPFV,FIN,MASC,SG,3,PST	j,i,x,g,ħ,e,l
x,e,g,ħ,e,l,$,V,PRF,FIN,MASC,SG,3,PST	x,e,g,ħ,e,l
x,e,g,ħ,e,l,$,V,IPFV,FIN,SG,2,PST	t,i,x,g,ħ,e,l
x,e,g,ħ,e,l,$,V,FIN,IMP,PL,1	i,x,e,g,ħ,l,u
x,e,g,ħ,e,l,$,V,PRF,FIN,FEM,SG,3,PST	x,e,g,ħ,l,e,t
x,e,g,ħ,e,l,$,V,IPFV,FIN,FEM,SG,3,PST	t,i,x,g,ħ,e,l
x,e,g,ħ,e,l,$,V,FIN,IMP,SG,2	i,x,g,ħ,e,l
x,e,g,ħ,e,l,$,V,PRF,FIN,PL,3,PST	x,e,g,ħ,l,u
x,e,g,ħ,e,l,$,V,IPFV,FIN,PL,1,PST	n,i,x,e,g,ħ,l,u
x,e,g,ħ,e,l,$,V,PRF,FIN,SG,2,PST	x,g,ħ,e,l,t
x,e,g,ħ,e,l,$,V,IPFV,FIN,PL,3,PST	j,i,x,e,g,ħ,l,u
x,e,g,ħ,e,l,$,V,PRF,FIN,SG,1,PST	x,g,ħ,e,l,t
d,a,ħ,a,l,$,V,FIN,IMP,SG,2	i,d,ħ,o,l
d,a,ħ,a,l,$,V,IPFV,FIN,MASC,SG,3,PST	j,i,d,ħ,o,l
d,a,ħ,a,l,$,V,IPFV,FIN,PL,3,PST	j,i,d,ħ,l,u
d,a,ħ,a,l,$,V,PRF,FIN,SG,1,PST	d,ħ,a,l,t
d,a,ħ,a,l,$,V,IPFV,FIN,SG,2,PST	t,i,d,ħ,o,l
d,a,ħ,a,l,$,V,PRF,FIN,SG,2,PST	d,ħ,a,l,t
d,a,ħ,a,l,$,V,IPFV,FIN,PL,1,PST	n,i,d,ħ,l,u
d,a,ħ,a,l,$,V,IPFV,FIN,PL,2,PST	t,i,d,ħ,l,u
d,a,ħ,a,l,$,V,PRF,FIN,PL,2,PST	d,ħ,a,l,t,u
d,a,ħ,a,l,$,V,IPFV,FIN,SG,1,PST	n,i,d,ħ,o,l
d,a,ħ,a,l,$,V,PRF,FIN,PL,3,PST	d,a,ħ,l,u
d,a,ħ,a,l,$,V,FIN,IMP,PL,1	i,d,ħ,l,u
d,a,ħ,a,l,$,V,IPFV,FIN,FEM,SG,3,PST	t,i,d,ħ,o,l
d,a,ħ,a,l,$,V,PRF,FIN,PL,1,PST	d,ħ,a,l,n,a
d,a,ħ,a,l,$,V,PRF,FIN,MASC,SG,3,PST	d,a,ħ,a,l
d,a,ħ,a,l,$,V,PRF,FIN,FEM,SG,3,PST	d,a,ħ,l,e,t
k,e,l,l,$,V,FIN,MASC+FEM,PL,1	k,e,l,l,n,a
k,e,l,l,$,V,FIN,MASC+FEM,PL,2	k,e,l,l,k,o,m
k,e,l,l,$,V,FIN,MASC+FEM,SG,1	k,e,l,l,n,i
k,e,l,l,$,V,FIN,MASC+FEM,PL,3	k,e,l,l,h,o,m
k,e,l,l,$,V,FIN,FEM,SG,3	k,e,l,l,h,a
k,e,l,l,$,V,FIN,MASC,SG,3	k,e,l,l,u
k,e,l,l,$,V,FIN,MASC+FEM,SG,2	k,e,l,l,e,k
k,e,l,l,$,V,NFIN	k,e,l,l
w,i,e,ġ,e,b,$,V,IPFV,FIN,SG,1,PST	n,w,i,e,ġ,e,b
w,i,e,ġ,e,b,$,V,PRF,FIN,MASC,SG,3,PST	w,i,e,ġ,e,b
w,i,e,ġ,e,b,$,V,PRF,FIN,SG,2,PST	w,e,ġ,i,b,t
w,i,e,ġ,e,b,$,V,IPFV,FIN,MASC,SG,3,PST	j,w,i,e,ġ,e,b
w,i,e,ġ,e,b,$,V,PRF,FIN,PL,2,PST	w,e,ġ,i,b,t,u
w,i,e,ġ,e,b,$,V,FIN,IMP,PL,1	w,i,e,ġ,b,u
w,i,e,ġ,e,b,$,V,PRF,FIN,SG,1,PST	w,e,ġ,i,b,t
w,i,e,ġ,e,b,$,V,IPFV,FIN,PL,1,PST	n,w,i,e,ġ,b,u
w,i,e,ġ,e,b,$,V,PRF,FIN,FEM,SG,3,PST	w,i,e,ġ,b,e,t
w,i,e,ġ,e,b,$,V,PRF,FIN,PL,1,PST	w,e,ġ,i,b,n,a
w,i,e,ġ,e,b,$,V,PRF,FIN,PL,3,PST	w,i,e,ġ,b,u
w,i,e,ġ,e,b,$,V,IPFV,FIN,SG,2,PST	t,w,i,e,ġ,e,b
w,i,e,ġ,e,b,$,V,IPFV,FIN,PL,3,PST	j,w,i,e,ġ,b,u
w,i,e,ġ,e,b,$,V,IPFV,FIN,FEM,SG,3,PST	t,w,i,e,ġ,e,b
w,i,e,ġ,e,b,$,V,IPFV,FIN,PL,2,PST	t,w,i,e,ġ,b,u
w,i,e,ġ,e,b,$,V,FIN,IMP,SG,2	w,i,e,ġ,e,b
m,a,r,$,V,IPFV,FIN,SG,2,PST	t,m,u,r
m,a,r,$,V,PRF,FIN,MASC,SG,3,PST	m,a,r
m,a,r,$,V,FIN,IMP,SG,2	m,u,r
m,a,r,$,V,PRF,FIN,SG,2,PST	m,u,r,t
m,a,r,$,V,IPFV,FIN,PL,3,PST	i,m,o,r,r,u
m,a,r,$,V,PRF,FIN,PL,3,PST	m,a,r,r,u
m,a,r,$,V,FIN,IMP,PL,1	m,o,r,r,u
m,a,r,$,V,PRF,FIN,PL,1,PST	m,o,r,n,a
m,a,r,$,V,IPFV,FIN,PL,2,PST	t,m,o,r,r,u
m,a,r,$,V,IPFV,FIN,MASC,SG,3,PST	i,m,u,r
m,a,r,$,V,PRF,FIN,FEM,SG,3,PST	m,a,r,r,e,t
m,a,r,$,V,PRF,FIN,SG,1,PST	m,u,r,t
m,a,r,$,V,IPFV,FIN,FEM,SG,3,PST	t,m,u,r
m,a,r,$,V,IPFV,FIN,PL,1,PST	i,m,m,o,r,r,u
m,a,r,$,V,PRF,FIN,PL,2,PST	m,o,r,t,u
m,a,r,$,V,IPFV,FIN,SG,1,PST	i,m,m,u,r
i,m,b,o,t,t,a,$,V,IPFV,FIN,SG,1,PST	n,i,m,b,o,t,t,a
i,m,b,o,t,t,a,$,V,IPFV,FIN,FEM,SG,3,PST	t,i,m,b,o,t,t,a
i,m,b,o,t,t,a,$,V,IPFV,FIN,MASC,SG,3,PST	j,i,m,b,o,t,t,a
i,m,b,o,t,t,a,$,V,PRF,FIN,SG,2,PST	i,m,b,o,t,t,a,j,t
i,m,b,o,t,t,a,$,V,IPFV,FIN,SG,2,PST	t,i,m,b,o,t,t,a
i,m,b,o,t,t,a,$,V,PRF,FIN,PL,1,PST	i,m,b,o,t,t,a,j,n,a
i,m,b,o,t,t,a,$,V,PRF,FIN,SG,1,PST	i,m,b,o,t,t,a,j,t
i,m,b,o,t,t,a,$,V,IPFV,FIN,PL,3,PST	j,i,m,b,o,t,t,a,w
i,m,b,o,t,t,a,$,V,PRF,FIN,MASC,SG,3,PST	i,m,b,o,t,t,a
i,m,b,o,t,t,a,$,V,FIN,IMP,PL,1	i,m,b,o,t,t,a,w
i,m,b,o,t,t,a,$,V,FIN,IMP,SG,2	i,m,b,o,t,t,a
i,m,b,o,t,t,a,$,V,PRF,FIN,PL,2,PST	i,m,b,o,t,t,a,j,t,u
i,m,b,o,t,t,a,$,V,IPFV,FIN,PL,2,PST	t,i,m,b,o,t,t,a,w
i,m,b,o,t,t,a,$,V,IPFV,FIN,PL,1,PST	n,i,m,b,o,t,t,a,w
i,m,b,o,t,t,a,$,V,PRF,FIN,FEM,SG,3,PST	i,m,b,o,t,t,a,t
i,m,b,o,t,t,a,$,V,PRF,FIN,PL,3,PST	i,m,b,o,t,t,a,w
ħ,a,$,V,PRF,FIN,SG,1,PST	ħ,a,d,t
ħ,a,$,V,IPFV,FIN,FEM,SG,3,PST	t,i,e,ħ,u
ħ,a,$,V,IPFV,FIN,PL,3,PST	j,i,e,ħ,d,u
ħ,a,$,V,IPFV,FIN,MASC,SG,3,PST	j,i,e,ħ,u
ħ,a,$,V,PRF,FIN,FEM,SG,3,PST	ħ,a,d,e,t
ħ,a,$,V,PRF,FIN,PL,1,PST	ħ,a,d,n,a
ħ,a,$,V,PRF,FIN,PL,3,PST	ħ,a,d,u
ħ,a,$,V,IPFV,FIN,PL,1,PST	n,i,e,ħ,d,u
ħ,a,$,V,IPFV,FIN,PL,2,PST	t,i,e,ħ,d,u
ħ,a,$,V,FIN,IMP,PL,1	ħ,u,d,u
ħ,a,$,V,PRF,FIN,MASC,SG,3,PST	ħ,a
ħ,a,$,V,IPFV,FIN,SG,1,PST	n,i,e,ħ,u
ħ,a,$,V,PRF,FIN,PL,2,PST	ħ,a,d,t,u
ħ,a,$,V,PRF,FIN,SG,2,PST	ħ,a,d,t
ħ,a,$,V,FIN,IMP,SG,2	ħ,u
ħ,a,$,V,IPFV,FIN,SG,2,PST	t,i,e,ħ,u
e,m,m,e,n,$,V,PRF,FIN,PL,1,PST	e,m,m,i,n,n,a
e,m,m,e,n,$,V,PRF,FIN,SG,2,PST	e,m,m,i,n,t
e,m,m,e,n,$,V,IPFV,FIN,FEM,SG,3,PST	t,e,m,m,e,n
e,m,m,e,n,$,V,IPFV,FIN,PL,2,PST	t,e,m,m,n,u
e,m,m,e,n,$,V,FIN,IMP,SG,2	e,m,m,e,n
e,m,m,e,n,$,V,PRF,FIN,PL,3,PST	e,m,m,n,u
e,m,m,e,n,$,V,PRF,FIN,FEM,SG,3,PST	e,m,m,n,e,t
e,m,m,e,n,$,V,PRF,FIN,SG,1,PST	e,m,m,i,n,t
e,m,m,e,n,$,V,IPFV,FIN,MASC,SG,3,PST	j,e,m,m,e,n
e,m,m,e,n,$,V,PRF,FIN,PL,2,PST	e,m,m,i,n,t,u
e,m,m,e,n,$,V,FIN,IMP,PL,1	e,m,m,n,u
e,m,m,e,n,$,V,IPFV,FIN,SG,2,PST	t,e,m,m,e,n
e,m,m,e,n,$,V,PRF,FIN,MASC,SG,3,PST	e,m,m,e,n
e,m,m,e,n,$,V,IPFV,FIN,PL,3,PST	j,e,m,m,n,u
e,m,m,e,n,$,V,IPFV,FIN,SG,1,PST	n,e,m,m,e,n
e,m,m,e,n,$,V,IPFV,FIN,PL,1,PST	n,e,m,m,n,u
d,i,n,e,b,$,V,FIN,IMP,SG,2	i,d,n,e,b
d,i,n,e,b,$,V,PRF,FIN,PL,3,PST	d,i,n,b,u
d,i,n,e,b,$,V,PRF,FIN,PL,2,PST	d,n,i,b,t,u
d,i,n,e,b,$,V,PRF,FIN,FEM,SG,3,PST	d,i,n,b,e,t
d,i,n,e,b,$,V,IPFV,FIN,PL,1,PST	n,i,d,i,n,b,u
d,i,n,e,b,$,V,IPFV,FIN,PL,2,PST	t,i,d,i,n,b,u
d,i,n,e,b,$,V,IPFV,FIN,SG,1,PST	n,i,d,n,e,b
d,i,n,e,b,$,V,IPFV,FIN,FEM,SG,3,PST	t,i,d,n,e,b
d,i,n,e,b,$,V,PRF,FIN,MASC,SG,3,PST	d,i,n,e,b
d,i,n,e,b,$,V,IPFV,FIN,SG,2,PST	t,i,d,n,e,b
d,i,n,e,b,$,V,IPFV,FIN,PL,3,PST	j,i,d,i,n,b,u
d,i,n,e,b,$,V,PRF,FIN,PL,1,PST	d,n,i,b,n,a
d,i,n,e,b,$,V,FIN,IMP,PL,1	i,d,i,n,b,u
d,i,n,e,b,$,V,PRF,FIN,SG,2,PST	d,n,i,b,t
d,i,n,e,b,$,V,PRF,FIN,SG,1,PST	d,n,i,b,t
d,i,n,e,b,$,V,IPFV,FIN,MASC,SG,3,PST	j,i,d,n,e,b
s,a,m,a,t,$,V,IPFV,FIN,PL,2,PST	t,i,s,m,t,u
s,a,m,a,t,$,V,IPFV,FIN,MASC,SG,3,PST	j,i,s,m,o,t
s,a,m,a,t,$,V,FIN,IMP,PL,1	i,s,m,t,u
s,a,m,a,t,$,V,IPFV,FIN,PL,1,PST	n,i,s,m,t,u
s,a,m,a,t,$,V,PRF,FIN,MASC,SG,3,PST	s,a,m,a,t
s,a,m,a,t,$,V,PRF,FIN,PL,1,PST	s,m,a,t,n,a
s,a,m,a,t,$,V,PRF,FIN,SG,2,PST	s,m,a,t,t
s,a,m,a,t,$,V,PRF,FIN,SG,1,PST	s,m,a,t,t
s,a,m,a,t,$,V,IPFV,FIN,FEM,SG,3,PST	t,i,s,m,o,t
s,a,m,a,t,$,V,IPFV,FIN,SG,1,PST	n,i,s,m,o,t
s,a,m,a,t,$,V,PRF,FIN,FEM,SG,3,PST	s,a,m,t,e,t
s,a,m,a,t,$,V,IPFV,FIN,PL,3,PST	j,i,s,m,t,u
s,a,m,a,t,$,V,IPFV,FIN,SG,2,PST	t,i,s,m,o,t
s,a,m,a,t,$,V,FIN,IMP,SG,2	i,s,m,o,t
s,a,m,a,t,$,V,PRF,FIN,PL,2,PST	s,m,a,t,t,u
s,a,m,a,t,$,V,PRF,FIN,PL,3,PST	s,a,m,t,u
d,a,f,a,r,$,V,PRF,FIN,SG,1,PST	d,f,a,r,t
d,a,f,a,r,$,V,FIN,IMP,SG,2	i,d,f,o,r
d,a,f,a,r,$,V,IPFV,FIN,PL,3,PST	j,i,d,f,r,u
d,a,f,a,r,$,V,PRF,FIN,FEM,SG,3,PST	d,a,f,r,e,t
d,a,f,a,r,$,V,IPFV,FIN,SG,2,PST	t,i,d,f,o,r
d,a,f,a,r,$,V,PRF,FIN,MASC,SG,3,PST	d,a,f,a,r
d,a,f,a,r,$,V,PRF,FIN,PL,3,PST	d,a,f,r,u
d,a,f,a,r,$,V,IPFV,FIN,FEM,SG,3,PST	t,i,d,f,o,r
d,a,f,a,r,$,V,IPFV,FIN,PL,2,PST	t,i,d,f,r,u
d,a,f,a,r,$,V,PRF,FIN,PL,2,PST	d,f,a,r,t,u
d,a,f,a,r,$,V,PRF,FIN,SG,2,PST	d,f,a,r,t
d,a,f,a,r,$,V,IPFV,FIN,MASC,SG,3,PST	j,i,d,f,o,r
d,a,f,a,r,$,V,IPFV,FIN,PL,1,PST	n,i,d,f,r,u
d,a,f,a,r,$,V,PRF,FIN,PL,1,PST	d,f,a,r,n,a
d,a,f,a,r,$,V,IPFV,FIN,SG,1,PST	n,i,d,f,o,r
d,a,f,a,r,$,V,FIN,IMP,PL,1	i,d,f,r,u
f,i,r,e,d,$,V,IPFV,FIN,SG,1,PST	n,i,f,r,e,d
f,i,r,e,d,$,V,FIN,IMP,SG,2	i,f,r,e,d
f,i,r,e,d,$,V,IPFV,FIN,PL,3,PST	j,i,f,r,d,u
f,i,r,e,d,$,V,PRF,FIN,SG,2,PST	f,r,i,d,t
f,i,r,e,d,$,V,IPFV,FIN,PL,1,PST	n,i,f,r,d,u
f,i,r,e,d,$,V,IPFV,FIN,PL,2,PST	t,i,f,r,d,u
f,i,r,e,d,$,V,PRF,FIN,FEM,SG,3,PST	f,i,r,d,e,t
f,i,r,e,d,$,V,IPFV,FIN,SG,2,PST	t,i,f,r,e,d
f,i,r,e,d,$,V,IPFV,FIN,MASC,SG,3,PST	j,i,f,r,e,d
f,i,r,e,d,$,V,PRF,FIN,MASC,SG,3,PST	f,i,r,e,d
f,i,r,e,d,$,V,PRF,FIN,PL,3,PST	f,i,r,d,u
f,i,r,e,d,$,V,PRF,FIN,PL,2,PST	f,r,i,d,t,u
f,i,r,e,d,$,V,PRF,FIN,PL,1,PST	f,r,i,d,n,a
f,i,r,e,d,$,V,FIN,IMP,PL,1	i,f,r,d,u
f,i,r,e,d,$,V,IPFV,FIN,FEM,SG,3,PST	t,i,f,r,e,d
f,i,r,e,d,$,V,PRF,FIN,SG,1,PST	f,r,i,d,t
x,t,a,q,$,V,IPFV,FIN,SG,1,PST	n,i,x,t,i,e,q
x,t,a,q,$,V,PRF,FIN,PL,3,PST	x,t,a,q,u
x,t,a,q,$,V,IPFV,FIN,PL,3,PST	j,i,x,t,i,e,q,u
x,t,a,q,$,V,FIN,IMP,SG,2	x,t,i,e,q
x,t,a,q,$,V,IPFV,FIN,MASC,SG,3,PST	j,i,x,t,i,e,q
x,t,a,q,$,V,PRF,FIN,SG,1,PST	x,t,a,q,t
x,t,a,q,$,V,PRF,FIN,SG,2,PST	x,t,a,q,t
x,t,a,q,$,V,FIN,IMP,PL,1	x,t,i,e,q,u
x,t,a,q,$,V,PRF,FIN,FEM,SG,3,PST	x,t,a,q,e,t
x,t,a,q,$,V,IPFV,FIN,PL,2,PST	t,i,x,t,i,e,q,u
x,t,a,q,$,V,PRF,FIN,MASC,SG,3,PST	x,t,a,q
x,t,a,q,$,V,IPFV,FIN,SG,2,PST	t,i,x,t,i,e,q
x,t,a,q,$,V,IPFV,FIN,FEM,SG,3,PST	t,i,x,t,i,e,q
x,t,a,q,$,V,PRF,FIN,PL,1,PST	x,t,a,q,n,a
x,t,a,q,$,V,IPFV,FIN,PL,1,PST	n,i,x,t,i,e,q,u
x,t,a,q,$,V,PRF,FIN,PL,2,PST	x,t,a,q,t,u
w,a,s,a,l,$,V,IPFV,FIN,PL,3,PST	j,a,s,l,u
w,a,s,a,l,$,V,PRF,FIN,PL,3,PST	w,a,s,l,u
w,a,s,a,l,$,V,IPFV,FIN,MASC,SG,3,PST	j,a,s,a,l
w,a,s,a,l,$,V,PRF,FIN,FEM,SG,3,PST	w,a,s,l,e,t
w,a,s,a,l,$,V,IPFV,FIN,FEM,SG,3,PST	t,a,s,a,l
w,a,s,a,l,$,V,IPFV,FIN,SG,1,PST	n,a,s,a,l
w,a,s,a,l,$,V,FIN,IMP,PL,1	a,s,l,u
w,a,s,a,l,$,V,PRF,FIN,PL,2,PST	w,a,s,a,l,t,u
w,a,s,a,l,$,V,IPFV,FIN,PL,2,PST	t,a,s,l,u
w,a,s,a,l,$,V,PRF,FIN,SG,2,PST	w,a,s,a,l,t
w,a,s,a,l,$,V,FIN,IMP,SG,2	a,s,a,l
w,a,s,a,l,$,V,PRF,FIN,MASC,SG,3,PST	w,a,s,a,l
w,a,s,a,l,$,V,IPFV,FIN,PL,1,PST	n,a,s,l,u
w,a,s,a,l,$,V,PRF,FIN,PL,1,PST	w,a,s,a,l,n,a
w,a,s,a,l,$,V,IPFV,FIN,SG,2,PST	t,a,s,a,l
w,a,s,a,l,$,V,PRF,FIN,SG,1,PST	w,a,s,a,l,t