s,e,k,a,$,V,SG,1,HOD	n,d,a,s,e,k,a
s,e,k,a,$,V,PL,1,FUT	t,i,c,h,a,s,e,k,a
s,e,k,a,$,V,PL,3,FUT	v,a,c,h,a,s,e,k,a
s,e,k,a,$,V,SG,2,PST	w,a,k,a,s,e,k,a
s,e,k,a,$,V,SG,1,PRS	n,d,i,n,o,s,e,k,a
s,e,k,a,$,V,PROG,SG,1,PRS	n,d,i,r,i,k,u,s,e,k,a
s,e,k,a,$,V,PROG,SG,3,PRS	a,r,i,k,u,s,e,k,a
s,e,k,a,$,V,PL,1,PRS	t,i,n,o,s,e,k,a
s,e,k,a,$,V,PL,3,PRS	v,a,n,o,s,e,k,a
s,e,k,a,$,V,SG,2,FUT	u,c,h,a,s,e,k,a
s,e,k,a,$,V,PL,3,PST	v,a,k,a,s,e,k,a
s,e,k,a,$,V,PL,2,PRS	m,u,n,o,s,e,k,a
s,e,k,a,$,V,PROG,PL,3,PRS	v,a,r,i,k,u,s,e,k,a
s,e,k,a,$,V,PL,2,FUT	m,u,c,h,a,s,e,k,a
s,e,k,a,$,V,SG,2,HOD	w,a,s,e,k,a
s,e,k,a,$,V,PROG,PL,1,PRS	t,i,r,i,k,u,s,e,k,a
s,e,k,a,$,V,SG,1,FUT	n,d,i,c,h,a,s,e,k,a
s,e,k,a,$,V,SG,3,PRS	a,n,o,s,e,k,a
s,e,k,a,$,V,SG,3,FUT	a,c,h,a,s,e,k,a
s,e,k,a,$,V,PL,2,HOD	m,a,s,e,k,a
s,e,k,a,$,V,PL,1,PST	t,a,k,a,s,e,k,a
s,e,k,a,$,V,SG,3,HOD	a,s,e,k,a
s,e,k,a,$,V,SG,1,PST	n,d,a,k,a,s,e,k,a
s,e,k,a,$,V,PROG,SG,2,PRS	u,r,i,k,u,s,e,k,a
s,e,k,a,$,V,SG,2,PRS	u,n,o,s,e,k,a
s,e,k,a,$,V,SG,3,PST	a,k,a,s,e,k,a
s,e,k,a,$,V,PL,2,PST	m,a,k,a,s,e,k,a
s,e,k,a,$,V,PROG,PL,2,PRS	m,u,r,i,k,u,s,e,k,a
s,e,k,a,$,V,PL,3,HOD	v,a,s,e,k,a
s,e,k,a,$,V,PL,1,HOD	t,a,s,e,k,a
d,o,n,h,a,$,V,PL,3,PST	v,a,k,a,d,o,n,h,a
d,o,n,h,a,$,V,PL,3,PRS	v,a,n,o,d,o,n,h,a
d,o,n,h,a,$,V,PL,2,FUT	m,u,c,h,a,d,o,n,h,a
d,o,n,h,a,$,V,SG,3,PRS	a,n,o,d,o,n,h,a
d,o,n,h,a,$,V,PL,1,PST	t,a,k,a,d,o,n,h,a
d,o,n,h,a,$,V,SG,1,HOD	n,d,a,d,o,n,h,a
d,o,n,h,a,$,V,PL,3,HOD	v,a,d,o,n,h,a
d,o,n,h,a,$,V,SG,1,PRS	n,d,i,n,o,d,o,n,h,a
d,o,n,h,a,$,V,PL,1,HOD	t,a,d,o,n,h,a
d,o,n,h,a,$,V,PL,1,FUT	t,i,c,h,a,d,o,n,h,a
d,o,n,h,a,$,V,PL,2,PST	m,a,k,a,d,o,n,h,a
d,o,n,h,a,$,V,PROG,PL,2,PRS	m,u,r,i,k,u,d,o,n,h,a
d,o,n,h,a,$,V,PL,1,PRS	t,i,n,o,d,o,n,h,a
d,o,n,h,a,$,V,SG,3,FUT	a,c,h,a,d,o,n,h,a
d,o,n,h,a,$,V,SG,2,PRS	u,n,o,d,o,n,h,a
d,o,n,h,a,$,V,SG,1,PST	n,d,a,k,a,d,o,n,h,a
d,o,n,h,a,$,V,PROG,PL,3,PRS	v,a,r,i,k,u,d,o,n,h,a
d,o,n,h,a,$,V,PL,2,HOD	m,a,d,o,n,h,a
d,o,n,h,a,$,V,SG,2,HOD	w,a,d,o,n,h,a
d,o,n,h,a,$,V,SG,1,FUT	n,d,i,c,h,a,d,o,n,h,a
d,o,n,h,a,$,V,PROG,SG,2,PRS	u,r,i,k,u,d,o,n,h,a
d,o,n,h,a,$,V,PROG,SG,3,PRS	a,r,i,k,u,d,o,n,h,a
d,o,n,h,a,$,V,SG,3,HOD	a,d,o,n,h,a
d,o,n,h,a,$,V,SG,3,PST	a,k,a,d,o,n,h,a
d,o,n,h,a,$,V,SG,2,PST	w,a,k,a,d,o,n,h,a
d,o,n,h,a,$,V,PL,3,FUT	v,a,c,h,a,d,o,n,h,a
d,o,n,h,a,$,V,SG,2,FUT	u,c,h,a,d,o,n,h,a
d,o,n,h,a,$,V,PROG,SG,1,PRS	n,d,i,r,i,k,u,d,o,n,h,a
d,o,n,h,a,$,V,PL,2,PRS	m,u,n,o,d,o,n,h,a
d,o,n,h,a,$,V,PROG,PL,1,PRS	t,i,r,i,k,u,d,o,n,h,a
u,r,a,y,a,$,V,SG,1,HOD	n,d,a,u,r,a,y,a
u,r,a,y,a,$,V,SG,2,PRS	u,n,o,u,r,a,y,a
u,r,a,y,a,$,V,PL,3,FUT	v,a,c,h,a,u,r,a,y,a
u,r,a,y,a,$,V,PL,1,FUT	t,i,c,h,a,u,r,a,y,a
u,r,a,y,a,$,V,PL,1,HOD	t,a,u,r,a,y,a
u,r,a,y,a,$,V,PROG,PL,3,PRS	v,a,r,i,k,u,u,r,a,y,a
u,r,a,y,a,$,V,PL,2,FUT	m,u,c,h,a,u,r,a,y,a
u,r,a,y,a,$,V,SG,1,FUT	n,d,i,c,h,a,u,r,a,y,a
u,r,a,y,a,$,V,PROG,PL,1,PRS	t,i,r,i,k,u,u,r,a,y,a
u,r,a,y,a,$,V,PROG,SG,2,PRS	u,r,i,k,u,u,r,a,y,a
u,r,a,y,a,$,V,SG,3,HOD	a,u,r,a,y,a
u,r,a,y,a,$,V,SG,3,PST	a,k,a,u,r,a,y,a
u,r,a,y,a,$,V,SG,3,FUT	a,c,h,a,u,r,a,y,a
u,r,a,y,a,$,V,PL,2,PRS	m,u,n,o,u,r,a,y,a
u,r,a,y,a,$,V,SG,1,PST	n,d,a,k,a,u,r,a,y,a
u,r,a,y,a,$,V,PL,2,PST	m,a,k,a,u,r,a,y,a
u,r,a,y,a,$,V,PROG,PL,2,PRS	m,u,r,i,k,u,u,r,a,y,a
u,r,a,y,a,$,V,SG,2,PST	w,a,k,a,u,r,a,y,a
u,r,a,y,a,$,V,SG,2,HOD	w,a,u,r,a,y,a
u,r,a,y,a,$,V,SG,2,FUT	u,c,h,a,u,r,a,y,a
u,r,a,y,a,$,V,PL,3,HOD	v,a,u,r,a,y,a
u,r,a,y,a,$,V,PL,3,PRS	v,a,n,o,u,r,a,y,a
u,r,a,y,a,$,V,PL,3,PST	v,a,k,a,u,r,a,y,a
u,r,a,y,a,$,V,SG,3,PRS	a,n,o,u,r,a,y,a
u,r,a,y,a,$,V,PROG,SG,1,PRS	n,d,i,r,i,k,u,u,r,a,y,a
u,r,a,y,a,$,V,PL,2,HOD	m,a,u,r,a,y,a
u,r,a,y,a,$,V,PROG,SG,3,PRS	a,r,i,k,u,u,r,a,y,a
u,r,a,y,a,$,V,PL,1,PST	t,a,k,a,u,r,a,y,a
u,r,a,y,a,$,V,PL,1,PRS	t,i,n,o,u,r,a,y,a
u,r,a,y,a,$,V,SG,1,PRS	n,d,i,n,o,u,r,a,y,a
p,e,d,z,a,$,V,SG,2,PRS	u,n,o,p,e,d,z,a
p,e,d,z,a,$,V,SG,2,FUT	u,c,h,a,p,e,d,z,a
p,e,d,z,a,$,V,PL,1,HOD	t,a,p,e,d,z,a
p,e,d,z,a,$,V,PL,1,FUT	t,i,c,h,a,p,e,d,z,a
p,e,d,z,a,$,V,SG,1,HOD	n,d,a,p,e,d,z,a
p,e,d,z,a,$,V,SG,1,PRS	n,d,i,n,o,p,e,d,z,a
p,e,d,z,a,$,V,PL,1,PRS	t,i,n,o,p,e,d,z,a
p,e,d,z,a,$,V,PROG,SG,1,PRS	n,d,i,r,i,k,u,p,e,d,z,a
p,e,d,z,a,$,V,PL,1,PST	t,a,k,a,p,e,d,z,a
p,e,d,z,a,$,V,PL,3,FUT	v,a,c,h,a,p,e,d,z,a
p,e,d,z,a,$,V,PROG,SG,2,PRS	u,r,i,k,u,p,e,d,z,a
p,e,d,z,a,$,V,SG,3,HOD	a,p,e,d,z,a
p,e,d,z,a,$,V,PL,3,HOD	v,a,p,e,d,z,a
p,e,d,z,a,$,V,SG,2,PST	w,a,k,a,p,e,d,z,a
p,e,d,z,a,$,V,PROG,SG,3,PRS	a,r,i,k,u,p,e,d,z,a
p,e,d,z,a,$,V,SG,3,PST	a,k,a,p,e,d,z,a
p,e,d,z,a,$,V,PROG,PL,1,PRS	t,i,r,i,k,u,p,e,d,z,a
p,e,d,z,a,$,V,PL,2,PRS	m,u,n,o,p,e,d,z,a
p,e,d,z,a,$,V,SG,2,HOD	w,a,p,e,d,z,a
p,e,d,z,a,$,V,PL,2,HOD	m,a,p,e,d,z,a
p,e,d,z,a,$,V,PL,3,PST	v,a,k,a,p,e,d,z,a
p,e,d,z,a,$,V,PL,3,PRS	v,a,n,o,p,e,d,z,a
p,e,d,z,a,$,V,PROG,PL,2,PRS	m,u,r,i,k,u,p,e,d,z,a
p,e,d,z,a,$,V,PROG,PL,3,PRS	v,a,r,i,k,u,p,e,d,z,a
p,e,d,z,a,$,V,PL,2,PST	m,a,k,a,p,e,d,z,a
p,e,d,z,a,$,V,PL,2,FUT	m,u,c,h,a,p,e,d,z,a
p,e,d,z,a,$,V,SG,3,PRS	a,n,o,p,e,d,z,a
p,e,d,z,a,$,V,SG,1,FUT	n,d,i,c,h,a,p,e,d,z,a
p,e,d,z,a,$,V,SG,1,PST	n,d,a,k,a,p,e,d,z,a
p,e,d,z,a,$,V,SG,3,FUT	a,c,h,a,p,e,d,z,a
t,a,r,i,s,a,$,V,PL,3,PRS	v,a,n,o,t,a,r,i,s,a
t,a,r,i,s,a,$,V,PROG,SG,1,PRS	n,d,i,r,i,k,u,t,a,r,i,s,a
t,a,r,i,s,a,$,V,PROG,PL,3,PRS	v,a,r,i,k,u,t,a,r,i,s,a
t,a,r,i,s,a,$,V,PL,3,HOD	v,a,t,a,r,i,s,a
t,a,r,i,s,a,$,V,PL,1,FUT	t,i,c,h,a,t,a,r,i,s,a
t,a,r,i,s,a,$,V,PROG,SG,3,PRS	a,r,i,k,u,t,a,r,i,s,a
t,a,r,i,s,a,$,V,SG,1,PRS	n,d,i,n,o,t,a,r,i,s,a
t,a,r,i,s,a,$,V,PL,3,FUT	v,a,c,h,a,t,a,r,i,s,a
t,a,r,i,s,a,$,V,PROG,PL,1,PRS	t,i,r,i,k,u,t,a,r,i,s,a
t,a,r,i,s,a,$,V,SG,2,PST	w,a,k,a,t,a,r,i,s,a
t,a,r,i,s,a,$,V,PL,1,HOD	t,a,t,a,r,i,s,a
t,a,r,i,s,a,$,V,SG,2,HOD	w,a,t,a,r,i,s,a
t,a,r,i,s,a,$,V,PROG,PL,2,PRS	m,u,r,i,k,u,t,a,r,i,s,a
t,a,r,i,s,a,$,V,PL,2,HOD	m,a,t,a,r,i,s,a
t,a,r,i,s,a,$,V,SG,3,FUT	a,c,h,a,t,a,r,i,s,a
t,a,r,i,s,a,$,V,SG,2,FUT	u,c,h,a,t,a,r,i,s,a
t,a,r,i,s,a,$,V,SG,2,PRS	u,n,o,t,a,r,i,s,a
t,a,r,i,s,a,$,V,SG,3,PST	a,k,a,t,a,r,i,s,a
t,a,r,i,s,a,$,V,SG,1,FUT	n,d,i,c,h,a,t,a,r,i,s,a
t,a,r,i,s,a,$,V,SG,3,HOD	a,t,a,r,i,s,a
t,a,r,i,s,a,$,V,PROG,SG,2,PRS	u,r,i,k,u,t,a,r,i,s,a
t,a,r,i,s,a,$,V,PL,1,PST	t,a,k,a,t,a,r,i,s,a
t,a,r,i,s,a,$,V,PL,2,FUT	m,u,c,h,a,t,a,r,i,s,a
t,a,r,i,s,a,$,V,PL,2,PST	m,a,k,a,t,a,r,i,s,a
t,a,r,i,s,a,$,V,PL,3,PST	v,a,k,a,t,a,r,i,s,a
t,a,r,i,s,a,$,V,PL,2,PRS	m,u,n,o,t,a,r,i,s,a
t,a,r,i,s,a,$,V,SG,1,HOD	n,d,a,t,a,r,i,s,a
t,a,r,i,s,a,$,V,SG,1,PST	n,d,a,k,a,t,a,r,i,s,a
t,a,r,i,s,a,$,V,SG,3,PRS	a,n,o,t,a,r,i,s,a
t,a,r,i,s,a,$,V,PL,1,PRS	t,i,n,o,t,a,r,i,s,a
r,a,n,g,a,r,i,r,a,$,V,SG,3,FUT	a,c,h,a,r,a,n,g,a,r,i,r,a
r,a,n,g,a,r,i,r,a,$,V,PL,1,FUT	t,i,c,h,a,r,a,n,g,a,r,i,r,a
r,a,n,g,a,r,i,r,a,$,V,PL,2,PST	m,a,k,a,r,a,n,g,a,r,i,r,a
r,a,n,g,a,r,i,r,a,$,V,SG,2,PST	w,a,k,a,r,a,n,g,a,r,i,r,a
r,a,n,g,a,r,i,r,a,$,V,SG,3,PST	a,k,a,r,a,n,g,a,r,i,r,a
r,a,n,g,a,r,i,r,a,$,V,PROG,SG,3,PRS	a,r,i,k,u,r,a,n,g,a,r,i,r,a
r,a,n,g,a,r,i,r,a,$,V,PL,3,FUT	v,a,c,h,a,r,a,n,g,a,r,i,r,a
r,a,n,g,a,r,i,r,a,$,V,SG,1,PST	n,d,a,k,a,r,a,n,g,a,r,i,r,a
r,a,n,g,a,r,i,r,a,$,V,SG,1,FUT	n,d,i,c,h,a,r,a,n,g,a,r,i,r,a
r,a,n,g,a,r,i,r,a,$,V,PL,2,HOD	m,a,r,a,n,g,a,r,i,r,a
r,a,n,g,a,r,i,r,a,$,V,SG,2,HOD	w,a,r,a,n,g,a,r,i,r,a
r,a,n,g,a,r,i,r,a,$,V,PL,1,PRS	t,i,n,o,r,a,n,g,a,r,i,r,a
r,a,n,g,a,r,i,r,a,$,V,PL,1,HOD	t,a,r,a,n,g,a,r,i,r,a
r,a,n,g,a,r,i,r,a,$,V,PL,3,HOD	v,a,r,a,n,g,a,r,i,r,a
r,a,n,g,a,r,i,r,a,$,V,PROG,PL,2,PRS	m,u,r,i,k,u,r,a,n,g,a,r,i,r,a
r,a,n,g,a,r,i,r,a,$,V,SG,2,FUT	u,c,h,a,r,a,n,g,a,r,i,r,a
r,a,n,g,a,r,i,r,a,$,V,PL,2,FUT	m,u,c,h,a,r,a,n,g,a,r,i,r,a
r,a,n,g,a,r,i,r,a,$,V,SG,3,HOD	a,r,a,n,g,a,r,i,r,a
r,a,n,g,a,r,i,r,a,$,V,SG,2,PRS	u,n,o,r,a,n,g,a,r,i,r,a
r,a,n,g,a,r,i,r,a,$,V,PL,2,PRS	m,u,n,o,r,a,n,g,a,r,i,r,a
r,a,n,g,a,r,i,r,a,$,V,PL,1,PST	t,a,k,a,r,a,n,g,a,r,i,r,a
r,a,n,g,a,r,i,r,a,$,V,PROG,SG,2,PRS	u,r,i,k,u,r,a,n,g,a,r,i,r,a
r,a,n,g,a,r,i,r,a,$,V,PROG,PL,1,PRS	t,i,r,i,k,u,r,a,n,g,a,r,i,r,a
r,a,n,g,a,r,i,r,a,$,V,SG,1,PRS	n,d,i,n,o,r,a,n,g,a,r,i,r,a
r,a,n,g,a,r,i,r,a,$,V,SG,3,PRS	a,n,o,r,a,n,g,a,r,i,r,a
r,a,n,g,a,r,i,r,a,$,V,PL,3,PRS	v,a,n,o,r,a,n,g,a,r,i,r,a
r,a,n,g,a,r,i,r,a,$,V,PROG,SG,1,PRS	n,d,i,r,i,k,u,r,a,n,g,a,r,i,r,a
r,a,n,g,a,r,i,r,a,$,V,SG,1,HOD	n,d,a,r,a,n,g,a,r,i,r,a
r,a,n,g,a,r,i,r,a,$,V,PL,3,PST	v,a,k,a,r,a,n,g,a,r,i,r,a
r,a,n,g,a,r,i,r,a,$,V,PROG,PL,3,PRS	v,a,r,i,k,u,r,a,n,g,a,r,i,r,a
m,u,k,a,$,V,PL,3,FUT	v,a,c,h,a,m,u,k,a
m,u,k,a,$,V,SG,2,HOD	w,a,m,u,k,a
m,u,k,a,$,V,SG,1,PRS	n,d,i,n,o,m,u,k,a
m,u,k,a,$,V,PROG,SG,1,PRS	n,d,i,r,i,k,u,m,u,k,a
m,u,k,a,$,V,PL,2,PRS	m,u,n,o,m,u,k,a
m,u,k,a,$,V,PROG,PL,3,PRS	v,a,r,i,k,u,m,u,k,a
m,u,k,a,$,V,PROG,SG,3,PRS	a,r,i,k,u,m,u,k,a
m,u,k,a,$,V,SG,2,PST	w,a,k,a,m,u,k,a
m,u,k,a,$,V,SG,2,PRS	u,n,o,m,u,k,a
m,u,k,a,$,V,SG,3,HOD	a,m,u,k,a
m,u,k,a,$,V,SG,1,FUT	n,d,i,c,h,a,m,u,k,a
m,u,k,a,$,V,SG,3,PST	a,k,a,m,u,k,a
m,u,k,a,$,V,SG,2,FUT	u,c,h,a,m,u,k,a
m,u,k,a,$,V,PROG,PL,1,PRS	t,i,r,i,k,u,m,u,k,a
m,u,k,a,$,V,PROG,PL,2,PRS	m,u,r,i,k,u,m,u,k,a
m,u,k,a,$,V,PL,1,PRS	t,i,n,o,m,u,k,a
m,u,k,a,$,V,PROG,SG,2,PRS	u,r,i,k,u,m,u,k,a
m,u,k,a,$,V,SG,1,PST	n,d,a,k,a,m,u,k,a
m,u,k,a,$,V,PL,3,PRS	v,a,n,o,m,u,k,a
m,u,k,a,$,V,PL,1,HOD	t,a,m,u,k,a
m,u,k,a,$,V,PL,2,HOD	m,a,m,u,k,a
m,u,k,a,$,V,SG,3,FUT	a,c,h,a,m,u,k,a
m,u,k,a,$,V,SG,3,PRS	a,n,o,m,u,k,a
m,u,k,a,$,V,PL,1,PST	t,a,k,a,m,u,k,a
m,u,k,a,$,V,PL,2,PST	m,a,k,a,m,u,k,a
m,u,k,a,$,V,SG,1,HOD	n,d,a,m,u,k,a
m,u,k,a,$,V,PL,2,FUT	m,u,c,h,a,m,u,k,a
m,u,k,a,$,V,PL,3,HOD	v,a,m,u,k,a
m,u,k,a,$,V,PL,1,FUT	t,i,c,h,a,m,u,k,a
m,u,k,a,$,V,PL,3,PST	v,a,k,a,m,u,k,a
w,o,n,a,$,V,SG,3,PRS	a,n,o,w,o,n,a
w,o,n,a,$,V,PL,1,FUT	t,i,c,h,a,w,o,n,a
w,o,n,a,$,V,PL,3,PRS	v,a,n,o,w,o,n,a
w,o,n,a,$,V,PL,2,FUT	m,u,c,h,a,w,o,n,a
w,o,n,a,$,V,SG,3,FUT	a,c,h,a,w,o,n,a
w,o,n,a,$,V,PL,2,PST	m,a,k,a,w,o,n,a
w,o,n,a,$,V,PL,3,FUT	v,a,c,h,a,w,o,n,a
w,o,n,a,$,V,PL,2,HOD	m,a,w,o,n,a
w,o,n,a,$,V,SG,2,FUT	u,c,h,a,w,o,n,a
w,o,n,a,$,V,PROG,SG,3,PRS	a,r,i,k,u,w,o,n,a
w,o,n,a,$,V,PL,3,HOD	v,a,w,o,n,a
w,o,n,a,$,V,PROG,PL,1,PRS	t,i,r,i,k,u,w,o,n,a
w,o,n,a,$,V,SG,1,PST	n,d,a,k,a,w,o,n,a
w,o,n,a,$,V,PROG,SG,2,PRS	u,r,i,k,u,w,o,n,a
w,o,n,a,$,V,SG,1,HOD	n,d,a,w,o,n,a
w,o,n,a,$,V,SG,3,HOD	a,w,o,n,a
w,o,n,a,$,V,PROG,PL,2,PRS	m,u,r,i,k,u,w,o,n,a
w,o,n,a,$,V,PL,1,PST	t,a,k,a,w,o,n,a
w,o,n,a,$,V,PL,1,HOD	t,a,w,o,n,a
w,o,n,a,$,V,PROG,PL,3,PRS	v,a,r,i,k,u,w,o,n,a
w,o,n,a,$,V,PL,3,PST	v,a,k,a,w,o,n,a
w,o,n,a,$,V,PROG,SG,1,PRS	n,d,i,r,i,k,u,w,o,n,a
w,o,n,a,$,V,SG,3,PST	a,k,a,w,o,n,a
w,o,n,a,$,V,SG,2,PRS	u,n,o,w,o,n,a
w,o,n,a,$,V,PL,1,PRS	t,i,n,o,w,o,n,a
w,o,n,a,$,V,SG,1,FUT	n,d,i,c,h,a,w,o,n,a
w,o,n,a,$,V,SG,1,PRS	n,d,i,n,o,w,o,n,a
w,o,n,a,$,V,SG,2,HOD	w,a,w,o,n,a
w,o,n,a,$,V,SG,2,PST	w,a,k,a,w,o,n,a
w,o,n,a,$,V,PL,2,PRS	m,u,n,o,w,o,n,a
d,z,o,k,a,$,V,SG,2,FUT	u,c,h,a,d,z,o,k,a
d,z,o,k,a,$,V,PL,2,HOD	m,a,d,z,o,k,a
d,z,o,k,a,$,V,PROG,PL,1,PRS	t,i,r,i,k,u,d,z,o,k,a
d,z,o,k,a,$,V,PL,3,PRS	v,a,n,o,d,z,o,k,a
d,z,o,k,a,$,V,PL,2,PRS	m,u,n,o,d,z,o,k,a
d,z,o,k,a,$,V,SG,1,FUT	n,d,i,c,h,a,d,z,o,k,a
d,z,o,k,a,$,V,PL,2,FUT	m,u,c,h,a,d,z,o,k,a
d,z,o,k,a,$,V,SG,1,PST	n,d,a,k,a,d,z,o,k,a
d,z,o,k,a,$,V,PROG,SG,3,PRS	a,r,i,k,u,d,z,o,k,a
d,z,o,k,a,$,V,PL,1,PST	t,a,k,a,d,z,o,k,a
d,z,o,k,a,$,V,PL,3,HOD	v,a,d,z,o,k,a
d,z,o,k,a,$,V,SG,1,HOD	n,d,a,d,z,o,k,a
d,z,o,k,a,$,V,PL,1,HOD	t,a,d,z,o,k,a
d,z,o,k,a,$,V,SG,3,FUT	a,c,h,a,d,z,o,k,a
d,z,o,k,a,$,V,SG,2,PRS	u,n,o,d,z,o,k,a
d,z,o,k,a,$,V,PROG,PL,3,PRS	v,a,r,i,k,u,d,z,o,k,a
d,z,o,k,a,$,V,PL,1,FUT	t,i,c,h,a,d,z,o,k,a
d,z,o,k,a,$,V,SG,1,PRS	n,d,i,n,o,d,z,o,k,a
d,z,o,k,a,$,V,PROG,SG,1,PRS	n,d,i,r,i,k,u,d,z,o,k,a
d,z,o,k,a,$,V,SG,3,HOD	a,d,z,o,k,a
d,z,o,k,a,$,V,PROG,SG,2,PRS	u,r,i,k,u,d,z,o,k,a
d,z,o,k,a,$,V,SG,3,PRS	a,n,o,d,z,o,k,a
d,z,o,k,a,$,V,PL,2,PST	m,a,k,a,d,z,o,k,a
d,z,o,k,a,$,V,PL,1,PRS	t,i,n,o,d,z,o,k,a
d,z,o,k,a,$,V,PL,3,PST	v,a,k,a,d,z,o,k,a
d,z,o,k,a,$,V,SG,3,PST	a,k,a,d,z,o,k,a
d,z,o,k,a,$,V,PROG,PL,2,PRS	m,u,r,i,k,u,d,z,o,k,a
d,z,o,k,a,$,V,SG,2,PST	w,a,k,a,d,z,o,k,a
d,z,o,k,a,$,V,SG,2,HOD	w,a,d,z,o,k,a
d,z,o,k,a,$,V,PL,3,FUT	v,a,c,h,a,d,z,o,k,a
t,e,n,g,a,$,V,SG,2,HOD	w,a,t,e,n,g,a
t,e,n,g,a,$,V,PL,1,PST	t,a,k,a,t,e,n,g,a
t,e,n,g,a,$,V,PL,3,PRS	v,a,n,o,t,e,n,g,a
t,e,n,g,a,$,V,SG,1,HOD	n,d,a,t,e,n,g,a
t,e,n,g,a,$,V,PROG,PL,1,PRS	t,i,r,i,k,u,t,e,n,g,a
t,e,n,g,a,$,V,SG,1,PRS	n,d,i,n,o,t,e,n,g,a
t,e,n,g,a,$,V,PL,2,PST	m,a,k,a,t,e,n,g,a
t,e,n,g,a,$,V,PL,2,PRS	m,u,n,o,t,e,n,g,a
t,e,n,g,a,$,V,PROG,SG,1,PRS	n,d,i,r,i,k,u,t,e,n,g,a
t,e,n,g,a,$,V,SG,1,FUT	n,d,i,c,h,a,t,e,n,g,a
t,e,n,g,a,$,V,PROG,SG,2,PRS	u,r,i,k,u,t,e,n,g,a
t,e,n,g,a,$,V,PROG,PL,2,PRS	m,u,r,i,k,u,t,e,n,g,a
t,e,n,g,a,$,V,PL,1,HOD	t,a,t,e,n,g,a
t,e,n,g,a,$,V,PL,3,HOD	v,a,t,e,n,g,a
t,e,n,g,a,$,V,PROG,SG,3,PRS	a,r,i,k,u,t,e,n,g,a
t,e,n,g,a,$,V,PL,1,PRS	t,i,n,o,t,e,n,g,a
t,e,n,g,a,$,V,SG,2,PRS	u,n,o,t,e,n,g,a
t,e,n,g,a,$,V,SG,2,FUT	u,c,h,a,t,e,n,g,a
t,e,n,g,a,$,V,PL,3,PST	v,a,k,a,t,e,n,g,a
t,e,n,g,a,$,V,SG,3,FUT	a,c,h,a,t,e,n,g,a
t,e,n,g,a,$,V,SG,2,PST	w,a,k,a,t,e,n,g,a
t,e,n,g,a,$,V,SG,3,PRS	a,n,o,t,e,n,g,a
t,e,n,g,a,$,V,PL,2,FUT	m,u,c,h,a,t,e,n,g,a
t,e,n,g,a,$,V,PROG,PL,3,PRS	v,a,r,i,k,u,t,e,n,g,a
t,e,n,g,a,$,V,SG,3,PST	a,k,a,t,e,n,g,a
t,e,n,g,a,$,V,PL,1,FUT	t,i,c,h,a,t,e,n,g,a
t,e,n,g,a,$,V,PL,2,HOD	m,a,t,e,n,g,a
t,e,n,g,a,$,V,SG,1,PST	n,d,a,k,a,t,e,n,g,a
t,e,n,g,a,$,V,PL,3,FUT	v,a,c,h,a,t,e,n,g,a
t,e,n,g,a,$,V,SG,3,HOD	a,t,e,n,g,a
t,a,u,r,a,$,V,SG,3,HOD	a,t,a,u,r,a
t,a,u,r,a,$,V,PL,2,HOD	m,a,t,a,u,r,a
t,a,u,r,a,$,V,PROG,PL,2,PRS	m,u,r,i,k,u,t,a,u,r,a
t,a,u,r,a,$,V,PL,2,FUT	m,u,c,h,a,t,a,u,r,a
t,a,u,r,a,$,V,PROG,SG,2,PRS	u,r,i,k,u,t,a,u,r,a
t,a,u,r,a,$,V,SG,1,FUT	n,d,i,c,h,a,t,a,u,r,a
t,a,u,r,a,$,V,PL,1,FUT	t,i,c,h,a,t,a,u,r,a
t,a,u,r,a,$,V,SG,2,FUT	u,c,h,a,t,a,u,r,a
t,a,u,r,a,$,V,SG,1,HOD	n,d,a,t,a,u,r,a
t,a,u,r,a,$,V,PL,3,PRS	v,a,n,o,t,a,u,r,a
t,a,u,r,a,$,V,PL,3,PST	v,a,k,a,t,a,u,r,a
t,a,u,r,a,$,V,PL,1,PRS	t,i,n,o,t,a,u,r,a
t,a,u,r,a,$,V,PL,1,PST	t,a,k,a,t,a,u,r,a
t,a,u,r,a,$,V,PL,2,PRS	m,u,n,o,t,a,u,r,a
t,a,u,r,a,$,V,SG,3,FUT	a,c,h,a,t,a,u,r,a
t,a,u,r,a,$,V,SG,1,PST	n,d,a,k,a,t,a,u,r,a
t,a,u,r,a,$,V,SG,2,HOD	w,a,t,a,u,r,a
t,a,u,r,a,$,V,SG,3,PRS	a,n,o,t,a,u,r,a
t,a,u,r,a,$,V,SG,1,PRS	n,d,i,n,o,t,a,u,r,a
t,a,u,r,a,$,V,PL,1,HOD	t,a,t,a,u,r,a
t,a,u,r,a,$,V,PL,2,PST	m,a,k,a,t,a,u,r,a
t,a,u,r,a,$,V,PROG,SG,1,PRS	n,d,i,r,i,k,u,t,a,u,r,a
t,a,u,r,a,$,V,PROG,SG,3,PRS	a,r,i,k,u,t,a,u,r,a
t,a,u,r,a,$,V,PROG,PL,1,PRS	t,i,r,i,k,u,t,a,u,r,a
t,a,u,r,a,$,V,PL,3,FUT	v,a,c,h,a,t,a,u,r,a
t,a,u,r,a,$,V,PROG,PL,3,PRS	v,a,r,i,k,u,t,a,u,r,a
t,a,u,r,a,$,V,SG,2,PST	w,a,k,a,t,a,u,r,a
t,a,u,r,a,$,V,SG,3,PST	a,k,a,t,a,u,r,a
t,a,u,r,a,$,V,PL,3,HOD	v,a,t,a,u,r,a
t,a,u,r,a,$,V,SG,2,PRS	u,n,o,t,a,u,r,a
b,u,d,a,$,V,PROG,SG,2,PRS	u,r,i,k,u,b,u,d,a
b,u,d,a,$,V,SG,3,PST	a,k,a,b,u,d,a
b,u,d,a,$,V,PL,2,PRS	m,u,n,o,b,u,d,a
b,u,d,a,$,V,PL,3,PRS	v,a,n,o,b,u,d,a
b,u,d,a,$,V,PROG,SG,3,PRS	a,r,i,k,u,b,u,d,a
b,u,d,a,$,V,PL,1,PST	t,a,k,a,b,u,d,a
b,u,d,a,$,V,PL,2,PST	m,a,k,a,b,u,d,a
b,u,d,a,$,V,SG,1,HOD	n,d,a,b,u,d,a
b,u,d,a,$,V,PROG,PL,3,PRS	v,a,r,i,k,u,b,u,d,a
b,u,d,a,$,V,SG,3,FUT	a,c,h,a,b,u,d,a
b,u,d,a,$,V,SG,3,HOD	a,b,u,d,a
b,u,d,a,$,V,PROG,PL,2,PRS	m,u,r,i,k,u,b,u,d,a
b,u,d,a,$,V,PL,2,HOD	m,a,b,u,d,a
b,u,d,a,$,V,PL,3,PST	v,a,k,a,b,u,d,a
b,u,d,a,$,V,SG,2,PST	w,a,k,a,b,u,d,a
b,u,d,a,$,V,SG,2,HOD	w,a,b,u,d,a
b,u,d,a,$,V,PL,3,HOD	v,a,b,u,d,a
b,u,d,a,$,V,SG,1,PRS	n,d,i,n,o,b,u,d,a
b,u,d,a,$,V,PROG,PL,1,PRS	t,i,r,i,k,u,b,u,d,a
b,u,d,a,$,V,PL,1,HOD	t,a,b,u,d,a
b,u,d,a,$,V,PL,1,PRS	t,i,n,o,b,u,d,a
b,u,d,a,$,V,SG,2,FUT	u,c,h,a,b,u,d,a
b,u,d,a,$,V,SG,1,FUT	n,d,i,c,h,a,b,u,d,a
b,u,d,a,$,V,PROG,SG,1,PRS	n,d,i,r,i,k,u,b,u,d,a
b,u,d,a,$,V,PL,3,FUT	v,a,c,h,a,b,u,d,a
b,u,d,a,$,V,SG,1,PST	n,d,a,k,a,b,u,d,a
b,u,d,a,$,V,SG,2,PRS	u,n,o,b,u,d,a
b,u,d,a,$,V,PL,2,FUT	m,u,c,h,a,b,u,d,a
b,u,d,a,$,V,PL,1,FUT	t,i,c,h,a,b,u,d,a
b,u,d,a,$,V,SG,3,PRS	a,n,o,b,u,d,a
i,n,z,w,a,$,V,PROG,SG,3,PRS	a,r,i,k,u,n,z,w,a
i,n,z,w,a,$,V,SG,1,PST	n,d,a,k,a,n,z,w,a
i,n,z,w,a,$,V,PL,2,PRS	m,u,n,o,n,z,w,a
i,n,z,w,a,$,V,SG,3,FUT	a,c,h,a,n,z,w,a
i,n,z,w,a,$,V,SG,3,PST	a,k,a,n,z,w,a
i,n,z,w,a,$,V,PROG,SG,1,PRS	n,d,i,r,i,k,u,n,z,w,a
i,n,z,w,a,$,V,PROG,PL,3,PRS	v,a,r,i,k,u,n,z,w,a
i,n,z,w,a,$,V,SG,1,FUT	n,d,i,c,h,a,n,z,w,a
i,n,z,w,a,$,V,PL,1,FUT	t,i,c,h,a,n,z,w,a
i,n,z,w,a,$,V,PL,2,HOD	m,a,n,z,w,a
i,n,z,w,a,$,V,PROG,PL,1,PRS	t,i,r,i,k,u,n,z,w,a
i,n,z,w,a,$,V,SG,3,HOD	a,n,z,w,a
i,n,z,w,a,$,V,PL,3,PST	v,a,k,a,n,z,w,a
i,n,z,w,a,$,V,PL,3,FUT	v,a,c,h,a,n,z,w,a
i,n,z,w,a,$,V,SG,2,PST	w,a,k,a,n,z,w,a
i,n,z,w,a,$,V,SG,1,PRS	n,d,i,n,o,n,z,w,a
i,n,z,w,a,$,V,PL,3,PRS	v,a,n,o,n,z,w,a
i,n,z,w,a,$,V,PROG,PL,2,PRS	m,u,r,i,k,u,n,z,w,a
i,n,z,w,a,$,V,PL,2,FUT	m,u,c,h,a,n,z,w,a
i,n,z,w,a,$,V,PL,2,PST	m,a,k,a,n,z,w,a
i,n,z,w,a,$,V,SG,2,PRS	u,n,o,n,z,w,a
i,n,z,w,a,$,V,SG,2,FUT	u,c,h,a,n,z,w,a
i,n,z,w,a,$,V,PL,1,HOD	t,a,n,z,w,a
i,n,z,w,a,$,V,SG,1,HOD	n,d,a,n,z,w,a
i,n,z,w,a,$,V,SG,2,HOD	w,a,n,z,w,a
i,n,z,w,a,$,V,PL,1,PRS	t,i,n,o,n,z,w,a
i,n,z,w,a,$,V,PL,1,PST	t,a,k,a,n,z,w,a
i,n,z,w,a,$,V,PROG,SG,2,PRS	u,r,i,k,u,n,z,w,a
i,n,z,w,a,$,V,PL,3,HOD	v,a,n,z,w,a
i,n,z,w,a,$,V,SG,3,PRS	a,n,o,n,z,w,a
t,s,v,o,d,a,$,V,PROG,SG,3,PRS	a,r,i,k,u,t,s,v,o,d,a
t,s,v,o,d,a,$,V,SG,1,FUT	n,d,i,c,h,a,t,s,v,o,d,a
t,s,v,o,d,a,$,V,PROG,SG,1,PRS	n,d,i,r,i,k,u,t,s,v,o,d,a
t,s,v,o,d,a,$,V,PL,2,FUT	m,u,c,h,a,t,s,v,o,d,a
t,s,v,o,d,a,$,V,SG,3,FUT	a,c,h,a,t,s,v,o,d,a
t,s,v,o,d,a,$,V,PROG,PL,3,PRS	v,a,r,i,k,u,t,s,v,o,d,a
t,s,v,o,d,a,$,V,SG,3,PST	a,k,a,t,s,v,o,d,a
t,s,v,o,d,a,$,V,PROG,SG,2,PRS	u,r,i,k,u,t,s,v,o,d,a
t,s,v,o,d,a,$,V,PL,1,PRS	t,i,n,o,t,s,v,o,d,a
t,s,v,o,d,a,$,V,PL,2,PRS	m,u,n,o,t,s,v,o,d,a
t,s,v,o,d,a,$,V,PL,1,HOD	t,a,t,s,v,o,d,a
t,s,v,o,d,a,$,V,PL,3,PST	v,a,k,a,t,s,v,o,d,a
t,s,v,o,d,a,$,V,SG,2,FUT	u,c,h,a,t,s,v,o,d,a
t,s,v,o,d,a,$,V,PL,1,FUT	t,i,c,h,a,t,s,v,o,d,a
t,s,v,o,d,a,$,V,PL,3,HOD	v,a,t,s,v,o,d,a
t,s,v,o,d,a,$,V,SG,3,HOD	a,t,s,v,o,d,a
t,s,v,o,d,a,$,V,PL,2,HOD	m,a,t,s,v,o,d,a
t,s,v,o,d,a,$,V,PL,3,FUT	v,a,c,h,a,t,s,v,o,d,a
t,s,v,o,d,a,$,V,SG,1,PST	n,d,a,k,a,t,s,v,o,d,a
t,s,v,o,d,a,$,V,SG,2,PST	w,a,k,a,t,s,v,o,d,a
t,s,v,o,d,a,$,V,PL,2,PST	m,a,k,a,t,s,v,o,d,a
t,s,v,o,d,a,$,V,PL,3,PRS	v,a,n,o,t,s,v,o,d,a
t,s,v,o,d,a,$,V,SG,1,HOD	n,d,a,t,s,v,o,d,a
t,s,v,o,d,a,$,V,PROG,PL,1,PRS	t,i,r,i,k,u,t,s,v,o,d,a
t,s,v,o,d,a,$,V,SG,2,HOD	w,a,t,s,v,o,d,a
t,s,v,o,d,a,$,V,SG,1,PRS	n,d,i,n,o,t,s,v,o,d,a
t,s,v,o,d,a,$,V,PL,1,PST	t,a,k,a,t,s,v,o,d,a
t,s,v,o,d,a,$,V,SG,3,PRS	a,n,o,t,s,v,o,d,a
t,s,v,o,d,a,$,V,PROG,PL,2,PRS	m,u,r,i,k,u,t,s,v,o,d,a
t,s,v,o,d,a,$,V,SG,2,PRS	u,n,o,t,s,v,o,d,a
w,e,d,z,e,r,a,$,V,PL,1,PRS	t,i,n,o,w,e,d,z,e,r,a
w,e,d,z,e,r,a,$,V,SG,3,PRS	a,n,o,w,e,d,z,e,r,a
w,e,d,z,e,r,a,$,V,PROG,PL,3,PRS	v,a,r,i,k,u,w,e,d,z,e,r,a
w,e,d,z,e,r,a,$,V,SG,3,FUT	a,c,h,a,w,e,d,z,e,r,a
w,e,d,z,e,r,a,$,V,PL,3,PRS	v,a,n,o,w,e,d,z,e,r,a
w,e,d,z,e,r,a,$,V,SG,3,PST	a,k,a,w,e,d,z,e,r,a
w,e,d,z,e,r,a,$,V,SG,1,PRS	n,d,i,n,o,w,e,d,z,e,r,a
w,e,d,z,e,r,a,$,V,SG,2,HOD	w,a,w,e,d,z,e,r,a
w,e,d,z,e,r,a,$,V,SG,1,HOD	n,d,a,w,e,d,z,e,r,a
w,e,d,z,e,r,a,$,V,SG,1,FUT	n,d,i,c,h,a,w,e,d,z,e,r,a
w,e,d,z,e,r,a,$,V,PROG,SG,3,PRS	a,r,i,k,u,w,e,d,z,e,r,a
w,e,d,z,e,r,a,$,V,PL,2,PST	m,a,k,a,w,e,d,z,e,r,a
w,e,d,z,e,r,a,$,V,PROG,PL,1,PRS	t,i,r,i,k,u,w,e,d,z,e,r,a
w,e,d,z,e,r,a,$,V,PL,3,FUT	v,a,c,h,a,w,e,d,z,e,r,a
w,e,d,z,e,r,a,$,V,SG,2,PRS	u,n,o,w,e,d,z,e,r,a
w,e,d,z,e,r,a,$,V,SG,3,HOD	a,w,e,d,z,e,r,a
w,e,d,z,e,r,a,$,V,SG,2,PST	w,a,k,a,w,e,d,z,e,r,a
w,e,d,z,e,r,a,$,V,PL,2,HOD	m,a,w,e,d,z,e,r,a
w,e,d,z,e,r,a,$,V,SG,2,FUT	u,c,h,a,w,e,d,z,e,r,a
w,e,d,z,e,r,a,$,V,PROG,PL,2,PRS	m,u,r,i,k,u,w,e,d,z,e,r,a
w,e,d,z,e,r,a,$,V,PL,1,FUT	t,i,c,h,a,w,e,d,z,e,r,a
w,e,d,z,e,r,a,$,V,PL,3,PST	v,a,k,a,w,e,d,z,e,r,a
w,e,d,z,e,r,a,$,V,PL,1,PST	t,a,k,a,w,e,d,z,e,r,a
w,e,d,z,e,r,a,$,V,PROG,SG,1,PRS	n,d,i,r,i,k,u,w,e,d,z,e,r,a
w,e,d,z,e,r,a,$,V,PROG,SG,2,PRS	u,r,i,k,u,w,e,d,z,e,r,a
w,e,d,z,e,r,a,$,V,PL,2,PRS	m,u,n,o,w,e,d,z,e,r,a
w,e,d,z,e,r,a,$,V,PL,2,FUT	m,u,c,h,a,w,e,d,z,e,r,a
w,e,d,z,e,r,a,$,V,PL,1,HOD	t,a,w,e,d,z,e,r,a
w,e,d,z,e,r,a,$,V,PL,3,HOD	v,a,w,e,d,z,e,r,a
w,e,d,z,e,r,a,$,V,SG,1,PST	n,d,a,k,a,w,e,d,z,e,r,a
t,o,r,a,$,V,SG,1,PRS	n,d,i,n,o,t,o,r,a
t,o,r,a,$,V,PL,3,HOD	v,a,t,o,r,a
t,o,r,a,$,V,SG,2,PRS	u,n,o,t,o,r,a
t,o,r,a,$,V,SG,2,PST	w,a,k,a,t,o,r,a
t,o,r,a,$,V,SG,1,PST	n,d,a,k,a,t,o,r,a
t,o,r,a,$,V,PROG,SG,3,PRS	a,r,i,k,u,t,o,r,a
t,o,r,a,$,V,PL,2,HOD	m,a,t,o,r,a
t,o,r,a,$,V,SG,3,PST	a,k,a,t,o,r,a
t,o,r,a,$,V,PL,3,PST	v,a,k,a,t,o,r,a
t,o,r,a,$,V,SG,3,PRS	a,n,o,t,o,r,a
t,o,r,a,$,V,PROG,SG,1,PRS	n,d,i,r,i,k,u,t,o,r,a
t,o,r,a,$,V,SG,1,HOD	n,d,a,t,o,r,a
t,o,r,a,$,V,PL,2,PST	m,a,k,a,t,o,r,a
t,o,r,a,$,V,PROG,SG,2,PRS	u,r,i,k,u,t,o,r,a
t,o,r,a,$,V,PL,1,HOD	t,a,t,o,r,a
t,o,r,a,$,V,PL,3,FUT	v,a,c,h,a,t,o,r,a
t,o,r,a,$,V,PL,2,FUT	m,u,c,h,a,t,o,r,a
t,o,r,a,$,V,PROG,PL,1,PRS	t,i,r,i,k,u,t,o,r,a
t,o,r,a,$,V,PROG,PL,2,PRS	m,u,r,i,k,u,t,o,r,a
t,o,r,a,$,V,SG,3,FUT	a,c,h,a,t,o,r,a
t,o,r,a,$,V,PL,1,FUT	t,i,c,h,a,t,o,r,a
t,o,r,a,$,V,PL,2,PRS	m,u,n,o,t,o,r,a
t,o,r,a,$,V,SG,1,FUT	n,d,i,c,h,a,t,o,r,a
t,o,r,a,$,V,PL,3,PRS	v,a,n,o,t,o,r,a
t,o,r,a,$,V,SG,2,HOD	w,a,t,o,r,a
t,o,r,a,$,V,PROG,PL,3,PRS	v,a,r,i,k,u,t,o,r,a
t,o,r,a,$,V,SG,2,FUT	u,c,h,a,t,o,r,a
t,o,r,a,$,V,PL,1,PST	t,a,k,a,t,o,r,a
t,o,r,a,$,V,SG,3,HOD	a,t,o,r,a
t,o,r,a,$,V,PL,1,PRS	t,i,n,o,t,o,r,a
z,i,v,a,$,V,SG,1,FUT	n,d,i,c,h,a,z,i,v,a
z,i,v,a,$,V,SG,3,PST	a,k,a,z,i,v,a
z,i,v,a,$,V,SG,1,PST	n,d,a,k,a,z,i,v,a
z,i,v,a,$,V,PROG,PL,1,PRS	t,i,r,i,k,u,z,i,v,a
z,i,v,a,$,V,PL,2,PRS	m,u,n,o,z,i,v,a
z,i,v,a,$,V,PROG,SG,1,PRS	n,d,i,r,i,k,u,z,i,v,a
z,i,v,a,$,V,PL,3,PRS	v,a,n,o,z,i,v,a
z,i,v,a,$,V,SG,3,FUT	a,c,h,a,z,i,v,a
z,i,v,a,$,V,PL,1,FUT	t,i,c,h,a,z,i,v,a
z,i,v,a,$,V,PL,1,HOD	t,a,z,i,v,a
z,i,v,a,$,V,PL,3,FUT	v,a,c,h,a,z,i,v,a
z,i,v,a,$,V,SG,3,PRS	a,n,o,z,i,v,a
z,i,v,a,$,V,SG,2,PRS	u,n,o,z,i,v,a
z,i,v,a,$,V,SG,1,HOD	n,d,a,z,i,v,a
z,i,v,a,$,V,SG,2,HOD	w,a,z,i,v,a
z,i,v,a,$,V,PL,1,PRS	t,i,n,o,z,i,v,a
z,i,v,a,$,V,PROG,PL,3,PRS	v,a,r,i,k,u,z,i,v,a
z,i,v,a,$,V,PL,2,HOD	m,a,z,i,v,a
z,i,v,a,$,V,PL,3,HOD	v,a,z,i,v,a
z,i,v,a,$,V,PL,3,PST	v,a,k,a,z,i,v,a
z,i,v,a,$,V,SG,1,PRS	n,d,i,n,o,z,i,v,a
z,i,v,a,$,V,PROG,SG,2,PRS	u,r,i,k,u,z,i,v,a
z,i,v,a,$,V,PL,2,FUT	m,u,c,h,a,z,i,v,a
z,i,v,a,$,V,SG,2,PST	w,a,k,a,z,i,v,a
z,i,v,a,$,V,SG,3,HOD	a,z,i,v,a
z,i,v,a,$,V,PROG,PL,2,PRS	m,u,r,i,k,u,z,i,v,a
z,i,v,a,$,V,PL,1,PST	t,a,k,a,z,i,v,a
z,i,v,a,$,V,SG,2,FUT	u,c,h,a,z,i,v,a
z,i,v,a,$,V,PROG,SG,3,PRS	a,r,i,k,u,z,i,v,a
z,i,v,a,$,V,PL,2,PST	m,a,k,a,z,i,v,a
i,t,a,k,u,n,g,e,$,V,PL,2,FUT	m,u,c,h,a,i,t,a,k,u,n,g,e
i,t,a,k,u,n,g,e,$,V,PROG,PL,1,PRS	t,i,r,i,k,u,i,t,a,k,u,n,g,e
i,t,a,k,u,n,g,e,$,V,PL,1,PST	t,a,k,a,i,t,a,k,u,n,g,e
i,t,a,k,u,n,g,e,$,V,SG,3,HOD	a,i,t,a,k,u,n,g,e
i,t,a,k,u,n,g,e,$,V,PL,3,PST	v,a,k,a,i,t,a,k,u,n,g,e
i,t,a,k,u,n,g,e,$,V,SG,2,HOD	w,a,i,t,a,k,u,n,g,e
i,t,a,k,u,n,g,e,$,V,SG,1,PST	n,d,a,k,a,i,t,a,k,u,n,g,e
i,t,a,k,u,n,g,e,$,V,PROG,SG,1,PRS	n,d,i,r,i,k,u,i,t,a,k,u,n,g,e
i,t,a,k,u,n,g,e,$,V,SG,1,PRS	n,d,i,n,o,i,t,a,k,u,n,g,e
i,t,a,k,u,n,g,e,$,V,PROG,PL,3,PRS	v,a,r,i,k,u,i,t,a,k,u,n,g,e
i,t,a,k,u,n,g,e,$,V,PROG,SG,3,PRS	a,r,i,k,u,i,t,a,k,u,n,g,e
i,t,a,k,u,n,g,e,$,V,PL,3,FUT	v,a,c,h,a,i,t,a,k,u,n,g,e
i,t,a,k,u,n,g,e,$,V,SG,2,PST	w,a,k,a,i,t,a,k,u,n,g,e
i,t,a,k,u,n,g,e,$,V,PL,2,HOD	m,a,i,t,a,k,u,n,g,e
i,t,a,k,u,n,g,e,$,V,SG,3,PRS	a,n,o,i,t,a,k,u,n,g,e
i,t,a,k,u,n,g,e,$,V,SG,2,PRS	u,n,o,i,t,a,k,u,n,g,e
i,t,a,k,u,n,g,e,$,V,PROG,PL,2,PRS	m,u,r,i,k,u,i,t,a,k,u,n,g,e
i,t,a,k,u,n,g,e,$,V,SG,2,FUT	u,c,h,a,i,t,a,k,u,n,g,e
i,t,a,k,u,n,g,e,$,V,SG,3,PST	a,k,a,i,t,a,k,u,n,g,e
i,t,a,k,u,n,g,e,$,V,SG,1,FUT	n,d,i,c,h,a,i,t,a,k,u,n,g,e
i,t,a,k,u,n,g,e,$,V,PL,2,PST	m,a,k,a,i,t,a,k,u,n,g,e
i,t,a,k,u,n,g,e,$,V,PL,1,PRS	t,i,n,o,i,t,a,k,u,n,g,e
i,t,a,k,u,n,g,e,$,V,PROG,SG,2,PRS	u,r,i,k,u,i,t,a,k,u,n,g,e
i,t,a,k,u,n,g,e,$,V,SG,1,HOD	n,d,a,i,t,a,k,u,n,g,e
i,t,a,k,u,n,g,e,$,V,SG,3,FUT	a,c,h,a,i,t,a,k,u,n,g,e
i,t,a,k,u,n,g,e,$,V,PL,3,HOD	v,a,i,t,a,k,u,n,g,e
i,t,a,k,u,n,g,e,$,V,PL,1,FUT	t,i,c,h,a,i,t,a,k,u,n,g,e
i,t,a,k,u,n,g,e,$,V,PL,2,PRS	m,u,n,o,i,t,a,k,u,n,g,e
i,t,a,k,u,n,g,e,$,V,PL,3,PRS	v,a,n,o,i,t,a,k,u,n,g,e
i,t,a,k,u,n,g,e,$,V,PL,1,HOD	t,a,i,t,a,k,u,n,g,e
d,a,i,d,z,a,$,V,SG,2,FUT	u,c,h,a,d,a,i,d,z,a
d,a,i,d,z,a,$,V,SG,3,PST	a,k,a,d,a,i,d,z,a
d,a,i,d,z,a,$,V,PL,3,FUT	v,a,c,h,a,d,a,i,d,z,a
d,a,i,d,z,a,$,V,PROG,SG,1,PRS	n,d,i,r,i,k,u,d,a,i,d,z,a
d,a,i,d,z,a,$,V,PL,2,PRS	m,u,n,o,d,a,i,d,z,a
d,a,i,d,z,a,$,V,PL,3,PRS	v,a,n,o,d,a,i,d,z,a
d,a,i,d,z,a,$,V,SG,1,PRS	n,d,i,n,o,d,a,i,d,z,a
d,a,i,d,z,a,$,V,PL,2,HOD	m,a,d,a,i,d,z,a
d,a,i,d,z,a,$,V,SG,1,PST	n,d,a,k,a,d,a,i,d,z,a
d,a,i,d,z,a,$,V,SG,2,PST	w,a,k,a,d,a,i,d,z,a
d,a,i,d,z,a,$,V,SG,3,HOD	a,d,a,i,d,z,a
d,a,i,d,z,a,$,V,SG,1,HOD	n,d,a,d,a,i,d,z,a
d,a,i,d,z,a,$,V,PL,2,FUT	m,u,c,h,a,d,a,i,d,z,a
d,a,i,d,z,a,$,V,PL,3,HOD	v,a,d,a,i,d,z,a
d,a,i,d,z,a,$,V,SG,3,PRS	a,n,o,d,a,i,d,z,a
d,a,i,d,z,a,$,V,PROG,SG,2,PRS	u,r,i,k,u,d,a,i,d,z,a
d,a,i,d,z,a,$,V,SG,1,FUT	n,d,i,c,h,a,d,a,i,d,z,a
d,a,i,d,z,a,$,V,PL,3,PST	v,a,k,a,d,a,i,d,z,a
d,a,i,d,z,a,$,V,SG,3,FUT	a,c,h,a,d,a,i,d,z,a
d,a,i,d,z,a,$,V,SG,2,HOD	w,a,d,a,i,d,z,a
d,a,i,d,z,a,$,V,PROG,PL,3,PRS	v,a,r,i,k,u,d,a,i,d,z,a
d,a,i,d,z,a,$,V,PL,1,HOD	t,a,d,a,i,d,z,a
d,a,i,d,z,a,$,V,PL,2,PST	m,a,k,a,d,a,i,d,z,a
d,a,i,d,z,a,$,V,SG,2,PRS	u,n,o,d,a,i,d,z,a
d,a,i,d,z,a,$,V,PL,1,PST	t,a,k,a,d,a,i,d,z,a
d,a,i,d,z,a,$,V,PL,1,FUT	t,i,c,h,a,d,a,i,d,z,a
d,a,i,d,z,a,$,V,PL,1,PRS	t,i,n,o,d,a,i,d,z,a
d,a,i,d,z,a,$,V,PROG,PL,1,PRS	t,i,r,i,k,u,d,a,i,d,z,a
d,a,i,d,z,a,$,V,PROG,PL,2,PRS	m,u,r,i,k,u,d,a,i,d,z,a
d,a,i,d,z,a,$,V,PROG,SG,3,PRS	a,r,i,k,u,d,a,i,d,z,a
s,i,m,u,k,a,$,V,PL,1,PST	t,a,k,a,s,i,m,u,k,a
s,i,m,u,k,a,$,V,SG,1,FUT	n,d,i,c,h,a,s,i,m,u,k,a
s,i,m,u,k,a,$,V,PL,3,PST	v,a,k,a,s,i,m,u,k,a
s,i,m,u,k,a,$,V,PL,2,PST	m,a,k,a,s,i,m,u,k,a
s,i,m,u,k,a,$,V,SG,3,HOD	a,s,i,m,u,k,a
s,i,m,u,k,a,$,V,PL,3,PRS	v,a,n,o,s,i,m,u,k,a
s,i,m,u,k,a,$,V,PROG,SG,1,PRS	n,d,i,r,i,k,u,s,i,m,u,k,a
s,i,m,u,k,a,$,V,PL,1,HOD	t,a,s,i,m,u,k,a
s,i,m,u,k,a,$,V,SG,1,HOD	n,d,a,s,i,m,u,k,a
s,i,m,u,k,a,$,V,PL,2,HOD	m,a,s,i,m,u,k,a
s,i,m,u,k,a,$,V,SG,1,PST	n,d,a,k,a,s,i,m,u,k,a
s,i,m,u,k,a,$,V,SG,2,PST	w,a,k,a,s,i,m,u,k,a
s,i,m,u,k,a,$,V,SG,1,PRS	n,d,i,n,o,s,i,m,u,k,a
s,i,m,u,k,a,$,V,PROG,SG,3,PRS	a,r,i,k,u,s,i,m,u,k,a
s,i,m,u,k,a,$,V,PROG,PL,1,PRS	t,i,r,i,k,u,s,i,m,u,k,a
s,i,m,u,k,a,$,V,PROG,PL,3,PRS	v,a,r,i,k,u,s,i,m,u,k,a
s,i,m,u,k,a,$,V,PL,2,PRS	m,u,n,o,s,i,m,u,k,a
s,i,m,u,k,a,$,V,PL,1,PRS	t,i,n,o,s,i,m,u,k,a
s,i,m,u,k,a,$,V,SG,3,FUT	a,c,h,a,s,i,m,u,k,a
s,i,m,u,k,a,$,V,PL,3,FUT	v,a,c,h,a,s,i,m,u,k,a
s,i,m,u,k,a,$,V,PL,2,FUT	m,u,c,h,a,s,i,m,u,k,a
s,i,m,u,k,a,$,V,PROG,SG,2,PRS	u,r,i,k,u,s,i,m,u,k,a
s,i,m,u,k,a,$,V,PROG,PL,2,PRS	m,u,r,i,k,u,s,i,m,u,k,a
s,i,m,u,k,a,$,V,SG,2,HOD	w,a,s,i,m,u,k,a
s,i,m,u,k,a,$,V,PL,3,HOD	v,a,s,i,m,u,k,a
s,i,m,u,k,a,$,V,SG,3,PST	a,k,a,s,i,m,u,k,a
s,i,m,u,k,a,$,V,SG,2,FUT	u,c,h,a,s,i,m,u,k,a
s,i,m,u,k,a,$,V,PL,1,FUT	t,i,c,h,a,s,i,m,u,k,a
s,i,m,u,k,a,$,V,SG,2,PRS	u,n,o,s,i,m,u,k,a
s,i,m,u,k,a,$,V,SG,3,PRS	a,n,o,s,i,m,u,k,a
v,h,a,r,a,$,V,SG,1,PRS	n,d,i,n,o,v,h,a,r,a
v,h,a,r,a,$,V,SG,3,FUT	a,c,h,a,v,h,a,r,a
v,h,a,r,a,$,V,PL,3,PRS	v,a,n,o,v,h,a,r,a
v,h,a,r,a,$,V,SG,1,PST	n,d,a,k,a,v,h,a,r,a
v,h,a,r,a,$,V,SG,1,FUT	n,d,i,c,h,a,v,h,a,r,a
v,h,a,r,a,$,V,PROG,PL,3,PRS	v,a,r,i,k,u,v,h,a,r,a
v,h,a,r,a,$,V,PL,2,FUT	m,u,c,h,a,v,h,a,r,a
v,h,a,r,a,$,V,PROG,SG,3,PRS	a,r,i,k,u,v,h,a,r,a
v,h,a,r,a,$,V,PL,2,HOD	m,a,v,h,a,r,a
v,h,a,r,a,$,V,PL,2,PST	m,a,k,a,v,h,a,r,a
v,h,a,r,a,$,V,SG,1,HOD	n,d,a,v,h,a,r,a
v,h,a,r,a,$,V,PROG,PL,2,PRS	m,u,r,i,k,u,v,h,a,r,a
v,h,a,r,a,$,V,SG,2,HOD	w,a,v,h,a,r,a
v,h,a,r,a,$,V,SG,3,HOD	a,v,h,a,r,a
v,h,a,r,a,$,V,PROG,PL,1,PRS	t,i,r,i,k,u,v,h,a,r,a
v,h,a,r,a,$,V,PL,1,HOD	t,a,v,h,a,r,a
v,h,a,r,a,$,V,SG,2,PRS	u,n,o,v,h,a,r,a
v,h,a,r,a,$,V,PL,1,PRS	t,i,n,o,v,h,a,r,a
v,h,a,r,a,$,V,PL,3,HOD	v,a,v,h,a,r,a
v,h,a,r,a,$,V,PROG,SG,2,PRS	u,r,i,k,u,v,h,a,r,a
v,h,a,r,a,$,V,PL,2,PRS	m,u,n,o,v,h,a,r,a
v,h,a,r,a,$,V,SG,2,FUT	u,c,h,a,v,h,a,r,a
v,h,a,r,a,$,V,SG,3,PST	a,k,a,v,h,a,r,a
v,h,a,r,a,$,V,PL,1,PST	t,a,k,a,v,h,a,r,a
v,h,a,r,a,$,V,PL,3,FUT	v,a,c,h,a,v,h,a,r,a
v,h,a,r,a,$,V,SG,2,PST	w,a,k,a,v,h,a,r,a
v,h,a,r,a,$,V,SG,3,PRS	a,n,o,v,h,a,r,a
v,h,a,r,a,$,V,PL,1,FUT	t,i,c,h,a,v,h,a,r,a
v,h,a,r,a,$,V,PL,3,PST	v,a,k,a,v,h,a,r,a
v,h,a,r,a,$,V,PROG,SG,1,PRS	n,d,i,r,i,k,u,v,h,a,r,a
p,i,n,d,u,r,a,$,V,PL,1,PRS	t,i,n,o,p,i,n,d,u,r,a
p,i,n,d,u,r,a,$,V,SG,1,FUT	n,d,i,c,h,a,p,i,n,d,u,r,a
p,i,n,d,u,r,a,$,V,PROG,PL,2,PRS	m,u,r,i,k,u,p,i,n,d,u,r,a
p,i,n,d,u,r,a,$,V,PROG,PL,3,PRS	v,a,r,i,k,u,p,i,n,d,u,r,a
p,i,n,d,u,r,a,$,V,PL,3,HOD	v,a,p,i,n,d,u,r,a
p,i,n,d,u,r,a,$,V,PROG,SG,3,PRS	a,r,i,k,u,p,i,n,d,u,r,a
p,i,n,d,u,r,a,$,V,SG,3,PST	a,k,a,p,i,n,d,u,r,a
p,i,n,d,u,r,a,$,V,SG,2,PRS	u,n,o,p,i,n,d,u,r,a
p,i,n,d,u,r,a,$,V,SG,3,HOD	a,p,i,n,d,u,r,a
p,i,n,d,u,r,a,$,V,PL,1,PST	t,a,k,a,p,i,n,d,u,r,a
p,i,n,d,u,r,a,$,V,SG,2,HOD	w,a,p,i,n,d,u,r,a
p,i,n,d,u,r,a,$,V,SG,2,PST	w,a,k,a,p,i,n,d,u,r,a
p,i,n,d,u,r,a,$,V,SG,3,PRS	a,n,o,p,i,n,d,u,r,a
p,i,n,d,u,r,a,$,V,PROG,SG,1,PRS	n,d,i,r,i,k,u,p,i,n,d,u,r,a
p,i,n,d,u,r,a,$,V,PL,2,PRS	m,u,n,o,p,i,n,d,u,r,a
p,i,n,d,u,r,a,$,V,PL,1,FUT	t,i,c,h,a,p,i,n,d,u,r,a
p,i,n,d,u,r,a,$,V,SG,2,FUT	u,c,h,a,p,i,n,d,u,r,a
p,i,n,d,u,r,a,$,V,SG,1,PST	n,d,a,k,a,p,i,n,d,u,r,a
p,i,n,d,u,r,a,$,V,PL,2,PST	m,a,k,a,p,i,n,d,u,r,a
p,i,n,d,u,r,a,$,V,PL,3,FUT	v,a,c,h,a,p,i,n,d,u,r,a
p,i,n,d,u,r,a,$,V,PL,2,HOD	m,a,p,i,n,d,u,r,a
p,i,n,d,u,r,a,$,V,PL,3,PST	v,a,k,a,p,i,n,d,u,r,a
p,i,n,d,u,r,a,$,V,SG,1,PRS	n,d,i,n,o,p,i,n,d,u,r,a
p,i,n,d,u,r,a,$,V,PL,3,PRS	v,a,n,o,p,i,n,d,u,r,a
p,i,n,d,u,r,a,$,V,SG,3,FUT	a,c,h,a,p,i,n,d,u,r,a
p,i,n,d,u,r,a,$,V,PROG,PL,1,PRS	t,i,r,i,k,u,p,i,n,d,u,r,a
p,i,n,d,u,r,a,$,V,PL,2,FUT	m,u,c,h,a,p,i,n,d,u,r,a
p,i,n,d,u,r,a,$,V,PROG,SG,2,PRS	u,r,i,k,u,p,i,n,d,u,r,a
p,i,n,d,u,r,a,$,V,SG,1,HOD	n,d,a,p,i,n,d,u,r,a
p,i,n,d,u,r,a,$,V,PL,1,HOD	t,a,p,i,n,d,u,r,a
v,h,u,r,a,$,V,PL,2,PST	m,a,k,a,v,h,u,r,a
v,h,u,r,a,$,V,PL,2,FUT	m,u,c,h,a,v,h,u,r,a
v,h,u,r,a,$,V,SG,1,HOD	n,d,a,v,h,u,r,a
v,h,u,r,a,$,V,PROG,SG,2,PRS	u,r,i,k,u,v,h,u,r,a
v,h,u,r,a,$,V,SG,1,PRS	n,d,i,n,o,v,h,u,r,a
v,h,u,r,a,$,V,PROG,PL,2,PRS	m,u,r,i,k,u,v,h,u,r,a
v,h,u,r,a,$,V,SG,2,FUT	u,c,h,a,v,h,u,r,a
v,h,u,r,a,$,V,PROG,SG,1,PRS	n,d,i,r,i,k,u,v,h,u,r,a
v,h,u,r,a,$,V,SG,3,FUT	a,c,h,a,v,h,u,r,a
v,h,u,r,a,$,V,SG,1,FUT	n,d,i,c,h,a,v,h,u,r,a
v,h,u,r,a,$,V,PL,1,FUT	t,i,c,h,a,v,h,u,r,a
v,h,u,r,a,$,V,PL,3,PRS	v,a,n,o,v,h,u,r,a
v,h,u,r,a,$,V,SG,3,PST	a,k,a,v,h,u,r,a
v,h,u,r,a,$,V,PL,1,PST	t,a,k,a,v,h,u,r,a
v,h,u,r,a,$,V,SG,1,PST	n,d,a,k,a,v,h,u,r,a
v,h,u,r,a,$,V,SG,2,HOD	w,a,v,h,u,r,a
v,h,u,r,a,$,V,PL,3,HOD	v,a,v,h,u,r,a
v,h,u,r,a,$,V,PL,2,HOD	m,a,v,h,u,r,a
v,h,u,r,a,$,V,PROG,PL,1,PRS	t,i,r,i,k,u,v,h,u,r,a
v,h,u,r,a,$,V,PL,3,PST	v,a,k,a,v,h,u,r,a
v,h,u,r,a,$,V,SG,3,HOD	a,v,h,u,r,a
v,h,u,r,a,$,V,PL,3,FUT	v,a,c,h,a,v,h,u,r,a
v,h,u,r,a,$,V,SG,2,PST	w,a,k,a,v,h,u,r,a
v,h,u,r,a,$,V,PL,1,HOD	t,a,v,h,u,r,a
v,h,u,r,a,$,V,PROG,PL,3,PRS	v,a,r,i,k,u,v,h,u,r,a
v,h,u,r,a,$,V,PL,2,PRS	m,u,n,o,v,h,u,r,a
v,h,u,r,a,$,V,SG,3,PRS	a,n,o,v,h,u,r,a
v,h,u,r,a,$,V,PL,1,PRS	t,i,n,o,v,h,u,r,a
v,h,u,r,a,$,V,PROG,SG,3,PRS	a,r,i,k,u,v,h,u,r,a
v,h,u,r,a,$,V,SG,2,PRS	u,n,o,v,h,u,r,a
r,a,r,a,$,V,PROG,PL,2,PRS	m,u,r,i,k,u,r,a,r,a
r,a,r,a,$,V,PL,3,HOD	v,a,r,a,r,a
r,a,r,a,$,V,PROG,SG,3,PRS	a,r,i,k,u,r,a,r,a
r,a,r,a,$,V,SG,1,PRS	n,d,i,n,o,r,a,r,a
r,a,r,a,$,V,SG,3,PST	a,k,a,r,a,r,a
r,a,r,a,$,V,SG,2,PRS	u,n,o,r,a,r,a
r,a,r,a,$,V,PROG,SG,1,PRS	n,d,i,r,i,k,u,r,a,r,a
r,a,r,a,$,V,PL,2,HOD	m,a,r,a,r,a
r,a,r,a,$,V,SG,2,FUT	u,c,h,a,r,a,r,a
r,a,r,a,$,V,PL,1,PST	t,a,k,a,r,a,r,a
r,a,r,a,$,V,PL,2,PST	m,a,k,a,r,a,r,a
r,a,r,a,$,V,PL,1,FUT	t,i,c,h,a,r,a,r,a
r,a,r,a,$,V,PL,3,PST	v,a,k,a,r,a,r,a
r,a,r,a,$,V,PL,1,HOD	t,a,r,a,r,a
r,a,r,a,$,V,PL,3,FUT	v,a,c,h,a,r,a,r,a
r,a,r,a,$,V,PROG,PL,3,PRS	v,a,r,i,k,u,r,a,r,a
r,a,r,a,$,V,PL,3,PRS	v,a,n,o,r,a,r,a
r,a,r,a,$,V,SG,1,PST	n,d,a,k,a,r,a,r,a
r,a,r,a,$,V,SG,3,FUT	a,c,h,a,r,a,r,a
r,a,r,a,$,V,PL,1,PRS	t,i,n,o,r,a,r,a
r,a,r,a,$,V,PL,2,PRS	m,u,n,o,r,a,r,a
r,a,r,a,$,V,SG,2,PST	w,a,k,a,r,a,r,a
r,a,r,a,$,V,SG,3,HOD	a,r,a,r,a
r,a,r,a,$,V,SG,1,FUT	n,d,i,c,h,a,r,a,r,a
r,a,r,a,$,V,SG,3,PRS	a,n,o,r,a,r,a
r,a,r,a,$,V,PL,2,FUT	m,u,c,h,a,r,a,r,a
r,a,r,a,$,V,PROG,SG,2,PRS	u,r,i,k,u,r,a,r,a
r,a,r,a,$,V,SG,2,HOD	w,a,r,a,r,a
r,a,r,a,$,V,PROG,PL,1,PRS	t,i,r,i,k,u,r,a,r,a
r,a,r,a,$,V,SG,1,HOD	n,d,a,r,a,r,a
d,z,i,k,i,s,a,$,V,SG,3,HOD	a,d,z,i,k,i,s,a
d,z,i,k,i,s,a,$,V,PROG,SG,1,PRS	n,d,i,r,i,k,u,d,z,i,k,i,s,a
d,z,i,k,i,s,a,$,V,PL,1,PRS	t,i,n,o,d,z,i,k,i,s,a
d,z,i,k,i,s,a,$,V,SG,1,HOD	n,d,a,d,z,i,k,i,s,a
d,z,i,k,i,s,a,$,V,PL,2,PRS	m,u,n,o,d,z,i,k,i,s,a
d,z,i,k,i,s,a,$,V,SG,1,PST	n,d,a,k,a,d,z,i,k,i,s,a
d,z,i,k,i,s,a,$,V,PL,2,HOD	m,a,d,z,i,k,i,s,a
d,z,i,k,i,s,a,$,V,SG,2,HOD	w,a,d,z,i,k,i,s,a
d,z,i,k,i,s,a,$,V,PL,1,FUT	t,i,c,h,a,d,z,i,k,i,s,a
d,z,i,k,i,s,a,$,V,PROG,PL,3,PRS	v,a,r,i,k,u,d,z,i,k,i,s,a
d,z,i,k,i,s,a,$,V,SG,3,PST	a,k,a,d,z,i,k,i,s,a
d,z,i,k,i,s,a,$,V,SG,1,PRS	n,d,i,n,o,d,z,i,k,i,s,a
d,z,i,k,i,s,a,$,V,PL,3,FUT	v,a,c,h,a,d,z,i,k,i,s,a
d,z,i,k,i,s,a,$,V,PROG,PL,2,PRS	m,u,r,i,k,u,d,z,i,k,i,s,a
d,z,i,k,i,s,a,$,V,PROG,SG,2,PRS	u,r,i,k,u,d,z,i,k,i,s,a
d,z,i,k,i,s,a,$,V,SG,2,PST	w,a,k,a,d,z,i,k,i,s,a
d,z,i,k,i,s,a,$,V,PROG,PL,1,PRS	t,i,r,i,k,u,d,z,i,k,i,s,a
d,z,i,k,i,s,a,$,V,SG,3,PRS	a,n,o,d,z,i,k,i,s,a
d,z,i,k,i,s,a,$,V,PL,2,FUT	m,u,c,h,a,d,z,i,k,i,s,a
d,z,i,k,i,s,a,$,V,PL,3,PRS	v,a,n,o,d,z,i,k,i,s,a
d,z,i,k,i,s,a,$,V,PL,1,PST	t,a,k,a,d,z,i,k,i,s,a
d,z,i,k,i,s,a,$,V,PL,1,HOD	t,a,d,z,i,k,i,s,a
d,z,i,k,i,s,a,$,V,PL,2,PST	m,a,k,a,d,z,i,k,i,s,a
d,z,i,k,i,s,a,$,V,PL,3,HOD	v,a,d,z,i,k,i,s,a
d,z,i,k,i,s,a,$,V,SG,1,FUT	n,d,i,c,h,a,d,z,i,k,i,s,a
d,z,i,k,i,s,a,$,V,SG,2,PRS	u,n,o,d,z,i,k,i,s,a
d,z,i,k,i,s,a,$,V,PROG,SG,3,PRS	a,r,i,k,u,d,z,i,k,i,s,a
d,z,i,k,i,s,a,$,V,PL,3,PST	v,a,k,a,d,z,i,k,i,s,a
d,z,i,k,i,s,a,$,V,SG,2,FUT	u,c,h,a,d,z,i,k,i,s,a
d,z,i,k,i,s,a,$,V,SG,3,FUT	a,c,h,a,d,z,i,k,i,s,a
f,e,m,a,$,V,SG,1,FUT	n,d,i,c,h,a,f,e,m,a
f,e,m,a,$,V,PL,1,PRS	t,i,n,o,f,e,m,a
f,e,m,a,$,V,PL,2,HOD	m,a,f,e,m,a
f,e,m,a,$,V,PL,2,PRS	m,u,n,o,f,e,m,a
f,e,m,a,$,V,PL,1,PST	t,a,k,a,f,e,m,a
f,e,m,a,$,V,PL,3,FUT	v,a,c,h,a,f,e,m,a
f,e,m,a,$,V,SG,1,PRS	n,d,i,n,o,f,e,m,a
f,e,m,a,$,V,PROG,SG,1,PRS	n,d,i,r,i,k,u,f,e,m,a
f,e,m,a,$,V,PL,1,HOD	t,a,f,e,m,a
f,e,m,a,$,V,SG,2,PRS	u,n,o,f,e,m,a
f,e,m,a,$,V,SG,3,FUT	a,c,h,a,f,e,m,a
f,e,m,a,$,V,PL,1,FUT	t,i,c,h,a,f,e,m,a
f,e,m,a,$,V,PROG,SG,2,PRS	u,r,i,k,u,f,e,m,a
f,e,m,a,$,V,SG,2,PST	w,a,k,a,f,e,m,a
f,e,m,a,$,V,SG,2,HOD	w,a,f,e,m,a
f,e,m,a,$,V,SG,3,HOD	a,f,e,m,a
f,e,m,a,$,V,PROG,SG,3,PRS	a,r,i,k,u,f,e,m,a
f,e,m,a,$,V,SG,2,FUT	u,c,h,a,f,e,m,a
f,e,m,a,$,V,SG,3,PST	a,k,a,f,e,m,a
f,e,m,a,$,V,PROG,PL,1,PRS	t,i,r,i,k,u,f,e,m,a
f,e,m,a,$,V,PL,3,PRS	v,a,n,o,f,e,m,a
f,e,m,a,$,V,PL,2,PST	m,a,k,a,f,e,m,a
f,e,m,a,$,V,SG,1,PST	n,d,a,k,a,f,e,m,a
f,e,m,a,$,V,PL,3,PST	v,a,k,a,f,e,m,a
f,e,m,a,$,V,PROG,PL,3,PRS	v,a,r,i,k,u,f,e,m,a
f,e,m,a,$,V,SG,3,PRS	a,n,o,f,e,m,a
f,e,m,a,$,V,PL,3,HOD	v,a,f,e,m,a
f,e,m,a,$,V,PROG,PL,2,PRS	m,u,r,i,k,u,f,e,m,a
f,e,m,a,$,V,PL,2,FUT	m,u,c,h,a,f,e,m,a
f,e,m,a,$,V,SG,1,HOD	n,d,a,f,e,m,a
e,n,d,a,$,V,PL,3,HOD	v,a,e,n,d,a
e,n,d,a,$,V,PL,2,FUT	m,u,c,h,a,e,n,d,a
e,n,d,a,$,V,PROG,PL,2,PRS	m,u,r,i,k,u,e,n,d,a
e,n,d,a,$,V,PL,3,PST	v,a,k,a,e,n,d,a
e,n,d,a,$,V,PL,1,PST	t,a,k,a,e,n,d,a
e,n,d,a,$,V,SG,2,PST	w,a,k,a,e,n,d,a
e,n,d,a,$,V,SG,1,FUT	n,d,i,c,h,a,e,n,d,a
e,n,d,a,$,V,PL,1,HOD	t,a,e,n,d,a
e,n,d,a,$,V,PL,1,PRS	t,i,n,o,e,n,d,a
e,n,d,a,$,V,PROG,SG,3,PRS	a,r,i,k,u,e,n,d,a
e,n,d,a,$,V,SG,1,PRS	n,d,i,n,o,e,n,d,a
e,n,d,a,$,V,PROG,SG,1,PRS	n,d,i,r,i,k,u,e,n,d,a
e,n,d,a,$,V,SG,3,PRS	a,n,o,e,n,d,a
e,n,d,a,$,V,SG,1,HOD	n,d,a,e,n,d,a
e,n,d,a,$,V,SG,2,HOD	w,a,e,n,d,a
e,n,d,a,$,V,SG,1,PST	n,d,a,k,a,e,n,d,a
e,n,d,a,$,V,SG,3,HOD	a,e,n,d,a
e,n,d,a,$,V,PL,2,HOD	m,a,e,n,d,a
e,n,d,a,$,V,PL,1,FUT	t,i,c,h,a,e,n,d,a
e,n,d,a,$,V,PL,3,PRS	v,a,n,o,e,n,d,a
e,n,d,a,$,V,PL,3,FUT	v,a,c,h,a,e,n,d,a
e,n,d,a,$,V,PROG,PL,3,PRS	v,a,r,i,k,u,e,n,d,a
e,n,d,a,$,V,PL,2,PRS	m,u,n,o,e,n,d,a
e,n,d,a,$,V,SG,3,PST	a,k,a,e,n,d,a
e,n,d,a,$,V,PROG,PL,1,PRS	t,i,r,i,k,u,e,n,d,a
e,n,d,a,$,V,SG,3,FUT	a,c,h,a,e,n,d,a
e,n,d,a,$,V,SG,2,PRS	u,n,o,e,n,d,a
e,n,d,a,$,V,SG,2,FUT	u,c,h,a,e,n,d,a
e,n,d,a,$,V,PROG,SG,2,PRS	u,r,i,k,u,e,n,d,a
e,n,d,a,$,V,PL,2,PST	m,a,k,a,e,n,d,a
n,y,o,r,a,$,V,PL,1,PST	t,a,k,a,n,y,o,r,a
n,y,o,r,a,$,V,SG,3,FUT	a,c,h,a,n,y,o,r,a
n,y,o,r,a,$,V,PL,2,PST	m,a,k,a,n,y,o,r,a
n,y,o,r,a,$,V,SG,1,PRS	n,d,i,n,o,n,y,o,r,a
n,y,o,r,a,$,V,SG,1,PST	n,d,a,k,a,n,y,o,r,a
n,y,o,r,a,$,V,PL,3,PST	v,a,k,a,n,y,o,r,a
n,y,o,r,a,$,V,SG,1,HOD	n,d,a,n,y,o,r,a
n,y,o,r,a,$,V,SG,2,PST	w,a,k,a,n,y,o,r,a
n,y,o,r,a,$,V,PROG,SG,2,PRS	u,r,i,k,u,n,y,o,r,a
n,y,o,r,a,$,V,PL,1,HOD	t,a,n,y,o,r,a
n,y,o,r,a,$,V,SG,1,FUT	n,d,i,c,h,a,n,y,o,r,a
n,y,o,r,a,$,V,SG,2,HOD	w,a,n,y,o,r,a
n,y,o,r,a,$,V,PL,1,FUT	t,i,c,h,a,n,y,o,r,a
n,y,o,r,a,$,V,SG,2,PRS	u,n,o,n,y,o,r,a
n,y,o,r,a,$,V,PL,2,HOD	m,a,n,y,o,r,a
n,y,o,r,a,$,V,PL,3,HOD	v,a,n,y,o,r,a
n,y,o,r,a,$,V,PL,3,PRS	v,a,n,o,n,y,o,r,a
n,y,o,r,a,$,V,PROG,SG,1,PRS	n,d,i,r,i,k,u,n,y,o,r,a
n,y,o,r,a,$,V,PROG,PL,2,PRS	m,u,r,i,k,u,n,y,o,r,a
n,y,o,r,a,$,V,PL,3,FUT	v,a,c,h,a,n,y,o,r,a
n,y,o,r,a,$,V,SG,3,PST	a,k,a,n,y,o,r,a
n,y,o,r,a,$,V,PL,1,PRS	t,i,n,o,n,y,o,r,a
n,y,o,r,a,$,V,SG,3,HOD	a,n,y,o,r,a
n,y,o,r,a,$,V,PL,2,PRS	m,u,n,o,n,y,o,r,a
n,y,o,r,a,$,V,PL,2,FUT	m,u,c,h,a,n,y,o,r,a
n,y,o,r,a,$,V,PROG,SG,3,PRS	a,r,i,k,u,n,y,o,r,a
n,y,o,r,a,$,V,SG,2,FUT	u,c,h,a,n,y,o,r,a
n,y,o,r,a,$,V,PROG,PL,3,PRS	v,a,r,i,k,u,n,y,o,r,a
n,y,o,r,a,$,V,PROG,PL,1,PRS	t,i,r,i,k,u,n,y,o,r,a
n,y,o,r,a,$,V,SG,3,PRS	a,n,o,n,y,o,r,a
b,v,u,n,z,a,$,V,SG,2,HOD	w,a,b,v,u,n,z,a
b,v,u,n,z,a,$,V,PL,2,PRS	m,u,n,o,b,v,u,n,z,a
b,v,u,n,z,a,$,V,PL,2,FUT	m,u,c,h,a,b,v,u,n,z,a
b,v,u,n,z,a,$,V,SG,1,PRS	n,d,i,n,o,b,v,u,n,z,a
b,v,u,n,z,a,$,V,PL,3,HOD	v,a,b,v,u,n,z,a
b,v,u,n,z,a,$,V,PL,1,FUT	t,i,c,h,a,b,v,u,n,z,a
b,v,u,n,z,a,$,V,PROG,PL,3,PRS	v,a,r,i,k,u,b,v,u,n,z,a
b,v,u,n,z,a,$,V,PL,3,PST	v,a,k,a,b,v,u,n,z,a
b,v,u,n,z,a,$,V,PL,1,PST	t,a,k,a,b,v,u,n,z,a
b,v,u,n,z,a,$,V,PL,3,FUT	v,a,c,h,a,b,v,u,n,z,a
b,v,u,n,z,a,$,V,PL,1,PRS	t,i,n,o,b,v,u,n,z,a
b,v,u,n,z,a,$,V,SG,1,PST	n,d,a,k,a,b,v,u,n,z,a
b,v,u,n,z,a,$,V,PL,1,HOD	t,a,b,v,u,n,z,a
b,v,u,n,z,a,$,V,PROG,PL,1,PRS	t,i,r,i,k,u,b,v,u,n,z,a
b,v,u,n,z,a,$,V,PROG,SG,2,PRS	u,r,i,k,u,b,v,u,n,z,a
b,v,u,n,z,a,$,V,PROG,PL,2,PRS	m,u,r,i,k,u,b,v,u,n,z,a
b,v,u,n,z,a,$,V,PROG,SG,1,PRS	n,d,i,r,i,k,u,b,v,u,n,z,a
b,v,u,n,z,a,$,V,SG,3,FUT	a,c,h,a,b,v,u,n,z,a
b,v,u,n,z,a,$,V,SG,2,FUT	u,c,h,a,b,v,u,n,z,a
b,v,u,n,z,a,$,V,SG,2,PRS	u,n,o,b,v,u,n,z,a
b,v,u,n,z,a,$,V,SG,3,PST	a,k,a,b,v,u,n,z,a
b,v,u,n,z,a,$,V,PL,2,HOD	m,a,b,v,u,n,z,a
b,v,u,n,z,a,$,V,SG,2,PST	w,a,k,a,b,v,u,n,z,a
b,v,u,n,z,a,$,V,SG,1,FUT	n,d,i,c,h,a,b,v,u,n,z,a
b,v,u,n,z,a,$,V,PL,2,PST	m,a,k,a,b,v,u,n,z,a
b,v,u,n,z,a,$,V,SG,1,HOD	n,d,a,b,v,u,n,z,a
b,v,u,n,z,a,$,V,PL,3,PRS	v,a,n,o,b,v,u,n,z,a
b,v,u,n,z,a,$,V,SG,3,HOD	a,b,v,u,n,z,a
b,v,u,n,z,a,$,V,SG,3,PRS	a,n,o,b,v,u,n,z,a
b,v,u,n,z,a,$,V,PROG,SG,3,PRS	a,r,i,k,u,b,v,u,n,z,a
i,d,y,a,$,V,PROG,SG,1,PRS	n,d,i,r,i,k,u,d,y,a
i,d,y,a,$,V,SG,3,PRS	a,n,o,d,y,a
i,d,y,a,$,V,PL,3,PRS	v,a,n,o,d,y,a
i,d,y,a,$,V,PROG,SG,2,PRS	u,r,i,k,u,d,y,a
i,d,y,a,$,V,PL,3,FUT	v,a,c,h,a,d,y,a
i,d,y,a,$,V,SG,2,PST	w,a,k,a,d,y,a
i,d,y,a,$,V,SG,2,PRS	u,n,o,d,y,a
i,d,y,a,$,V,SG,3,FUT	a,c,h,a,d,y,a
i,d,y,a,$,V,PL,1,FUT	t,i,c,h,a,d,y,a
i,d,y,a,$,V,PL,1,PRS	t,i,n,o,d,y,a
i,d,y,a,$,V,PL,2,PRS	m,u,n,o,d,y,a
i,d,y,a,$,V,PROG,PL,3,PRS	v,a,r,i,k,u,d,y,a
i,d,y,a,$,V,SG,1,FUT	n,d,i,c,h,a,d,y,a
i,d,y,a,$,V,PROG,PL,2,PRS	m,u,r,i,k,u,d,y,a
i,d,y,a,$,V,PROG,PL,1,PRS	t,i,r,i,k,u,d,y,a
i,d,y,a,$,V,SG,3,HOD	a,d,y,a
i,d,y,a,$,V,PL,2,FUT	m,u,c,h,a,d,y,a
i,d,y,a,$,V,SG,2,FUT	u,c,h,a,d,y,a
i,d,y,a,$,V,SG,1,HOD	n,d,a,d,y,a
i,d,y,a,$,V,PL,2,PST	m,a,k,a,d,y,a
i,d,y,a,$,V,PL,3,PST	v,a,k,a,d,y,a
i,d,y,a,$,V,PL,1,PST	t,a,k,a,d,y,a
i,d,y,a,$,V,PROG,SG,3,PRS	a,r,i,k,u,d,y,a
i,d,y,a,$,V,SG,2,HOD	w,a,d,y,a
i,d,y,a,$,V,SG,3,PST	a,k,a,d,y,a
i,d,y,a,$,V,PL,3,HOD	v,a,d,y,a
i,d,y,a,$,V,PL,1,HOD	t,a,d,y,a
i,d,y,a,$,V,PL,2,HOD	m,a,d,y,a
i,d,y,a,$,V,SG,1,PRS	n,d,i,n,o,d,y,a
i,d,y,a,$,V,SG,1,PST	n,d,a,k,a,d,y,a
t,a,m,b,a,$,V,SG,3,HOD	a,t,a,m,b,a
t,a,m,b,a,$,V,SG,2,FUT	u,c,h,a,t,a,m,b,a
t,a,m,b,a,$,V,PL,3,HOD	v,a,t,a,m,b,a
t,a,m,b,a,$,V,PL,2,PRS	m,u,n,o,t,a,m,b,a
t,a,m,b,a,$,V,SG,2,PRS	u,n,o,t,a,m,b,a
t,a,m,b,a,$,V,PROG,PL,3,PRS	v,a,r,i,k,u,t,a,m,b,a
t,a,m,b,a,$,V,SG,3,FUT	a,c,h,a,t,a,m,b,a
t,a,m,b,a,$,V,SG,1,FUT	n,d,i,c,h,a,t,a,m,b,a
t,a,m,b,a,$,V,PROG,PL,1,PRS	t,i,r,i,k,u,t,a,m,b,a
t,a,m,b,a,$,V,PL,2,PST	m,a,k,a,t,a,m,b,a
t,a,m,b,a,$,V,PROG,SG,2,PRS	u,r,i,k,u,t,a,m,b,a
t,a,m,b,a,$,V,PROG,PL,2,PRS	m,u,r,i,k,u,t,a,m,b,a
t,a,m,b,a,$,V,PL,3,FUT	v,a,c,h,a,t,a,m,b,a
t,a,m,b,a,$,V,PL,1,FUT	t,i,c,h,a,t,a,m,b,a
t,a,m,b,a,$,V,PL,3,PST	v,a,k,a,t,a,m,b,a
t,a,m,b,a,$,V,SG,1,HOD	n,d,a,t,a,m,b,a
t,a,m,b,a,$,V,SG,2,PST	w,a,k,a,t,a,m,b,a
t,a,m,b,a,$,V,SG,3,PST	a,k,a,t,a,m,b,a
t,a,m,b,a,$,V,PROG,SG,1,PRS	n,d,i,r,i,k,u,t,a,m,b,a
t,a,m,b,a,$,V,SG,1,PST	n,d,a,k,a,t,a,m,b,a
t,a,m,b,a,$,V,SG,3,PRS	a,n,o,t,a,m,b,a
t,a,m,b,a,$,V,PL,1,HOD	t,a,t,a,m,b,a
t,a,m,b,a,$,V,PL,1,PST	t,a,k,a,t,a,m,b,a
t,a,m,b,a,$,V,PL,2,HOD	m,a,t,a,m,b,a
t,a,m,b,a,$,V,PL,2,FUT	m,u,c,h,a,t,a,m,b,a
t,a,m,b,a,$,V,PROG,SG,3,PRS	a,r,i,k,u,t,a,m,b,a
t,a,m,b,a,$,V,SG,2,HOD	w,a,t,a,m,b,a
t,a,m,b,a,$,V,PL,3,PRS	v,a,n,o,t,a,m,b,a
t,a,m,b,a,$,V,SG,1,PRS	n,d,i,n,o,t,a,m,b,a
t,a,m,b,a,$,V,PL,1,PRS	t,i,n,o,t,a,m,b,a
t,s,a,n,a,n,g,u,r,a,$,V,SG,3,FUT	a,c,h,a,t,s,a,n,a,n,g,u,r,a
t,s,a,n,a,n,g,u,r,a,$,V,PL,1,FUT	t,i,c,h,a,t,s,a,n,a,n,g,u,r,a
t,s,a,n,a,n,g,u,r,a,$,V,SG,1,FUT	n,d,i,c,h,a,t,s,a,n,a,n,g,u,r,a
t,s,a,n,a,n,g,u,r,a,$,V,PL,2,PST	m,a,k,a,t,s,a,n,a,n,g,u,r,a
t,s,a,n,a,n,g,u,r,a,$,V,PL,3,FUT	v,a,c,h,a,t,s,a,n,a,n,g,u,r,a
t,s,a,n,a,n,g,u,r,a,$,V,PROG,SG,1,PRS	n,d,i,r,i,k,u,t,s,a,n,a,n,g,u,r,a
t,s,a,n,a,n,g,u,r,a,$,V,SG,2,PST	w,a,k,a,t,s,a,n,a,n,g,u,r,a
t,s,a,n,a,n,g,u,r,a,$,V,PROG,SG,2,PRS	u,r,i,k,u,t,s,a,n,a,n,g,u,r,a
t,s,a,n,a,n,g,u,r,a,$,V,PL,1,PRS	t,i,n,o,t,s,a,n,a,n,g,u,r,a
t,s,a,n,a,n,g,u,r,a,$,V,PROG,PL,1,PRS	t,i,r,i,k,u,t,s,a,n,a,n,g,u,r,a
t,s,a,n,a,n,g,u,r,a,$,V,PL,3,HOD	v,a,t,s,a,n,a,n,g,u,r,a
t,s,a,n,a,n,g,u,r,a,$,V,SG,1,PRS	n,d,i,n,o,t,s,a,n,a,n,g,u,r,a
t,s,a,n,a,n,g,u,r,a,$,V,SG,3,HOD	a,t,s,a,n,a,n,g,u,r,a
t,s,a,n,a,n,g,u,r,a,$,V,PROG,SG,3,PRS	a,r,i,k,u,t,s,a,n,a,n,g,u,r,a
t,s,a,n,a,n,g,u,r,a,$,V,SG,2,PRS	u,n,o,t,s,a,n,a,n,g,u,r,a
t,s,a,n,a,n,g,u,r,a,$,V,PL,2,FUT	m,u,c,h,a,t,s,a,n,a,n,g,u,r,a
t,s,a,n,a,n,g,u,r,a,$,V,PL,3,PRS	v,a,n,o,t,s,a,n,a,n,g,u,r,a
t,s,a,n,a,n,g,u,r,a,$,V,PROG,PL,3,PRS	v,a,r,i,k,u,t,s,a,n,a,n,g,u,r,a
t,s,a,n,a,n,g,u,r,a,$,V,SG,3,PST	a,k,a,t,s,a,n,a,n,g,u,r,a
t,s,a,n,a,n,g,u,r,a,$,V,PL,2,PRS	m,u,n,o,t,s,a,n,a,n,g,u,r,a
t,s,a,n,a,n,g,u,r,a,$,V,PL,1,PST	t,a,k,a,t,s,a,n,a,n,g,u,r,a
t,s,a,n,a,n,g,u,r,a,$,V,SG,1,HOD	n,d,a,t,s,a,n,a,n,g,u,r,a
t,s,a,n,a,n,g,u,r,a,$,V,PROG,PL,2,PRS	m,u,r,i,k,u,t,s,a,n,a,n,g,u,r,a
t,s,a,n,a,n,g,u,r,a,$,V,SG,2,FUT	u,c,h,a,t,s,a,n,a,n,g,u,r,a
t,s,a,n,a,n,g,u,r,a,$,V,SG,1,PST	n,d,a,k,a,t,s,a,n,a,n,g,u,r,a
t,s,a,n,a,n,g,u,r,a,$,V,PL,3,PST	v,a,k,a,t,s,a,n,a,n,g,u,r,a
t,s,a,n,a,n,g,u,r,a,$,V,SG,2,HOD	w,a,t,s,a,n,a,n,g,u,r,a
t,s,a,n,a,n,g,u,r,a,$,V,PL,1,HOD	t,a,t,s,a,n,a,n,g,u,r,a
t,s,a,n,a,n,g,u,r,a,$,V,SG,3,PRS	a,n,o,t,s,a,n,a,n,g,u,r,a
t,s,a,n,a,n,g,u,r,a,$,V,PL,2,HOD	m,a,t,s,a,n,a,n,g,u,r,a
t,a,n,g,o,$,V,PL,1,FUT	t,i,c,h,a,t,a,n,g,o
t,a,n,g,o,$,V,SG,2,FUT	u,c,h,a,t,a,n,g,o
t,a,n,g,o,$,V,PL,2,HOD	m,a,t,a,n,g,o
t,a,n,g,o,$,V,PL,1,HOD	t,a,t,a,n,g,o
t,a,n,g,o,$,V,SG,3,FUT	a,c,h,a,t,a,n,g,o
t,a,n,g,o,$,V,SG,1,HOD	n,d,a,t,a,n,g,o
t,a,n,g,o,$,V,PL,2,PRS	m,u,n,o,t,a,n,g,o
t,a,n,g,o,$,V,PROG,SG,2,PRS	u,r,i,k,u,t,a,n,g,o
t,a,n,g,o,$,V,PROG,PL,3,PRS	v,a,r,i,k,u,t,a,n,g,o
t,a,n,g,o,$,V,PROG,PL,2,PRS	m,u,r,i,k,u,t,a,n,g,o
t,a,n,g,o,$,V,PL,3,FUT	v,a,c,h,a,t,a,n,g,o
t,a,n,g,o,$,V,SG,2,PRS	u,n,o,t,a,n,g,o
t,a,n,g,o,$,V,SG,1,PST	n,d,a,k,a,t,a,n,g,o
t,a,n,g,o,$,V,SG,1,FUT	n,d,i,c,h,a,t,a,n,g,o
t,a,n,g,o,$,V,PL,1,PRS	t,i,n,o,t,a,n,g,o
t,a,n,g,o,$,V,SG,3,PRS	a,n,o,t,a,n,g,o
t,a,n,g,o,$,V,PROG,SG,3,PRS	a,r,i,k,u,t,a,n,g,o
t,a,n,g,o,$,V,PL,3,PST	v,a,k,a,t,a,n,g,o
t,a,n,g,o,$,V,PL,1,PST	t,a,k,a,t,a,n,g,o
t,a,n,g,o,$,V,SG,3,PST	a,k,a,t,a,n,g,o
t,a,n,g,o,$,V,SG,1,PRS	n,d,i,n,o,t,a,n,g,o
t,a,n,g,o,$,V,PL,2,FUT	m,u,c,h,a,t,a,n,g,o
t,a,n,g,o,$,V,PL,2,PST	m,a,k,a,t,a,n,g,o
t,a,n,g,o,$,V,PL,3,HOD	v,a,t,a,n,g,o
t,a,n,g,o,$,V,SG,2,PST	w,a,k,a,t,a,n,g,o
t,a,n,g,o,$,V,SG,2,HOD	w,a,t,a,n,g,o
t,a,n,g,o,$,V,PROG,PL,1,PRS	t,i,r,i,k,u,t,a,n,g,o
t,a,n,g,o,$,V,SG,3,HOD	a,t,a,n,g,o
t,a,n,g,o,$,V,PROG,SG,1,PRS	n,d,i,r,i,k,u,t,a,n,g,o
t,a,n,g,o,$,V,PL,3,PRS	v,a,n,o,t,a,n,g,o
k,u,i,t,i,k,a,$,V,SG,3,PRS	z,v,i,r,i,k,u,i,t,i,k,a
k,u,i,t,i,k,a,$,V,PROG,PL,2,PRS	z,v,i,r,i,k,u,i,t,i,k,a
k,u,i,t,i,k,a,$,V,SG,3,HOD	z,v,a,i,t,i,k,a
k,u,i,t,i,k,a,$,V,SG,3,PST	z,v,a,k,a,i,t,i,k,a
k,u,i,t,i,k,a,$,V,PROG,SG,3,PRS	z,v,i,r,i,k,u,i,t,i,k,a
k,u,i,t,i,k,a,$,V,PL,3,FUT	z,v,i,c,h,a,i,t,i,k,a
k,u,i,t,i,k,a,$,V,SG,2,PRS	z,v,i,r,i,k,u,i,t,i,k,a
k,u,i,t,i,k,a,$,V,SG,2,HOD	z,v,a,i,t,i,k,a
k,u,i,t,i,k,a,$,V,SG,1,FUT	z,v,i,c,h,a,i,t,i,k,a
k,u,i,t,i,k,a,$,V,PROG,SG,2,PRS	z,v,i,r,i,k,u,i,t,i,k,a
k,u,i,t,i,k,a,$,V,PROG,SG,1,PRS	z,v,i,r,i,k,u,i,t,i,k,a
k,u,i,t,i,k,a,$,V,PL,2,PST	z,v,a,k,a,i,t,i,k,a
k,u,i,t,i,k,a,$,V,SG,2,FUT	z,v,i,c,h,a,i,t,i,k,a
k,u,i,t,i,k,a,$,V,PROG,PL,3,PRS	z,v,i,r,i,k,u,i,t,i,k,a
k,u,i,t,i,k,a,$,V,PL,1,HOD	z,v,a,i,t,i,k,a
k,u,i,t,i,k,a,$,V,PL,3,HOD	z,v,a,i,t,i,k,a
k,u,i,t,i,k,a,$,V,SG,1,PST	z,v,a,k,a,i,t,i,k,a
k,u,i,t,i,k,a,$,V,SG,1,PRS	z,v,i,r,i,k,u,i,t,i,k,a
k,u,i,t,i,k,a,$,V,PL,3,PRS	z,v,i,r,i,k,u,i,t,i,k,a
k,u,i,t,i,k,a,$,V,SG,3,FUT	z,v,i,c,h,a,i,t,i,k,a
k,u,i,t,i,k,a,$,V,PL,3,PST	z,v,a,k,a,i,t,i,k,a
k,u,i,t,i,k,a,$,V,PROG,PL,1,PRS	z,v,i,r,i,k,u,i,t,i,k,a
k,u,i,t,i,k,a,$,V,PL,1,FUT	z,v,i,c,h,a,i,t,i,k,a
k,u,i,t,i,k,a,$,V,PL,2,HOD	z,v,a,i,t,i,k,a
k,u,i,t,i,k,a,$,V,SG,1,HOD	z,v,a,i,t,i,k,a
k,u,i,t,i,k,a,$,V,PL,1,PRS	z,v,i,r,i,k,u,i,t,i,k,a
k,u,i,t,i,k,a,$,V,SG,2,PST	z,v,a,k,a,i,t,i,k,a
k,u,i,t,i,k,a,$,V,PL,2,PRS	z,v,i,r,i,k,u,i,t,i,k,a
k,u,i,t,i,k,a,$,V,PL,1,PST	z,v,a,k,a,i,t,i,k,a
k,u,i,t,i,k,a,$,V,PL,2,FUT	z,v,i,c,h,a,i,t,i,k,a
t,a,n,g,a,$,V,SG,1,PRS	n,d,i,n,o,t,a,n,g,a
t,a,n,g,a,$,V,PL,1,HOD	t,a,t,a,n,g,a
t,a,n,g,a,$,V,SG,2,HOD	w,a,t,a,n,g,a
t,a,n,g,a,$,V,PROG,PL,3,PRS	v,a,r,i,k,u,t,a,n,g,a
t,a,n,g,a,$,V,PL,2,PST	m,a,k,a,t,a,n,g,a
t,a,n,g,a,$,V,PROG,PL,2,PRS	m,u,r,i,k,u,t,a,n,g,a
t,a,n,g,a,$,V,PL,2,FUT	m,u,c,h,a,t,a,n,g,a
t,a,n,g,a,$,V,SG,2,FUT	u,c,h,a,t,a,n,g,a
t,a,n,g,a,$,V,PL,2,PRS	m,u,n,o,t,a,n,g,a
t,a,n,g,a,$,V,PL,3,PRS	v,a,n,o,t,a,n,g,a
t,a,n,g,a,$,V,PL,3,PST	v,a,k,a,t,a,n,g,a
t,a,n,g,a,$,V,SG,1,HOD	n,d,a,t,a,n,g,a
t,a,n,g,a,$,V,SG,3,PST	a,k,a,t,a,n,g,a
t,a,n,g,a,$,V,PL,3,FUT	v,a,c,h,a,t,a,n,g,a
t,a,n,g,a,$,V,SG,2,PST	w,a,k,a,t,a,n,g,a
t,a,n,g,a,$,V,PROG,PL,1,PRS	t,i,r,i,k,u,t,a,n,g,a
t,a,n,g,a,$,V,SG,1,PST	n,d,a,k,a,t,a,n,g,a
t,a,n,g,a,$,V,PL,1,PST	t,a,k,a,t,a,n,g,a
t,a,n,g,a,$,V,PL,2,HOD	m,a,t,a,n,g,a
t,a,n,g,a,$,V,SG,3,PRS	a,n,o,t,a,n,g,a
t,a,n,g,a,$,V,SG,3,HOD	a,t,a,n,g,a
t,a,n,g,a,$,V,PL,1,PRS	t,i,n,o,t,a,n,g,a
t,a,n,g,a,$,V,PROG,SG,2,PRS	u,r,i,k,u,t,a,n,g,a
t,a,n,g,a,$,V,SG,1,FUT	n,d,i,c,h,a,t,a,n,g,a
t,a,n,g,a,$,V,PROG,SG,1,PRS	n,d,i,r,i,k,u,t,a,n,g,a
t,a,n,g,a,$,V,PL,1,FUT	t,i,c,h,a,t,a,n,g,a
t,a,n,g,a,$,V,SG,3,FUT	a,c,h,a,t,a,n,g,a
t,a,n,g,a,$,V,PL,3,HOD	v,a,t,a,n,g,a
t,a,n,g,a,$,V,PROG,SG,3,PRS	a,r,i,k,u,t,a,n,g,a
t,a,n,g,a,$,V,SG,2,PRS	u,n,o,t,a,n,g,a
t,e,n,g,e,s,a,$,V,PROG,SG,2,PRS	u,r,i,k,u,t,e,n,g,e,s,a
t,e,n,g,e,s,a,$,V,PL,1,PST	t,a,k,a,t,e,n,g,e,s,a
t,e,n,g,e,s,a,$,V,PL,2,PST	m,a,k,a,t,e,n,g,e,s,a
t,e,n,g,e,s,a,$,V,PROG,PL,1,PRS	t,i,r,i,k,u,t,e,n,g,e,s,a
t,e,n,g,e,s,a,$,V,PL,1,PRS	t,i,n,o,t,e,n,g,e,s,a
t,e,n,g,e,s,a,$,V,SG,3,PST	a,k,a,t,e,n,g,e,s,a
t,e,n,g,e,s,a,$,V,SG,3,HOD	a,t,e,n,g,e,s,a
t,e,n,g,e,s,a,$,V,PROG,SG,3,PRS	a,r,i,k,u,t,e,n,g,e,s,a
t,e,n,g,e,s,a,$,V,PL,3,PRS	v,a,n,o,t,e,n,g,e,s,a
t,e,n,g,e,s,a,$,V,PL,2,FUT	m,u,c,h,a,t,e,n,g,e,s,a
t,e,n,g,e,s,a,$,V,PL,2,PRS	m,u,n,o,t,e,n,g,e,s,a
t,e,n,g,e,s,a,$,V,SG,2,FUT	u,c,h,a,t,e,n,g,e,s,a
t,e,n,g,e,s,a,$,V,SG,1,FUT	n,d,i,c,h,a,t,e,n,g,e,s,a
t,e,n,g,e,s,a,$,V,SG,2,PST	w,a,k,a,t,e,n,g,e,s,a
t,e,n,g,e,s,a,$,V,SG,1,PST	n,d,a,k,a,t,e,n,g,e,s,a
t,e,n,g,e,s,a,$,V,SG,3,FUT	a,c,h,a,t,e,n,g,e,s,a
t,e,n,g,e,s,a,$,V,PL,3,FUT	v,a,c,h,a,t,e,n,g,e,s,a
t,e,n,g,e,s,a,$,V,PL,1,HOD	t,a,t,e,n,g,e,s,a
t,e,n,g,e,s,a,$,V,PROG,SG,1,PRS	n,d,i,r,i,k,u,t,e,n,g,e,s,a
t,e,n,g,e,s,a,$,V,SG,2,HOD	w,a,t,e,n,g,e,s,a
t,e,n,g,e,s,a,$,V,PROG,PL,2,PRS	m,u,r,i,k,u,t,e,n,g,e,s,a
t,e,n,g,e,s,a,$,V,PL,2,HOD	m,a,t,e,n,g,e,s,a
t,e,n,g,e,s,a,$,V,PROG,PL,3,PRS	v,a,r,i,k,u,t,e,n,g,e,s,a
t,e,n,g,e,s,a,$,V,PL,3,HOD	v,a,t,e,n,g,e,s,a
t,e,n,g,e,s,a,$,V,SG,3,PRS	a,n,o,t,e,n,g,e,s,a
t,e,n,g,e,s,a,$,V,SG,1,PRS	n,d,i,n,o,t,e,n,g,e,s,a
t,e,n,g,e,s,a,$,V,PL,3,PST	v,a,k,a,t,e,n,g,e,s,a
t,e,n,g,e,s,a,$,V,PL,1,FUT	t,i,c,h,a,t,e,n,g,e,s,a
t,e,n,g,e,s,a,$,V,SG,1,HOD	n,d,a,t,e,n,g,e,s,a
t,e,n,g,e,s,a,$,V,SG,2,PRS	u,n,o,t,e,n,g,e,s,a
c,h,e,m,a,$,V,SG,2,FUT	u,c,h,a,c,h,e,m,a
c,h,e,m,a,$,V,PL,3,HOD	v,a,c,h,e,m,a
c,h,e,m,a,$,V,SG,2,PST	w,a,k,a,c,h,e,m,a
c,h,e,m,a,$,V,SG,2,HOD	w,a,c,h,e,m,a
c,h,e,m,a,$,V,PL,3,FUT	v,a,c,h,a,c,h,e,m,a
c,h,e,m,a,$,V,PL,1,PRS	t,i,n,o,c,h,e,m,a
c,h,e,m,a,$,V,PL,1,PST	t,a,k,a,c,h,e,m,a
c,h,e,m,a,$,V,SG,3,FUT	a,c,h,a,c,h,e,m,a
c,h,e,m,a,$,V,PL,2,FUT	m,u,c,h,a,c,h,e,m,a
c,h,e,m,a,$,V,PROG,SG,1,PRS	n,d,i,r,i,k,u,c,h,e,m,a
c,h,e,m,a,$,V,PROG,PL,3,PRS	v,a,r,i,k,u,c,h,e,m,a
c,h,e,m,a,$,V,SG,1,HOD	n,d,a,c,h,e,m,a
c,h,e,m,a,$,V,PL,1,HOD	t,a,c,h,e,m,a
c,h,e,m,a,$,V,SG,2,PRS	u,n,o,c,h,e,m,a
c,h,e,m,a,$,V,SG,3,PST	a,k,a,c,h,e,m,a
c,h,e,m,a,$,V,SG,3,PRS	a,n,o,c,h,e,m,a
c,h,e,m,a,$,V,PROG,SG,3,PRS	a,r,i,k,u,c,h,e,m,a
c,h,e,m,a,$,V,SG,1,FUT	n,d,i,c,h,a,c,h,e,m,a
c,h,e,m,a,$,V,PL,3,PST	v,a,k,a,c,h,e,m,a
c,h,e,m,a,$,V,PL,2,HOD	m,a,c,h,e,m,a
c,h,e,m,a,$,V,PROG,PL,2,PRS	m,u,r,i,k,u,c,h,e,m,a
c,h,e,m,a,$,V,PL,2,PST	m,a,k,a,c,h,e,m,a
c,h,e,m,a,$,V,PROG,PL,1,PRS	t,i,r,i,k,u,c,h,e,m,a
c,h,e,m,a,$,V,PL,3,PRS	v,a,n,o,c,h,e,m,a
c,h,e,m,a,$,V,SG,1,PST	n,d,a,k,a,c,h,e,m,a
c,h,e,m,a,$,V,SG,1,PRS	n,d,i,n,o,c,h,e,m,a
c,h,e,m,a,$,V,PL,1,FUT	t,i,c,h,a,c,h,e,m,a
c,h,e,m,a,$,V,PROG,SG,2,PRS	u,r,i,k,u,c,h,e,m,a
c,h,e,m,a,$,V,SG,3,HOD	a,c,h,e,m,a
c,h,e,m,a,$,V,PL,2,PRS	m,u,n,o,c,h,e,m,a
i,n,w,a,$,V,PL,2,PST	m,a,k,a,n,w,a
i,n,w,a,$,V,PROG,PL,3,PRS	v,a,r,i,k,u,n,w,a
i,n,w,a,$,V,PL,2,FUT	m,u,c,h,a,n,w,a
i,n,w,a,$,V,SG,3,FUT	a,c,h,a,n,w,a
i,n,w,a,$,V,PROG,SG,3,PRS	a,r,i,k,u,n,w,a
i,n,w,a,$,V,PROG,PL,1,PRS	t,i,r,i,k,u,n,w,a
i,n,w,a,$,V,PL,3,FUT	v,a,c,h,a,n,w,a
i,n,w,a,$,V,PL,3,PST	v,a,k,a,n,w,a
i,n,w,a,$,V,PL,1,HOD	t,a,n,w,a
i,n,w,a,$,V,PL,1,FUT	t,i,c,h,a,n,w,a
i,n,w,a,$,V,PROG,SG,2,PRS	u,r,i,k,u,n,w,a
i,n,w,a,$,V,SG,1,HOD	n,d,a,n,w,a
i,n,w,a,$,V,SG,2,HOD	w,a,n,w,a
i,n,w,a,$,V,SG,2,PRS	u,n,o,n,w,a
i,n,w,a,$,V,PL,3,HOD	v,a,n,w,a
i,n,w,a,$,V,SG,3,HOD	a,n,w,a
i,n,w,a,$,V,SG,3,PRS	a,n,o,n,w,a
i,n,w,a,$,V,PL,1,PRS	t,i,n,o,n,w,a
i,n,w,a,$,V,PROG,PL,2,PRS	m,u,r,i,k,u,n,w,a
i,n,w,a,$,V,PROG,SG,1,PRS	n,d,i,r,i,k,u,n,w,a
i,n,w,a,$,V,PL,2,HOD	m,a,n,w,a
i,n,w,a,$,V,PL,3,PRS	v,a,n,o,n,w,a
i,n,w,a,$,V,PL,2,PRS	m,u,n,o,n,w,a
i,n,w,a,$,V,PL,1,PST	t,a,k,a,n,w,a
i,n,w,a,$,V,SG,2,FUT	u,c,h,a,n,w,a
i,n,w,a,$,V,SG,1,PST	n,d,a,k,a,n,w,a
i,n,w,a,$,V,SG,1,FUT	n,d,i,c,h,a,n,w,a
i,n,w,a,$,V,SG,3,PST	a,k,a,n,w,a
i,n,w,a,$,V,SG,1,PRS	n,d,i,n,o,n,w,a
i,n,w,a,$,V,SG,2,PST	w,a,k,a,n,w,a
b,a,t,s,i,r,a,$,V,PROG,PL,2,PRS	m,u,r,i,k,u,b,a,t,s,i,r,a
b,a,t,s,i,r,a,$,V,PL,1,FUT	t,i,c,h,a,b,a,t,s,i,r,a
b,a,t,s,i,r,a,$,V,PL,3,PST	v,a,k,a,b,a,t,s,i,r,a
b,a,t,s,i,r,a,$,V,PROG,SG,3,PRS	a,r,i,k,u,b,a,t,s,i,r,a
b,a,t,s,i,r,a,$,V,PROG,SG,1,PRS	n,d,i,r,i,k,u,b,a,t,s,i,r,a
b,a,t,s,i,r,a,$,V,SG,2,HOD	w,a,b,a,t,s,i,r,a
b,a,t,s,i,r,a,$,V,PL,3,PRS	v,a,n,o,b,a,t,s,i,r,a
b,a,t,s,i,r,a,$,V,SG,1,PRS	n,d,i,n,o,b,a,t,s,i,r,a
b,a,t,s,i,r,a,$,V,SG,2,FUT	u,c,h,a,b,a,t,s,i,r,a
b,a,t,s,i,r,a,$,V,PL,1,PRS	t,i,n,o,b,a,t,s,i,r,a
b,a,t,s,i,r,a,$,V,PL,2,HOD	m,a,b,a,t,s,i,r,a
b,a,t,s,i,r,a,$,V,SG,3,PST	a,k,a,b,a,t,s,i,r,a
b,a,t,s,i,r,a,$,V,PL,1,HOD	t,a,b,a,t,s,i,r,a
b,a,t,s,i,r,a,$,V,SG,3,HOD	a,b,a,t,s,i,r,a
b,a,t,s,i,r,a,$,V,SG,3,PRS	a,n,o,b,a,t,s,i,r,a
b,a,t,s,i,r,a,$,V,PL,1,PST	t,a,k,a,b,a,t,s,i,r,a
b,a,t,s,i,r,a,$,V,PROG,SG,2,PRS	u,r,i,k,u,b,a,t,s,i,r,a
b,a,t,s,i,r,a,$,V,SG,2,PRS	u,n,o,b,a,t,s,i,r,a
b,a,t,s,i,r,a,$,V,PROG,PL,1,PRS	t,i,r,i,k,u,b,a,t,s,i,r,a
b,a,t,s,i,r,a,$,V,SG,1,PST	n,d,a,k,a,b,a,t,s,i,r,a
b,a,t,s,i,r,a,$,V,PL,3,HOD	v,a,b,a,t,s,i,r,a
b,a,t,s,i,r,a,$,V,PL,2,PST	m,a,k,a,b,a,t,s,i,r,a
b,a,t,s,i,r,a,$,V,SG,1,FUT	n,d,i,c,h,a,b,a,t,s,i,r,a
b,a,t,s,i,r,a,$,V,SG,1,HOD	n,d,a,b,a,t,s,i,r,a
b,a,t,s,i,r,a,$,V,PL,2,PRS	m,u,n,o,b,a,t,s,i,r,a
b,a,t,s,i,r,a,$,V,SG,2,PST	w,a,k,a,b,a,t,s,i,r,a
b,a,t,s,i,r,a,$,V,PL,2,FUT	m,u,c,h,a,b,a,t,s,i,r,a
b,a,t,s,i,r,a,$,V,PROG,PL,3,PRS	v,a,r,i,k,u,b,a,t,s,i,r,a
b,a,t,s,i,r,a,$,V,PL,3,FUT	v,a,c,h,a,b,a,t,s,i,r,a
b,a,t,s,i,r,a,$,V,SG,3,FUT	a,c,h,a,b,a,t,s,i,r,a
g,o,n,a,$,V,PROG,SG,1,PRS	n,d,i,r,i,k,u,g,o,n,a
g,o,n,a,$,V,SG,3,PRS	a,n,o,g,o,n,a
g,o,n,a,$,V,SG,3,FUT	a,c,h,a,g,o,n,a
g,o,n,a,$,V,SG,3,HOD	a,g,o,n,a
g,o,n,a,$,V,SG,2,FUT	u,c,h,a,g,o,n,a
g,o,n,a,$,V,PL,2,HOD	m,a,g,o,n,a
g,o,n,a,$,V,PL,1,PRS	t,i,n,o,g,o,n,a
g,o,n,a,$,V,PL,3,PRS	v,a,n,o,g,o,n,a
g,o,n,a,$,V,PL,3,FUT	v,a,c,h,a,g,o,n,a
g,o,n,a,$,V,PL,3,PST	v,a,k,a,g,o,n,a
g,o,n,a,$,V,PROG,PL,3,PRS	v,a,r,i,k,u,g,o,n,a
g,o,n,a,$,V,PL,2,PST	m,a,k,a,g,o,n,a
g,o,n,a,$,V,SG,2,HOD	w,a,g,o,n,a
g,o,n,a,$,V,PL,1,FUT	t,i,c,h,a,g,o,n,a
g,o,n,a,$,V,PROG,SG,3,PRS	a,r,i,k,u,g,o,n,a
g,o,n,a,$,V,PL,2,FUT	m,u,c,h,a,g,o,n,a
g,o,n,a,$,V,PROG,PL,2,PRS	m,u,r,i,k,u,g,o,n,a
g,o,n,a,$,V,PL,2,PRS	m,u,n,o,g,o,n,a
g,o,n,a,$,V,PL,1,PST	t,a,k,a,g,o,n,a
g,o,n,a,$,V,SG,1,HOD	n,d,a,g,o,n,a
g,o,n,a,$,V,PROG,PL,1,PRS	t,i,r,i,k,u,g,o,n,a
g,o,n,a,$,V,SG,3,PST	a,k,a,g,o,n,a
g,o,n,a,$,V,PROG,SG,2,PRS	u,r,i,k,u,g,o,n,a
g,o,n,a,$,V,SG,1,PRS	n,d,i,n,o,g,o,n,a
g,o,n,a,$,V,SG,1,PST	n,d,a,k,a,g,o,n,a
g,o,n,a,$,V,SG,2,PRS	u,n,o,g,o,n,a
g,o,n,a,$,V,SG,2,PST	w,a,k,a,g,o,n,a
g,o,n,a,$,V,PL,1,HOD	t,a,g,o,n,a
g,o,n,a,$,V,SG,1,FUT	n,d,i,c,h,a,g,o,n,a
g,o,n,a,$,V,PL,3,HOD	v,a,g,o,n,a
k,a,n,g,a,n,w,a,$,V,PROG,PL,1,PRS	t,i,r,i,k,u,k,a,n,g,a,n,w,a
k,a,n,g,a,n,w,a,$,V,SG,2,PST	w,a,k,a,k,a,n,g,a,n,w,a
k,a,n,g,a,n,w,a,$,V,PL,2,PRS	m,u,n,o,k,a,n,g,a,n,w,a
k,a,n,g,a,n,w,a,$,V,SG,3,HOD	a,k,a,n,g,a,n,w,a
k,a,n,g,a,n,w,a,$,V,PL,2,PST	m,a,k,a,k,a,n,g,a,n,w,a
k,a,n,g,a,n,w,a,$,V,SG,1,PST	n,d,a,k,a,k,a,n,g,a,n,w,a
k,a,n,g,a,n,w,a,$,V,PL,1,PST	t,a,k,a,k,a,n,g,a,n,w,a
k,a,n,g,a,n,w,a,$,V,PL,1,FUT	t,i,c,h,a,k,a,n,g,a,n,w,a
k,a,n,g,a,n,w,a,$,V,PROG,SG,1,PRS	n,d,i,r,i,k,u,k,a,n,g,a,n,w,a
k,a,n,g,a,n,w,a,$,V,SG,3,PST	a,k,a,k,a,n,g,a,n,w,a
k,a,n,g,a,n,w,a,$,V,SG,2,FUT	u,c,h,a,k,a,n,g,a,n,w,a
k,a,n,g,a,n,w,a,$,V,PL,1,PRS	t,i,n,o,k,a,n,g,a,n,w,a
k,a,n,g,a,n,w,a,$,V,SG,1,FUT	n,d,i,c,h,a,k,a,n,g,a,n,w,a
k,a,n,g,a,n,w,a,$,V,PL,3,PRS	v,a,n,o,k,a,n,g,a,n,w,a
k,a,n,g,a,n,w,a,$,V,SG,2,HOD	w,a,k,a,n,g,a,n,w,a
k,a,n,g,a,n,w,a,$,V,PL,3,FUT	v,a,c,h,a,k,a,n,g,a,n,w,a
k,a,n,g,a,n,w,a,$,V,PL,3,HOD	v,a,k,a,n,g,a,n,w,a
k,a,n,g,a,n,w,a,$,V,SG,1,HOD	n,d,a,k,a,n,g,a,n,w,a
k,a,n,g,a,n,w,a,$,V,SG,3,FUT	a,c,h,a,k,a,n,g,a,n,w,a
k,a,n,g,a,n,w,a,$,V,PL,2,HOD	m,a,k,a,n,g,a,n,w,a
k,a,n,g,a,n,w,a,$,V,SG,1,PRS	n,d,i,n,o,k,a,n,g,a,n,w,a
k,a,n,g,a,n,w,a,$,V,PL,1,HOD	t,a,k,a,n,g,a,n,w,a
k,a,n,g,a,n,w,a,$,V,PROG,PL,2,PRS	m,u,r,i,k,u,k,a,n,g,a,n,w,a
k,a,n,g,a,n,w,a,$,V,SG,2,PRS	u,n,o,k,a,n,g,a,n,w,a
k,a,n,g,a,n,w,a,$,V,PROG,SG,3,PRS	a,r,i,k,u,k,a,n,g,a,n,w,a
k,a,n,g,a,n,w,a,$,V,SG,3,PRS	a,n,o,k,a,n,g,a,n,w,a
k,a,n,g,a,n,w,a,$,V,PROG,PL,3,PRS	v,a,r,i,k,u,k,a,n,g,a,n,w,a
k,a,n,g,a,n,w,a,$,V,PROG,SG,2,PRS	u,r,i,k,u,k,a,n,g,a,n,w,a
k,a,n,g,a,n,w,a,$,V,PL,3,PST	v,a,k,a,k,a,n,g,a,n,w,a
k,a,n,g,a,n,w,a,$,V,PL,2,FUT	m,u,c,h,a,k,a,n,g,a,n,w,a
r,a,t,i,d,z,a,$,V,PL,1,FUT	t,i,c,h,a,r,a,t,i,d,z,a
r,a,t,i,d,z,a,$,V,SG,1,PRS	n,d,i,n,o,r,a,t,i,d,z,a
r,a,t,i,d,z,a,$,V,SG,1,FUT	n,d,i,c,h,a,r,a,t,i,d,z,a
r,a,t,i,d,z,a,$,V,SG,1,PST	n,d,a,k,a,r,a,t,i,d,z,a
r,a,t,i,d,z,a,$,V,PL,1,PRS	t,i,n,o,r,a,t,i,d,z,a
r,a,t,i,d,z,a,$,V,SG,2,FUT	u,c,h,a,r,a,t,i,d,z,a
r,a,t,i,d,z,a,$,V,PROG,PL,1,PRS	t,i,r,i,k,u,r,a,t,i,d,z,a
r,a,t,i,d,z,a,$,V,PL,2,PRS	m,u,n,o,r,a,t,i,d,z,a
r,a,t,i,d,z,a,$,V,PL,3,PST	v,a,k,a,r,a,t,i,d,z,a
r,a,t,i,d,z,a,$,V,SG,2,PST	w,a,k,a,r,a,t,i,d,z,a
r,a,t,i,d,z,a,$,V,PROG,SG,2,PRS	u,r,i,k,u,r,a,t,i,d,z,a
r,a,t,i,d,z,a,$,V,PL,1,PST	t,a,k,a,r,a,t,i,d,z,a
r,a,t,i,d,z,a,$,V,SG,2,HOD	w,a,r,a,t,i,d,z,a
r,a,t,i,d,z,a,$,V,SG,1,HOD	n,d,a,r,a,t,i,d,z,a
r,a,t,i,d,z,a,$,V,PL,3,FUT	v,a,c,h,a,r,a,t,i,d,z,a
r,a,t,i,d,z,a,$,V,SG,2,PRS	u,n,o,r,a,t,i,d,z,a
r,a,t,i,d,z,a,$,V,PL,2,PST	m,a,k,a,r,a,t,i,d,z,a
r,a,t,i,d,z,a,$,V,PL,2,HOD	m,a,r,a,t,i,d,z,a
r,a,t,i,d,z,a,$,V,SG,3,PRS	a,n,o,r,a,t,i,d,z,a
r,a,t,i,d,z,a,$,V,SG,3,FUT	a,c,h,a,r,a,t,i,d,z,a
r,a,t,i,d,z,a,$,V,PL,3,HOD	v,a,r,a,t,i,d,z,a
r,a,t,i,d,z,a,$,V,PROG,SG,3,PRS	a,r,i,k,u,r,a,t,i,d,z,a
r,a,t,i,d,z,a,$,V,PROG,PL,3,PRS	v,a,r,i,k,u,r,a,t,i,d,z,a
r,a,t,i,d,z,a,$,V,PL,2,FUT	m,u,c,h,a,r,a,t,i,d,z,a
r,a,t,i,d,z,a,$,V,PROG,PL,2,PRS	m,u,r,i,k,u,r,a,t,i,d,z,a
r,a,t,i,d,z,a,$,V,PROG,SG,1,PRS	n,d,i,r,i,k,u,r,a,t,i,d,z,a
r,a,t,i,d,z,a,$,V,PL,3,PRS	v,a,n,o,r,a,t,i,d,z,a
r,a,t,i,d,z,a,$,V,SG,3,HOD	a,r,a,t,i,d,z,a
r,a,t,i,d,z,a,$,V,SG,3,PST	a,k,a,r,a,t,i,d,z,a
r,a,t,i,d,z,a,$,V,PL,1,HOD	t,a,r,a,t,i,d,z,a
t,u,m,i,r,a,$,V,SG,2,PRS	u,n,o,t,u,m,i,r,a
t,u,m,i,r,a,$,V,SG,3,FUT	a,c,h,a,t,u,m,i,r,a
t,u,m,i,r,a,$,V,SG,2,HOD	w,a,t,u,m,i,r,a
t,u,m,i,r,a,$,V,PL,3,PRS	v,a,n,o,t,u,m,i,r,a
t,u,m,i,r,a,$,V,PROG,SG,2,PRS	u,r,i,k,u,t,u,m,i,r,a
t,u,m,i,r,a,$,V,PL,1,HOD	t,a,t,u,m,i,r,a
t,u,m,i,r,a,$,V,PROG,PL,2,PRS	m,u,r,i,k,u,t,u,m,i,r,a
t,u,m,i,r,a,$,V,SG,1,HOD	n,d,a,t,u,m,i,r,a
t,u,m,i,r,a,$,V,PL,2,PST	m,a,k,a,t,u,m,i,r,a
t,u,m,i,r,a,$,V,SG,3,HOD	a,t,u,m,i,r,a
t,u,m,i,r,a,$,V,PL,2,PRS	m,u,n,o,t,u,m,i,r,a
t,u,m,i,r,a,$,V,PL,2,FUT	m,u,c,h,a,t,u,m,i,r,a
t,u,m,i,r,a,$,V,PL,1,FUT	t,i,c,h,a,t,u,m,i,r,a
t,u,m,i,r,a,$,V,SG,1,PST	n,d,a,k,a,t,u,m,i,r,a
t,u,m,i,r,a,$,V,SG,3,PRS	a,n,o,t,u,m,i,r,a
t,u,m,i,r,a,$,V,PROG,SG,3,PRS	a,r,i,k,u,t,u,m,i,r,a
t,u,m,i,r,a,$,V,PL,3,FUT	v,a,c,h,a,t,u,m,i,r,a
t,u,m,i,r,a,$,V,PROG,PL,1,PRS	t,i,r,i,k,u,t,u,m,i,r,a
t,u,m,i,r,a,$,V,SG,1,FUT	n,d,i,c,h,a,t,u,m,i,r,a
t,u,m,i,r,a,$,V,SG,3,PST	a,k,a,t,u,m,i,r,a
t,u,m,i,r,a,$,V,SG,2,FUT	u,c,h,a,t,u,m,i,r,a
t,u,m,i,r,a,$,V,PL,3,PST	v,a,k,a,t,u,m,i,r,a
t,u,m,i,r,a,$,V,PL,1,PST	t,a,k,a,t,u,m,i,r,a
t,u,m,i,r,a,$,V,PL,3,HOD	v,a,t,u,m,i,r,a
t,u,m,i,r,a,$,V,PROG,SG,1,PRS	n,d,i,r,i,k,u,t,u,m,i,r,a
t,u,m,i,r,a,$,V,PL,2,HOD	m,a,t,u,m,i,r,a
t,u,m,i,r,a,$,V,PROG,PL,3,PRS	v,a,r,i,k,u,t,u,m,i,r,a
t,u,m,i,r,a,$,V,SG,2,PST	w,a,k,a,t,u,m,i,r,a
t,u,m,i,r,a,$,V,SG,1,PRS	n,d,i,n,o,t,u,m,i,r,a
t,u,m,i,r,a,$,V,PL,1,PRS	t,i,n,o,t,u,m,i,r,a
f,a,r,i,r,a,$,V,SG,2,PST	w,a,k,a,f,a,r,i,r,a
f,a,r,i,r,a,$,V,SG,3,PST	a,k,a,f,a,r,i,r,a
f,a,r,i,r,a,$,V,PL,3,PST	v,a,k,a,f,a,r,i,r,a
f,a,r,i,r,a,$,V,SG,3,PRS	a,n,o,f,a,r,i,r,a
f,a,r,i,r,a,$,V,PROG,PL,2,PRS	m,u,r,i,k,u,f,a,r,i,r,a
f,a,r,i,r,a,$,V,SG,1,FUT	n,d,i,c,h,a,f,a,r,i,r,a
f,a,r,i,r,a,$,V,PL,3,FUT	v,a,c,h,a,f,a,r,i,r,a
f,a,r,i,r,a,$,V,PROG,PL,1,PRS	t,i,r,i,k,u,f,a,r,i,r,a
f,a,r,i,r,a,$,V,PROG,SG,1,PRS	n,d,i,r,i,k,u,f,a,r,i,r,a
f,a,r,i,r,a,$,V,SG,2,PRS	u,n,o,f,a,r,i,r,a
f,a,r,i,r,a,$,V,PL,2,FUT	m,u,c,h,a,f,a,r,i,r,a
f,a,r,i,r,a,$,V,PL,1,HOD	t,a,f,a,r,i,r,a
f,a,r,i,r,a,$,V,SG,3,FUT	a,c,h,a,f,a,r,i,r,a
f,a,r,i,r,a,$,V,PROG,PL,3,PRS	v,a,r,i,k,u,f,a,r,i,r,a
f,a,r,i,r,a,$,V,PL,2,HOD	m,a,f,a,r,i,r,a
f,a,r,i,r,a,$,V,SG,1,PRS	n,d,i,n,o,f,a,r,i,r,a
f,a,r,i,r,a,$,V,PL,3,PRS	v,a,n,o,f,a,r,i,r,a
f,a,r,i,r,a,$,V,SG,2,FUT	u,c,h,a,f,a,r,i,r,a
f,a,r,i,r,a,$,V,SG,1,HOD	n,d,a,f,a,r,i,r,a
f,a,r,i,r,a,$,V,PL,2,PRS	m,u,n,o,f,a,r,i,r,a
f,a,r,i,r,a,$,V,PL,3,HOD	v,a,f,a,r,i,r,a
f,a,r,i,r,a,$,V,SG,2,HOD	w,a,f,a,r,i,r,a
f,a,r,i,r,a,$,V,PL,1,FUT	t,i,c,h,a,f,a,r,i,r,a
f,a,r,i,r,a,$,V,PL,1,PRS	t,i,n,o,f,a,r,i,r,a
f,a,r,i,r,a,$,V,PROG,SG,3,PRS	a,r,i,k,u,f,a,r,i,r,a
f,a,r,i,r,a,$,V,SG,1,PST	n,d,a,k,a,f,a,r,i,r,a
f,a,r,i,r,a,$,V,SG,3,HOD	a,f,a,r,i,r,a
f,a,r,i,r,a,$,V,PROG,SG,2,PRS	u,r,i,k,u,f,a,r,i,r,a
f,a,r,i,r,a,$,V,PL,1,PST	t,a,k,a,f,a,r,i,r,a
f,a,r,i,r,a,$,V,PL,2,PST	m,a,k,a,f,a,r,i,r,a
k,w,a,n,i,s,a,$,V,SG,3,HOD	a,k,w,a,n,i,s,a
k,w,a,n,i,s,a,$,V,SG,2,PST	w,a,k,a,k,w,a,n,i,s,a
k,w,a,n,i,s,a,$,V,PROG,SG,2,PRS	u,r,i,k,u,k,w,a,n,i,s,a
k,w,a,n,i,s,a,$,V,PL,1,FUT	t,i,c,h,a,k,w,a,n,i,s,a
k,w,a,n,i,s,a,$,V,PROG,PL,2,PRS	m,u,r,i,k,u,k,w,a,n,i,s,a
k,w,a,n,i,s,a,$,V,PL,2,FUT	m,u,c,h,a,k,w,a,n,i,s,a
k,w,a,n,i,s,a,$,V,PL,3,HOD	v,a,k,w,a,n,i,s,a
k,w,a,n,i,s,a,$,V,SG,2,PRS	u,n,o,k,w,a,n,i,s,a
k,w,a,n,i,s,a,$,V,SG,1,PST	n,d,a,k,a,k,w,a,n,i,s,a
k,w,a,n,i,s,a,$,V,PL,1,PRS	t,i,n,o,k,w,a,n,i,s,a
k,w,a,n,i,s,a,$,V,PL,2,HOD	m,a,k,w,a,n,i,s,a
k,w,a,n,i,s,a,$,V,SG,2,FUT	u,c,h,a,k,w,a,n,i,s,a
k,w,a,n,i,s,a,$,V,PL,2,PRS	m,u,n,o,k,w,a,n,i,s,a
k,w,a,n,i,s,a,$,V,PROG,SG,3,PRS	a,r,i,k,u,k,w,a,n,i,s,a
k,w,a,n,i,s,a,$,V,SG,2,HOD	w,a,k,w,a,n,i,s,a
k,w,a,n,i,s,a,$,V,PROG,PL,3,PRS	v,a,r,i,k,u,k,w,a,n,i,s,a
k,w,a,n,i,s,a,$,V,SG,1,HOD	n,d,a,k,w,a,n,i,s,a
k,w,a,n,i,s,a,$,V,PL,2,PST	m,a,k,a,k,w,a,n,i,s,a
k,w,a,n,i,s,a,$,V,SG,1,PRS	n,d,i,n,o,k,w,a,n,i,s,a
k,w,a,n,i,s,a,$,V,PL,3,PRS	v,a,n,o,k,w,a,n,i,s,a
k,w,a,n,i,s,a,$,V,PROG,PL,1,PRS	t,i,r,i,k,u,k,w,a,n,i,s,a
k,w,a,n,i,s,a,$,V,PL,3,PST	v,a,k,a,k,w,a,n,i,s,a
k,w,a,n,i,s,a,$,V,SG,3,PRS	a,n,o,k,w,a,n,i,s,a
k,w,a,n,i,s,a,$,V,SG,1,FUT	n,d,i,c,h,a,k,w,a,n,i,s,a
k,w,a,n,i,s,a,$,V,PL,1,HOD	t,a,k,w,a,n,i,s,a
k,w,a,n,i,s,a,$,V,PL,3,FUT	v,a,c,h,a,k,w,a,n,i,s,a
k,w,a,n,i,s,a,$,V,PROG,SG,1,PRS	n,d,i,r,i,k,u,k,w,a,n,i,s,a
k,w,a,n,i,s,a,$,V,PL,1,PST	t,a,k,a,k,w,a,n,i,s,a
k,w,a,n,i,s,a,$,V,SG,3,PST	a,k,a,k,w,a,n,i,s,a
k,w,a,n,i,s,a,$,V,SG,3,FUT	a,c,h,a,k,w,a,n,i,s,a
t,e,r,e,r,a,$,V,SG,3,HOD	a,t,e,r,e,r,a
t,e,r,e,r,a,$,V,PL,2,PRS	m,u,n,o,t,e,r,e,r,a
t,e,r,e,r,a,$,V,PL,2,HOD	m,a,t,e,r,e,r,a
t,e,r,e,r,a,$,V,PL,1,FUT	t,i,c,h,a,t,e,r,e,r,a
t,e,r,e,r,a,$,V,SG,1,FUT	n,d,i,c,h,a,t,e,r,e,r,a
t,e,r,e,r,a,$,V,SG,1,PST	n,d,a,k,a,t,e,r,e,r,a
t,e,r,e,r,a,$,V,SG,2,PST	w,a,k,a,t,e,r,e,r,a
t,e,r,e,r,a,$,V,PL,3,PRS	v,a,n,o,t,e,r,e,r,a
t,e,r,e,r,a,$,V,PROG,PL,2,PRS	m,u,r,i,k,u,t,e,r,e,r,a
t,e,r,e,r,a,$,V,SG,2,FUT	u,c,h,a,t,e,r,e,r,a
t,e,r,e,r,a,$,V,SG,1,PRS	n,d,i,n,o,t,e,r,e,r,a
t,e,r,e,r,a,$,V,SG,2,HOD	w,a,t,e,r,e,r,a
t,e,r,e,r,a,$,V,SG,3,PST	a,k,a,t,e,r,e,r,a
t,e,r,e,r,a,$,V,PROG,SG,1,PRS	n,d,i,r,i,k,u,t,e,r,e,r,a
t,e,r,e,r,a,$,V,PL,3,PST	v,a,k,a,t,e,r,e,r,a
t,e,r,e,r,a,$,V,PROG,SG,3,PRS	a,r,i,k,u,t,e,r,e,r,a
t,e,r,e,r,a,$,V,SG,3,PRS	a,n,o,t,e,r,e,r,a
t,e,r,e,r,a,$,V,SG,3,FUT	a,c,h,a,t,e,r,e,r,a
t,e,r,e,r,a,$,V,PL,2,FUT	m,u,c,h,a,t,e,r,e,r,a
t,e,r,e,r,a,$,V,PL,1,HOD	t,a,t,e,r,e,r,a
t,e,r,e,r,a,$,V,PROG,PL,1,PRS	t,i,r,i,k,u,t,e,r,e,r,a
t,e,r,e,r,a,$,V,SG,2,PRS	u,n,o,t,e,r,e,r,a
t,e,r,e,r,a,$,V,PL,3,FUT	v,a,c,h,a,t,e,r,e,r,a
t,e,r,e,r,a,$,V,PL,1,PRS	t,i,n,o,t,e,r,e,r,a
t,e,r,e,r,a,$,V,PROG,SG,2,PRS	u,r,i,k,u,t,e,r,e,r,a
t,e,r,e,r,a,$,V,PL,1,PST	t,a,k,a,t,e,r,e,r,a
t,e,r,e,r,a,$,V,SG,1,HOD	n,d,a,t,e,r,e,r,a
t,e,r,e,r,a,$,V,PL,3,HOD	v,a,t,e,r,e,r,a
t,e,r,e,r,a,$,V,PROG,PL,3,PRS	v,a,r,i,k,u,t,e,r,e,r,a
t,e,r,e,r,a,$,V,PL,2,PST	m,a,k,a,t,e,r,e,r,a
g,a,r,a,$,V,SG,2,PRS	u,n,o,g,a,r,a
g,a,r,a,$,V,SG,3,HOD	a,g,a,r,a
g,a,r,a,$,V,PROG,PL,2,PRS	m,u,r,i,k,u,g,a,r,a
g,a,r,a,$,V,PL,3,PST	v,a,k,a,g,a,r,a
g,a,r,a,$,V,PROG,SG,3,PRS	a,r,i,k,u,g,a,r,a
g,a,r,a,$,V,SG,1,FUT	n,d,i,c,h,a,g,a,r,a
g,a,r,a,$,V,SG,2,FUT	u,c,h,a,g,a,r,a
g,a,r,a,$,V,SG,1,HOD	n,d,a,g,a,r,a
g,a,r,a,$,V,PROG,PL,1,PRS	t,i,r,i,k,u,g,a,r,a
g,a,r,a,$,V,PL,1,HOD	t,a,g,a,r,a
g,a,r,a,$,V,SG,2,HOD	w,a,g,a,r,a
g,a,r,a,$,V,PROG,PL,3,PRS	v,a,r,i,k,u,g,a,r,a
g,a,r,a,$,V,SG,1,PRS	n,d,i,n,o,g,a,r,a
g,a,r,a,$,V,SG,1,PST	n,d,a,k,a,g,a,r,a
g,a,r,a,$,V,PL,2,HOD	m,a,g,a,r,a
g,a,r,a,$,V,PL,3,FUT	v,a,c,h,a,g,a,r,a
g,a,r,a,$,V,PL,3,HOD	v,a,g,a,r,a
g,a,r,a,$,V,SG,3,PST	a,k,a,g,a,r,a
g,a,r,a,$,V,PL,3,PRS	v,a,n,o,g,a,r,a
g,a,r,a,$,V,PL,2,PRS	m,u,n,o,g,a,r,a
g,a,r,a,$,V,PL,1,PRS	t,i,n,o,g,a,r,a
g,a,r,a,$,V,PROG,SG,1,PRS	n,d,i,r,i,k,u,g,a,r,a
g,a,r,a,$,V,PL,1,PST	t,a,k,a,g,a,r,a
g,a,r,a,$,V,PL,1,FUT	t,i,c,h,a,g,a,r,a
g,a,r,a,$,V,PROG,SG,2,PRS	u,r,i,k,u,g,a,r,a
g,a,r,a,$,V,SG,3,FUT	a,c,h,a,g,a,r,a
g,a,r,a,$,V,SG,3,PRS	a,n,o,g,a,r,a
g,a,r,a,$,V,SG,2,PST	w,a,k,a,g,a,r,a
g,a,r,a,$,V,PL,2,PST	m,a,k,a,g,a,r,a
g,a,r,a,$,V,PL,2,FUT	m,u,c,h,a,g,a,r,a
s,h,a,n,d,i,s,a,$,V,PL,1,PST	t,a,k,a,s,h,a,n,d,i,s,a
s,h,a,n,d,i,s,a,$,V,PROG,PL,1,PRS	t,i,r,i,k,u,s,h,a,n,d,i,s,a
s,h,a,n,d,i,s,a,$,V,PL,2,PRS	m,u,n,o,s,h,a,n,d,i,s,a
s,h,a,n,d,i,s,a,$,V,SG,2,PST	w,a,k,a,s,h,a,n,d,i,s,a
s,h,a,n,d,i,s,a,$,V,PL,3,PST	v,a,k,a,s,h,a,n,d,i,s,a
s,h,a,n,d,i,s,a,$,V,PL,3,HOD	v,a,s,h,a,n,d,i,s,a
s,h,a,n,d,i,s,a,$,V,SG,1,PST	n,d,a,k,a,s,h,a,n,d,i,s,a
s,h,a,n,d,i,s,a,$,V,PL,1,HOD	t,a,s,h,a,n,d,i,s,a
s,h,a,n,d,i,s,a,$,V,PROG,PL,2,PRS	m,u,r,i,k,u,s,h,a,n,d,i,s,a
s,h,a,n,d,i,s,a,$,V,PL,3,PRS	v,a,n,o,s,h,a,n,d,i,s,a
s,h,a,n,d,i,s,a,$,V,SG,2,FUT	u,c,h,a,s,h,a,n,d,i,s,a
s,h,a,n,d,i,s,a,$,V,PL,3,FUT	v,a,c,h,a,s,h,a,n,d,i,s,a
s,h,a,n,d,i,s,a,$,V,SG,3,HOD	a,s,h,a,n,d,i,s,a
s,h,a,n,d,i,s,a,$,V,PL,1,PRS	t,i,n,o,s,h,a,n,d,i,s,a
s,h,a,n,d,i,s,a,$,V,PROG,PL,3,PRS	v,a,r,i,k,u,s,h,a,n,d,i,s,a
s,h,a,n,d,i,s,a,$,V,PROG,SG,2,PRS	u,r,i,k,u,s,h,a,n,d,i,s,a
s,h,a,n,d,i,s,a,$,V,PL,1,FUT	t,i,c,h,a,s,h,a,n,d,i,s,a
s,h,a,n,d,i,s,a,$,V,PL,2,FUT	m,u,c,h,a,s,h,a,n,d,i,s,a
s,h,a,n,d,i,s,a,$,V,SG,2,PRS	u,n,o,s,h,a,n,d,i,s,a
s,h,a,n,d,i,s,a,$,V,PL,2,HOD	m,a,s,h,a,n,d,i,s,a
s,h,a,n,d,i,s,a,$,V,PROG,SG,1,PRS	n,d,i,r,i,k,u,s,h,a,n,d,i,s,a
s,h,a,n,d,i,s,a,$,V,SG,3,PST	a,k,a,s,h,a,n,d,i,s,a
s,h,a,n,d,i,s,a,$,V,SG,3,FUT	a,c,h,a,s,h,a,n,d,i,s,a
s,h,a,n,d,i,s,a,$,V,SG,2,HOD	w,a,s,h,a,n,d,i,s,a
s,h,a,n,d,i,s,a,$,V,PROG,SG,3,PRS	a,r,i,k,u,s,h,a,n,d,i,s,a
s,h,a,n,d,i,s,a,$,V,SG,3,PRS	a,n,o,s,h,a,n,d,i,s,a
s,h,a,n,d,i,s,a,$,V,SG,1,FUT	n,d,i,c,h,a,s,h,a,n,d,i,s,a
s,h,a,n,d,i,s,a,$,V,PL,2,PST	m,a,k,a,s,h,a,n,d,i,s,a
s,h,a,n,d,i,s,a,$,V,SG,1,PRS	n,d,i,n,o,s,h,a,n,d,i,s,a
s,h,a,n,d,i,s,a,$,V,SG,1,HOD	n,d,a,s,h,a,n,d,i,s,a
v,e,r,e,n,g,a,$,V,SG,2,PST	w,a,k,a,v,e,r,e,n,g,a
v,e,r,e,n,g,a,$,V,PROG,SG,2,PRS	u,r,i,k,u,v,e,r,e,n,g,a
v,e,r,e,n,g,a,$,V,PL,1,FUT	t,i,c,h,a,v,e,r,e,n,g,a
v,e,r,e,n,g,a,$,V,SG,2,FUT	u,c,h,a,v,e,r,e,n,g,a
v,e,r,e,n,g,a,$,V,SG,2,PRS	u,n,o,v,e,r,e,n,g,a
v,e,r,e,n,g,a,$,V,PROG,PL,1,PRS	t,i,r,i,k,u,v,e,r,e,n,g,a
v,e,r,e,n,g,a,$,V,PL,3,FUT	v,a,c,h,a,v,e,r,e,n,g,a
v,e,r,e,n,g,a,$,V,PL,3,HOD	v,a,v,e,r,e,n,g,a
v,e,r,e,n,g,a,$,V,SG,1,PST	n,d,a,k,a,v,e,r,e,n,g,a
v,e,r,e,n,g,a,$,V,PL,3,PRS	v,a,n,o,v,e,r,e,n,g,a
v,e,r,e,n,g,a,$,V,SG,1,HOD	n,d,a,v,e,r,e,n,g,a
v,e,r,e,n,g,a,$,V,PL,2,PRS	m,u,n,o,v,e,r,e,n,g,a
v,e,r,e,n,g,a,$,V,PROG,SG,1,PRS	n,d,i,r,i,k,u,v,e,r,e,n,g,a
v,e,r,e,n,g,a,$,V,SG,3,PST	a,k,a,v,e,r,e,n,g,a
v,e,r,e,n,g,a,$,V,PROG,PL,3,PRS	v,a,r,i,k,u,v,e,r,e,n,g,a
v,e,r,e,n,g,a,$,V,SG,3,FUT	a,c,h,a,v,e,r,e,n,g,a
v,e,r,e,n,g,a,$,V,PL,1,PST	t,a,k,a,v,e,r,e,n,g,a
v,e,r,e,n,g,a,$,V,PL,3,PST	v,a,k,a,v,e,r,e,n,g,a
v,e,r,e,n,g,a,$,V,SG,1,FUT	n,d,i,c,h,a,v,e,r,e,n,g,a
v,e,r,e,n,g,a,$,V,PL,2,FUT	m,u,c,h,a,v,e,r,e,n,g,a
v,e,r,e,n,g,a,$,V,PL,1,PRS	t,i,n,o,v,e,r,e,n,g,a
v,e,r,e,n,g,a,$,V,SG,1,PRS	n,d,i,n,o,v,e,r,e,n,g,a
v,e,r,e,n,g,a,$,V,SG,3,PRS	a,n,o,v,e,r,e,n,g,a
v,e,r,e,n,g,a,$,V,PROG,PL,2,PRS	m,u,r,i,k,u,v,e,r,e,n,g,a
v,e,r,e,n,g,a,$,V,PROG,SG,3,PRS	a,r,i,k,u,v,e,r,e,n,g,a
v,e,r,e,n,g,a,$,V,SG,2,HOD	w,a,v,e,r,e,n,g,a
v,e,r,e,n,g,a,$,V,SG,3,HOD	a,v,e,r,e,n,g,a
v,e,r,e,n,g,a,$,V,PL,1,HOD	t,a,v,e,r,e,n,g,a
v,e,r,e,n,g,a,$,V,PL,2,HOD	m,a,v,e,r,e,n,g,a
v,e,r,e,n,g,a,$,V,PL,2,PST	m,a,k,a,v,e,r,e,n,g,a
u,y,a,$,V,SG,1,PST	n,d,a,k,a,u,y,a
u,y,a,$,V,PL,2,HOD	m,a,u,y,a
u,y,a,$,V,SG,2,HOD	w,a,u,y,a
u,y,a,$,V,SG,1,HOD	n,d,a,u,y,a
u,y,a,$,V,PL,3,PRS	v,a,n,o,u,y,a
u,y,a,$,V,PL,3,HOD	v,a,u,y,a
u,y,a,$,V,PROG,SG,1,PRS	n,d,i,r,i,k,u,u,y,a
u,y,a,$,V,PL,2,PRS	m,u,n,o,u,y,a
u,y,a,$,V,SG,3,FUT	a,c,h,a,u,y,a
u,y,a,$,V,PL,1,FUT	t,i,c,h,a,u,y,a
u,y,a,$,V,SG,2,FUT	u,c,h,a,u,y,a
u,y,a,$,V,PL,2,FUT	m,u,c,h,a,u,y,a
u,y,a,$,V,PL,3,FUT	v,a,c,h,a,u,y,a
u,y,a,$,V,PL,1,PRS	t,i,n,o,u,y,a
u,y,a,$,V,SG,3,HOD	a,u,y,a
u,y,a,$,V,SG,3,PRS	a,n,o,u,y,a
u,y,a,$,V,PL,3,PST	v,a,k,a,u,y,a
u,y,a,$,V,SG,1,FUT	n,d,i,c,h,a,u,y,a
u,y,a,$,V,PROG,PL,3,PRS	v,a,r,i,k,u,u,y,a
u,y,a,$,V,PROG,PL,1,PRS	t,i,r,i,k,u,u,y,a
u,y,a,$,V,SG,2,PRS	u,n,o,u,y,a
u,y,a,$,V,SG,1,PRS	n,d,i,n,o,u,y,a
u,y,a,$,V,PROG,SG,3,PRS	a,r,i,k,u,u,y,a
u,y,a,$,V,PL,1,HOD	t,a,u,y,a
u,y,a,$,V,PL,1,PST	t,a,k,a,u,y,a
u,y,a,$,V,PL,2,PST	m,a,k,a,u,y,a
u,y,a,$,V,PROG,SG,2,PRS	u,r,i,k,u,u,y,a
u,y,a,$,V,SG,3,PST	a,k,a,u,y,a
u,y,a,$,V,PROG,PL,2,PRS	m,u,r,i,k,u,u,y,a
u,y,a,$,V,SG,2,PST	w,a,k,a,u,y,a
i,s,a,$,V,SG,3,FUT	a,c,h,a,i,s,a
i,s,a,$,V,PL,3,FUT	v,a,c,h,a,i,s,a
i,s,a,$,V,SG,2,PRS	u,n,o,i,s,a
i,s,a,$,V,PL,1,PST	t,a,k,a,i,s,a
i,s,a,$,V,SG,1,PRS	n,d,i,n,o,i,s,a
i,s,a,$,V,PL,2,PST	m,a,k,a,i,s,a
i,s,a,$,V,SG,1,HOD	n,d,a,i,s,a
i,s,a,$,V,SG,2,FUT	u,c,h,a,i,s,a
i,s,a,$,V,PL,3,HOD	v,a,i,s,a
i,s,a,$,V,PROG,PL,1,PRS	t,i,r,i,k,u,i,s,a
i,s,a,$,V,SG,2,PST	w,a,k,a,i,s,a
i,s,a,$,V,PL,2,PRS	m,u,n,o,i,s,a
i,s,a,$,V,SG,1,PST	n,d,a,k,a,i,s,a
i,s,a,$,V,SG,3,HOD	a,i,s,a
i,s,a,$,V,SG,2,HOD	w,a,i,s,a
i,s,a,$,V,PROG,PL,3,PRS	v,a,r,i,k,u,i,s,a
i,s,a,$,V,SG,3,PST	a,k,a,i,s,a
i,s,a,$,V,PROG,SG,2,PRS	u,r,i,k,u,i,s,a
i,s,a,$,V,PL,3,PST	v,a,k,a,i,s,a
i,s,a,$,V,SG,1,FUT	n,d,i,c,h,a,i,s,a
i,s,a,$,V,PL,1,PRS	t,i,n,o,i,s,a
i,s,a,$,V,PROG,SG,1,PRS	n,d,i,r,i,k,u,i,s,a
i,s,a,$,V,SG,3,PRS	a,n,o,i,s,a
i,s,a,$,V,PROG,SG,3,PRS	a,r,i,k,u,i,s,a
i,s,a,$,V,PL,2,HOD	m,a,i,s,a
i,s,a,$,V,PL,2,FUT	m,u,c,h,a,i,s,a
i,s,a,$,V,PL,3,PRS	v,a,n,o,i,s,a
i,s,a,$,V,PL,1,HOD	t,a,i,s,a
i,s,a,$,V,PL,1,FUT	t,i,c,h,a,i,s,a
i,s,a,$,V,PROG,PL,2,PRS	m,u,r,i,k,u,i,s,a
i,f,a,$,V,PL,3,FUT	v,a,c,h,a,f,a
i,f,a,$,V,PL,3,PST	v,a,k,a,f,a
i,f,a,$,V,PL,1,HOD	t,a,f,a
i,f,a,$,V,SG,2,PST	w,a,k,a,f,a
i,f,a,$,V,PROG,SG,2,PRS	u,r,i,k,u,f,a
i,f,a,$,V,PROG,SG,3,PRS	a,r,i,k,u,f,a
i,f,a,$,V,SG,3,HOD	a,f,a
i,f,a,$,V,SG,1,PST	n,d,a,k,a,f,a
i,f,a,$,V,SG,1,PRS	n,d,i,n,o,f,a
i,f,a,$,V,PL,1,FUT	t,i,c,h,a,f,a
i,f,a,$,V,PROG,PL,1,PRS	t,i,r,i,k,u,f,a
i,f,a,$,V,PL,3,HOD	v,a,f,a
i,f,a,$,V,PL,1,PRS	t,i,n,o,f,a
i,f,a,$,V,SG,1,FUT	n,d,i,c,h,a,f,a
i,f,a,$,V,SG,2,FUT	u,c,h,a,f,a
i,f,a,$,V,PL,2,FUT	m,u,c,h,a,f,a
i,f,a,$,V,SG,3,PRS	a,n,o,f,a
i,f,a,$,V,SG,1,HOD	n,d,a,f,a
i,f,a,$,V,SG,3,PST	a,k,a,f,a
i,f,a,$,V,SG,3,FUT	a,c,h,a,f,a
i,f,a,$,V,PL,2,PST	m,a,k,a,f,a
i,f,a,$,V,SG,2,PRS	u,n,o,f,a
i,f,a,$,V,PROG,SG,1,PRS	n,d,i,r,i,k,u,f,a
i,f,a,$,V,PL,1,PST	t,a,k,a,f,a
i,f,a,$,V,PROG,PL,3,PRS	v,a,r,i,k,u,f,a
i,f,a,$,V,PROG,PL,2,PRS	m,u,r,i,k,u,f,a
i,f,a,$,V,PL,2,HOD	m,a,f,a
i,f,a,$,V,SG,2,HOD	w,a,f,a
i,f,a,$,V,PL,2,PRS	m,u,n,o,f,a
i,f,a,$,V,PL,3,PRS	v,a,n,o,f,a
r,i,d,z,a,m,h,e,r,e,$,V,SG,2,PST	w,a,k,a,r,i,d,z,a,m,h,e,r,e
r,i,d,z,a,m,h,e,r,e,$,V,PL,3,HOD	v,a,r,i,d,z,a,m,h,e,r,e
r,i,d,z,a,m,h,e,r,e,$,V,PROG,PL,3,PRS	v,a,r,i,k,u,r,i,d,z,a,m,h,e,r,e
r,i,d,z,a,m,h,e,r,e,$,V,SG,1,PRS	n,d,i,n,o,r,i,d,z,a,m,h,e,r,e
r,i,d,z,a,m,h,e,r,e,$,V,PL,1,PRS	t,i,n,o,r,i,d,z,a,m,h,e,r,e
r,i,d,z,a,m,h,e,r,e,$,V,PL,3,FUT	v,a,c,h,a,r,i,d,z,a,m,h,e,r,e
r,i,d,z,a,m,h,e,r,e,$,V,SG,1,FUT	n,d,i,c,h,a,r,i,d,z,a,m,h,e,r,e
r,i,d,z,a,m,h,e,r,e,$,V,SG,3,HOD	a,r,i,d,z,a,m,h,e,r,e
r,i,d,z,a,m,h,e,r,e,$,V,PL,2,PST	m,a,k,a,r,i,d,z,a,m,h,e,r,e
r,i,d,z,a,m,h,e,r,e,$,V,SG,3,PST	a,k,a,r,i,d,z,a,m,h,e,r,e
r,i,d,z,a,m,h,e,r,e,$,V,PL,2,FUT	m,u,c,h,a,r,i,d,z,a,m,h,e,r,e
r,i,d,z,a,m,h,e,r,e,$,V,PL,2,HOD	m,a,r,i,d,z,a,m,h,e,r,e
r,i,d,z,a,m,h,e,r,e,$,V,SG,2,PRS	u,n,o,r,i,d,z,a,m,h,e,r,e
r,i,d,z,a,m,h,e,r,e,$,V,PL,3,PST	v,a,k,a,r,i,d,z,a,m,h,e,r,e
r,i,d,z,a,m,h,e,r,e,$,V,PROG,PL,2,PRS	m,u,r,i,k,u,r,i,d,z,a,m,h,e,r,e
r,i,d,z,a,m,h,e,r,e,$,V,PROG,SG,1,PRS	n,d,i,r,i,k,u,r,i,d,z,a,m,h,e,r,e
r,i,d,z,a,m,h,e,r,e,$,V,SG,1,PST	n,d,a,k,a,r,i,d,z,a,m,h,e,r,e
r,i,d,z,a,m,h,e,r,e,$,V,SG,2,HOD	w,a,r,i,d,z,a,m,h,e,r,e
r,i,d,z,a,m,h,e,r,e,$,V,PL,1,HOD	t,a,r,i,d,z,a,m,h,e,r,e
r,i,d,z,a,m,h,e,r,e,$,V,PROG,SG,3,PRS	a,r,i,k,u,r,i,d,z,a,m,h,e,r,e
r,i,d,z,a,m,h,e,r,e,$,V,PROG,SG,2,PRS	u,r,i,k,u,r,i,d,z,a,m,h,e,r,e
r,i,d,z,a,m,h,e,r,e,$,V,PL,1,PST	t,a,k,a,r,i,d,z,a,m,h,e,r,e
r,i,d,z,a,m,h,e,r,e,$,V,SG,3,PRS	a,n,o,r,i,d,z,a,m,h,e,r,e
r,i,d,z,a,m,h,e,r,e,$,V,PL,1,FUT	t,i,c,h,a,r,i,d,z,a,m,h,e,r,e
r,i,d,z,a,m,h,e,r,e,$,V,SG,3,FUT	a,c,h,a,r,i,d,z,a,m,h,e,r,e
r,i,d,z,a,m,h,e,r,e,$,V,SG,1,HOD	n,d,a,r,i,d,z,a,m,h,e,r,e
r,i,d,z,a,m,h,e,r,e,$,V,SG,2,FUT	u,c,h,a,r,i,d,z,a,m,h,e,r,e
r,i,d,z,a,m,h,e,r,e,$,V,PROG,PL,1,PRS	t,i,r,i,k,u,r,i,d,z,a,m,h,e,r,e
r,i,d,z,a,m,h,e,r,e,$,V,PL,3,PRS	v,a,n,o,r,i,d,z,a,m,h,e,r,e
r,i,d,z,a,m,h,e,r,e,$,V,PL,2,PRS	m,u,n,o,r,i,d,z,a,m,h,e,r,e
d,z,i,d,z,a,$,V,SG,3,PRS	a,n,o,d,z,i,d,z,a
d,z,i,d,z,a,$,V,PL,2,PRS	m,u,n,o,d,z,i,d,z,a
d,z,i,d,z,a,$,V,PL,3,FUT	v,a,c,h,a,d,z,i,d,z,a
d,z,i,d,z,a,$,V,PROG,SG,2,PRS	u,r,i,k,u,d,z,i,d,z,a
d,z,i,d,z,a,$,V,PL,1,HOD	t,a,d,z,i,d,z,a
d,z,i,d,z,a,$,V,SG,1,HOD	n,d,a,d,z,i,d,z,a
d,z,i,d,z,a,$,V,PL,2,HOD	m,a,d,z,i,d,z,a
d,z,i,d,z,a,$,V,PL,3,PST	v,a,k,a,d,z,i,d,z,a
d,z,i,d,z,a,$,V,PROG,PL,1,PRS	t,i,r,i,k,u,d,z,i,d,z,a
d,z,i,d,z,a,$,V,PL,1,FUT	t,i,c,h,a,d,z,i,d,z,a
d,z,i,d,z,a,$,V,SG,3,FUT	a,c,h,a,d,z,i,d,z,a
d,z,i,d,z,a,$,V,SG,2,PRS	u,n,o,d,z,i,d,z,a
d,z,i,d,z,a,$,V,SG,1,FUT	n,d,i,c,h,a,d,z,i,d,z,a
d,z,i,d,z,a,$,V,PROG,PL,3,PRS	v,a,r,i,k,u,d,z,i,d,z,a
d,z,i,d,z,a,$,V,SG,3,HOD	a,d,z,i,d,z,a
d,z,i,d,z,a,$,V,PL,2,PST	m,a,k,a,d,z,i,d,z,a
d,z,i,d,z,a,$,V,PROG,PL,2,PRS	m,u,r,i,k,u,d,z,i,d,z,a
d,z,i,d,z,a,$,V,PROG,SG,3,PRS	a,r,i,k,u,d,z,i,d,z,a
d,z,i,d,z,a,$,V,SG,2,PST	w,a,k,a,d,z,i,d,z,a
d,z,i,d,z,a,$,V,SG,1,PRS	n,d,i,n,o,d,z,i,d,z,a
d,z,i,d,z,a,$,V,PL,1,PRS	t,i,n,o,d,z,i,d,z,a
d,z,i,d,z,a,$,V,SG,2,FUT	u,c,h,a,d,z,i,d,z,a
d,z,i,d,z,a,$,V,SG,3,PST	a,k,a,d,z,i,d,z,a
d,z,i,d,z,a,$,V,SG,1,PST	n,d,a,k,a,d,z,i,d,z,a
d,z,i,d,z,a,$,V,SG,2,HOD	w,a,d,z,i,d,z,a
d,z,i,d,z,a,$,V,PL,2,FUT	m,u,c,h,a,d,z,i,d,z,a
d,z,i,d,z,a,$,V,PROG,SG,1,PRS	n,d,i,r,i,k,u,d,z,i,d,z,a
d,z,i,d,z,a,$,V,PL,1,PST	t,a,k,a,d,z,i,d,z,a
d,z,i,d,z,a,$,V,PL,3,HOD	v,a,d,z,i,d,z,a
d,z,i,d,z,a,$,V,PL,3,PRS	v,a,n,o,d,z,i,d,z,a
b,h,u,r,u,r,u,k,a,$,V,PL,1,PRS	t,i,n,o,b,h,u,r,u,r,u,k,a
b,h,u,r,u,r,u,k,a,$,V,SG,2,PST	w,a,k,a,b,h,u,r,u,r,u,k,a
b,h,u,r,u,r,u,k,a,$,V,PL,2,PST	m,a,k,a,b,h,u,r,u,r,u,k,a
b,h,u,r,u,r,u,k,a,$,V,PL,2,HOD	m,a,b,h,u,r,u,r,u,k,a
b,h,u,r,u,r,u,k,a,$,V,PL,1,HOD	t,a,b,h,u,r,u,r,u,k,a
b,h,u,r,u,r,u,k,a,$,V,SG,3,HOD	a,b,h,u,r,u,r,u,k,a
b,h,u,r,u,r,u,k,a,$,V,SG,2,PRS	u,n,o,b,h,u,r,u,r,u,k,a
b,h,u,r,u,r,u,k,a,$,V,PL,3,PST	v,a,k,a,b,h,u,r,u,r,u,k,a
b,h,u,r,u,r,u,k,a,$,V,SG,3,FUT	a,c,h,a,b,h,u,r,u,r,u,k,a
b,h,u,r,u,r,u,k,a,$,V,SG,1,HOD	n,d,a,b,h,u,r,u,r,u,k,a
b,h,u,r,u,r,u,k,a,$,V,PROG,SG,3,PRS	a,r,i,k,u,b,h,u,r,u,r,u,k,a
b,h,u,r,u,r,u,k,a,$,V,PL,3,PRS	v,a,n,o,b,h,u,r,u,r,u,k,a
b,h,u,r,u,r,u,k,a,$,V,PL,3,FUT	v,a,c,h,a,b,h,u,r,u,r,u,k,a
b,h,u,r,u,r,u,k,a,$,V,SG,2,FUT	u,c,h,a,b,h,u,r,u,r,u,k,a
b,h,u,r,u,r,u,k,a,$,V,PL,1,PST	t,a,k,a,b,h,u,r,u,r,u,k,a
b,h,u,r,u,r,u,k,a,$,V,SG,1,PST	n,d,a,k,a,b,h,u,r,u,r,u,k,a
b,h,u,r,u,r,u,k,a,$,V,PROG,PL,1,PRS	t,i,r,i,k,u,b,h,u,r,u,r,u,k,a
b,h,u,r,u,r,u,k,a,$,V,PROG,SG,2,PRS	u,r,i,k,u,b,h,u,r,u,r,u,k,a
b,h,u,r,u,r,u,k,a,$,V,SG,1,PRS	n,d,i,n,o,b,h,u,r,u,r,u,k,a
b,h,u,r,u,r,u,k,a,$,V,SG,1,FUT	n,d,i,c,h,a,b,h,u,r,u,r,u,k,a
b,h,u,r,u,r,u,k,a,$,V,PL,3,HOD	v,a,b,h,u,r,u,r,u,k,a
b,h,u,r,u,r,u,k,a,$,V,SG,3,PST	a,k,a,b,h,u,r,u,r,u,k,a
b,h,u,r,u,r,u,k,a,$,V,PROG,SG,1,PRS	n,d,i,r,i,k,u,b,h,u,r,u,r,u,k,a
b,h,u,r,u,r,u,k,a,$,V,SG,3,PRS	a,n,o,b,h,u,r,u,r,u,k,a
b,h,u,r,u,r,u,k,a,$,V,SG,2,HOD	w,a,b,h,u,r,u,r,u,k,a
b,h,u,r,u,r,u,k,a,$,V,PROG,PL,2,PRS	m,u,r,i,k,u,b,h,u,r,u,r,u,k,a
b,h,u,r,u,r,u,k,a,$,V,PL,1,FUT	t,i,c,h,a,b,h,u,r,u,r,u,k,a
b,h,u,r,u,r,u,k,a,$,V,PL,2,PRS	m,u,n,o,b,h,u,r,u,r,u,k,a
b,h,u,r,u,r,u,k,a,$,V,PL,2,FUT	m,u,c,h,a,b,h,u,r,u,r,u,k,a
b,h,u,r,u,r,u,k,a,$,V,PROG,PL,3,PRS	v,a,r,i,k,u,b,h,u,r,u,r,u,k,a
s,h,a,n,d,a,$,V,SG,3,HOD	a,s,h,a,n,d,a
s,h,a,n,d,a,$,V,PROG,PL,1,PRS	t,i,r,i,k,u,s,h,a,n,d,a
s,h,a,n,d,a,$,V,PROG,SG,1,PRS	n,d,i,r,i,k,u,s,h,a,n,d,a
s,h,a,n,d,a,$,V,PL,1,PRS	t,i,n,o,s,h,a,n,d,a
s,h,a,n,d,a,$,V,SG,3,FUT	a,c,h,a,s,h,a,n,d,a
s,h,a,n,d,a,$,V,PL,2,FUT	m,u,c,h,a,s,h,a,n,d,a
s,h,a,n,d,a,$,V,SG,3,PST	a,k,a,s,h,a,n,d,a
s,h,a,n,d,a,$,V,PL,2,PST	m,a,k,a,s,h,a,n,d,a
s,h,a,n,d,a,$,V,SG,2,PRS	u,n,o,s,h,a,n,d,a
s,h,a,n,d,a,$,V,SG,3,PRS	a,n,o,s,h,a,n,d,a
s,h,a,n,d,a,$,V,PROG,PL,2,PRS	m,u,r,i,k,u,s,h,a,n,d,a
s,h,a,n,d,a,$,V,PL,2,HOD	m,a,s,h,a,n,d,a
s,h,a,n,d,a,$,V,PL,1,FUT	t,i,c,h,a,s,h,a,n,d,a
s,h,a,n,d,a,$,V,PROG,PL,3,PRS	v,a,r,i,k,u,s,h,a,n,d,a
s,h,a,n,d,a,$,V,SG,1,FUT	n,d,i,c,h,a,s,h,a,n,d,a
s,h,a,n,d,a,$,V,PL,1,HOD	t,a,s,h,a,n,d,a
s,h,a,n,d,a,$,V,SG,1,PST	n,d,a,k,a,s,h,a,n,d,a
s,h,a,n,d,a,$,V,SG,2,PST	w,a,k,a,s,h,a,n,d,a
s,h,a,n,d,a,$,V,SG,2,FUT	u,c,h,a,s,h,a,n,d,a
s,h,a,n,d,a,$,V,PL,2,PRS	m,u,n,o,s,h,a,n,d,a
s,h,a,n,d,a,$,V,PL,1,PST	t,a,k,a,s,h,a,n,d,a
s,h,a,n,d,a,$,V,PROG,SG,2,PRS	u,r,i,k,u,s,h,a,n,d,a
s,h,a,n,d,a,$,V,SG,2,HOD	w,a,s,h,a,n,d,a
s,h,a,n,d,a,$,V,PL,3,FUT	v,a,c,h,a,s,h,a,n,d,a
s,h,a,n,d,a,$,V,PL,3,PRS	v,a,n,o,s,h,a,n,d,a
s,h,a,n,d,a,$,V,SG,1,HOD	n,d,a,s,h,a,n,d,a
s,h,a,n,d,a,$,V,PL,3,HOD	v,a,s,h,a,n,d,a
s,h,a,n,d,a,$,V,SG,1,PRS	n,d,i,n,o,s,h,a,n,d,a
s,h,a,n,d,a,$,V,PL,3,PST	v,a,k,a,s,h,a,n,d,a
s,h,a,n,d,a,$,V,PROG,SG,3,PRS	a,r,i,k,u,s,h,a,n,d,a
n,z,w,i,s,i,s,a,$,V,PROG,PL,1,PRS	t,i,r,i,k,u,n,z,w,i,s,i,s,a
n,z,w,i,s,i,s,a,$,V,PL,1,FUT	t,i,c,h,a,n,z,w,i,s,i,s,a
n,z,w,i,s,i,s,a,$,V,SG,3,HOD	a,n,z,w,i,s,i,s,a
n,z,w,i,s,i,s,a,$,V,SG,1,PRS	n,d,i,n,o,n,z,w,i,s,i,s,a
n,z,w,i,s,i,s,a,$,V,PL,1,PST	t,a,k,a,n,z,w,i,s,i,s,a
n,z,w,i,s,i,s,a,$,V,SG,2,PRS	u,n,o,n,z,w,i,s,i,s,a
n,z,w,i,s,i,s,a,$,V,SG,3,PRS	a,n,o,n,z,w,i,s,i,s,a
n,z,w,i,s,i,s,a,$,V,SG,1,HOD	n,d,a,n,z,w,i,s,i,s,a
n,z,w,i,s,i,s,a,$,V,PROG,PL,3,PRS	v,a,r,i,k,u,n,z,w,i,s,i,s,a
n,z,w,i,s,i,s,a,$,V,PL,3,HOD	v,a,n,z,w,i,s,i,s,a
n,z,w,i,s,i,s,a,$,V,PL,2,FUT	m,u,c,h,a,n,z,w,i,s,i,s,a
n,z,w,i,s,i,s,a,$,V,PROG,SG,3,PRS	a,r,i,k,u,n,z,w,i,s,i,s,a
n,z,w,i,s,i,s,a,$,V,PL,3,PRS	v,a,n,o,n,z,w,i,s,i,s,a
n,z,w,i,s,i,s,a,$,V,PROG,SG,2,PRS	u,r,i,k,u,n,z,w,i,s,i,s,a
n,z,w,i,s,i,s,a,$,V,PL,1,HOD	t,a,n,z,w,i,s,i,s,a
n,z,w,i,s,i,s,a,$,V,PL,2,PST	m,a,k,a,n,z,w,i,s,i,s,a
n,z,w,i,s,i,s,a,$,V,PROG,SG,1,PRS	n,d,i,r,i,k,u,n,z,w,i,s,i,s,a
n,z,w,i,s,i,s,a,$,V,SG,2,PST	w,a,k,a,n,z,w,i,s,i,s,a
n,z,w,i,s,i,s,a,$,V,PL,3,FUT	v,a,c,h,a,n,z,w,i,s,i,s,a
n,z,w,i,s,i,s,a,$,V,SG,1,FUT	n,d,i,c,h,a,n,z,w,i,s,i,s,a
n,z,w,i,s,i,s,a,$,V,SG,2,FUT	u,c,h,a,n,z,w,i,s,i,s,a
n,z,w,i,s,i,s,a,$,V,SG,3,FUT	a,c,h,a,n,z,w,i,s,i,s,a
n,z,w,i,s,i,s,a,$,V,SG,1,PST	n,d,a,k,a,n,z,w,i,s,i,s,a
n,z,w,i,s,i,s,a,$,V,SG,2,HOD	w,a,n,z,w,i,s,i,s,a
n,z,w,i,s,i,s,a,$,V,PROG,PL,2,PRS	m,u,r,i,k,u,n,z,w,i,s,i,s,a
n,z,w,i,s,i,s,a,$,V,PL,3,PST	v,a,k,a,n,z,w,i,s,i,s,a
n,z,w,i,s,i,s,a,$,V,PL,2,PRS	m,u,n,o,n,z,w,i,s,i,s,a
n,z,w,i,s,i,s,a,$,V,SG,3,PST	a,k,a,n,z,w,i,s,i,s,a
n,z,w,i,s,i,s,a,$,V,PL,2,HOD	m,a,n,z,w,i,s,i,s,a
n,z,w,i,s,i,s,a,$,V,PL,1,PRS	t,i,n,o,n,z,w,i,s,i,s,a
p,a,r,u,r,a,$,V,PL,2,HOD	m,a,p,a,r,u,r,a
p,a,r,u,r,a,$,V,SG,3,HOD	a,p,a,r,u,r,a
p,a,r,u,r,a,$,V,PL,1,FUT	t,i,c,h,a,p,a,r,u,r,a
p,a,r,u,r,a,$,V,SG,1,PST	n,d,a,k,a,p,a,r,u,r,a
p,a,r,u,r,a,$,V,SG,2,PST	w,a,k,a,p,a,r,u,r,a
p,a,r,u,r,a,$,V,SG,3,PRS	a,n,o,p,a,r,u,r,a
p,a,r,u,r,a,$,V,PROG,PL,3,PRS	v,a,r,i,k,u,p,a,r,u,r,a
p,a,r,u,r,a,$,V,SG,1,FUT	n,d,i,c,h,a,p,a,r,u,r,a
p,a,r,u,r,a,$,V,PL,1,PST	t,a,k,a,p,a,r,u,r,a
p,a,r,u,r,a,$,V,PL,3,HOD	v,a,p,a,r,u,r,a
p,a,r,u,r,a,$,V,SG,2,PRS	u,n,o,p,a,r,u,r,a
p,a,r,u,r,a,$,V,SG,2,HOD	w,a,p,a,r,u,r,a
p,a,r,u,r,a,$,V,PL,2,PRS	m,u,n,o,p,a,r,u,r,a
p,a,r,u,r,a,$,V,PL,3,FUT	v,a,c,h,a,p,a,r,u,r,a
p,a,r,u,r,a,$,V,SG,1,HOD	n,d,a,p,a,r,u,r,a
p,a,r,u,r,a,$,V,PROG,PL,1,PRS	t,i,r,i,k,u,p,a,r,u,r,a
p,a,r,u,r,a,$,V,PL,2,PST	m,a,k,a,p,a,r,u,r,a
p,a,r,u,r,a,$,V,SG,2,FUT	u,c,h,a,p,a,r,u,r,a
p,a,r,u,r,a,$,V,PROG,SG,2,PRS	u,r,i,k,u,p,a,r,u,r,a
p,a,r,u,r,a,$,V,PL,3,PRS	v,a,n,o,p,a,r,u,r,a
p,a,r,u,r,a,$,V,PL,1,HOD	t,a,p,a,r,u,r,a
p,a,r,u,r,a,$,V,SG,3,FUT	a,c,h,a,p,a,r,u,r,a
p,a,r,u,r,a,$,V,PROG,PL,2,PRS	m,u,r,i,k,u,p,a,r,u,r,a
p,a,r,u,r,a,$,V,SG,3,PST	a,k,a,p,a,r,u,r,a
p,a,r,u,r,a,$,V,SG,1,PRS	n,d,i,n,o,p,a,r,u,r,a
p,a,r,u,r,a,$,V,PL,2,FUT	m,u,c,h,a,p,a,r,u,r,a
p,a,r,u,r,a,$,V,PROG,SG,3,PRS	a,r,i,k,u,p,a,r,u,r,a
p,a,r,u,r,a,$,V,PROG,SG,1,PRS	n,d,i,r,i,k,u,p,a,r,u,r,a
p,a,r,u,r,a,$,V,PL,1,PRS	t,i,n,o,p,a,r,u,r,a
p,a,r,u,r,a,$,V,PL,3,PST	v,a,k,a,p,a,r,u,r,a
i,v,a,$,V,PROG,SG,1,PRS	n,d,i,r,i,k,u,v,a
i,v,a,$,V,SG,3,PST	a,k,a,v,a
i,v,a,$,V,SG,2,PRS	u,n,o,v,a
i,v,a,$,V,PROG,PL,2,PRS	m,u,r,i,k,u,v,a
i,v,a,$,V,PL,2,HOD	m,a,v,a
i,v,a,$,V,SG,3,PRS	a,n,o,v,a
i,v,a,$,V,PROG,PL,1,PRS	t,i,r,i,k,u,v,a
i,v,a,$,V,PL,2,PST	m,a,k,a,v,a
i,v,a,$,V,PL,1,PRS	t,i,n,o,v,a
i,v,a,$,V,PL,1,PST	t,a,k,a,v,a
i,v,a,$,V,PL,3,PRS	v,a,n,o,v,a
i,v,a,$,V,SG,1,FUT	n,d,i,c,h,a,v,a
i,v,a,$,V,PL,1,FUT	t,i,c,h,a,v,a
i,v,a,$,V,PROG,SG,3,PRS	a,r,i,k,u,v,a
i,v,a,$,V,PL,3,HOD	v,a,v,a
i,v,a,$,V,SG,1,HOD	n,d,a,v,a
i,v,a,$,V,PROG,SG,2,PRS	u,r,i,k,u,v,a
i,v,a,$,V,SG,3,HOD	a,v,a
i,v,a,$,V,PL,2,PRS	m,u,n,o,v,a
i,v,a,$,V,SG,3,FUT	a,c,h,a,v,a
i,v,a,$,V,SG,1,PRS	n,d,i,n,o,v,a
i,v,a,$,V,SG,2,PST	w,a,k,a,v,a
i,v,a,$,V,SG,1,PST	n,d,a,k,a,v,a
i,v,a,$,V,SG,2,HOD	w,a,v,a
i,v,a,$,V,SG,2,FUT	u,c,h,a,v,a
i,v,a,$,V,PROG,PL,3,PRS	v,a,r,i,k,u,v,a
i,v,a,$,V,PL,2,FUT	m,u,c,h,a,v,a
i,v,a,$,V,PL,3,PST	v,a,k,a,v,a
i,v,a,$,V,PL,3,FUT	v,a,c,h,a,v,a
i,v,a,$,V,PL,1,HOD	t,a,v,a
m,i,r,i,r,a,$,V,PL,1,FUT	t,i,c,h,a,m,i,r,i,r,a
m,i,r,i,r,a,$,V,SG,1,PRS	n,d,i,n,o,m,i,r,i,r,a
m,i,r,i,r,a,$,V,SG,3,PST	a,k,a,m,i,r,i,r,a
m,i,r,i,r,a,$,V,PL,2,PRS	m,u,n,o,m,i,r,i,r,a
m,i,r,i,r,a,$,V,SG,3,FUT	a,c,h,a,m,i,r,i,r,a
m,i,r,i,r,a,$,V,PL,1,HOD	t,a,m,i,r,i,r,a
m,i,r,i,r,a,$,V,SG,2,FUT	u,c,h,a,m,i,r,i,r,a
m,i,r,i,r,a,$,V,PROG,SG,2,PRS	u,r,i,k,u,m,i,r,i,r,a
m,i,r,i,r,a,$,V,PROG,PL,1,PRS	t,i,r,i,k,u,m,i,r,i,r,a
m,i,r,i,r,a,$,V,PL,3,PRS	v,a,n,o,m,i,r,i,r,a
m,i,r,i,r,a,$,V,PROG,PL,2,PRS	m,u,r,i,k,u,m,i,r,i,r,a
m,i,r,i,r,a,$,V,PL,2,FUT	m,u,c,h,a,m,i,r,i,r,a
m,i,r,i,r,a,$,V,SG,1,PST	n,d,a,k,a,m,i,r,i,r,a
m,i,r,i,r,a,$,V,SG,2,HOD	w,a,m,i,r,i,r,a
m,i,r,i,r,a,$,V,PL,3,PST	v,a,k,a,m,i,r,i,r,a
m,i,r,i,r,a,$,V,PL,3,FUT	v,a,c,h,a,m,i,r,i,r,a
m,i,r,i,r,a,$,V,SG,1,HOD	n,d,a,m,i,r,i,r,a
m,i,r,i,r,a,$,V,PROG,SG,1,PRS	n,d,i,r,i,k,u,m,i,r,i,r,a
m,i,r,i,r,a,$,V,PROG,SG,3,PRS	a,r,i,k,u,m,i,r,i,r,a
m,i,r,i,r,a,$,V,PL,1,PRS	t,i,n,o,m,i,r,i,r,a
m,i,r,i,r,a,$,V,SG,1,FUT	n,d,i,c,h,a,m,i,r,i,r,a
m,i,r,i,r,a,$,V,SG,3,HOD	a,m,i,r,i,r,a
m,i,r,i,r,a,$,V,SG,2,PRS	u,n,o,m,i,r,i,r,a
m,i,r,i,r,a,$,V,PROG,PL,3,PRS	v,a,r,i,k,u,m,i,r,i,r,a
m,i,r,i,r,a,$,V,PL,3,HOD	v,a,m,i,r,i,r,a
m,i,r,i,r,a,$,V,PL,2,HOD	m,a,m,i,r,i,r,a
m,i,r,i,r,a,$,V,PL,2,PST	m,a,k,a,m,i,r,i,r,a
m,i,r,i,r,a,$,V,SG,2,PST	w,a,k,a,m,i,r,i,r,a
m,i,r,i,r,a,$,V,PL,1,PST	t,a,k,a,m,i,r,i,r,a
m,i,r,i,r,a,$,V,SG,3,PRS	a,n,o,m,i,r,i,r,a