z,i,m,a,$,V,INDF,FIN,IND,SG,1,PRS	n,i,a,z,i,m,a
z,i,m,a,$,V,DEF,FIN,IND,SG,2,PRS	u,n,a,z,i,m,a
z,i,m,a,$,V,INDF,FIN,IND,PL,3,PRS	w,a,a,z,i,m,a
z,i,m,a,$,V,PRF,FIN,IND,SG,3,PST	a,m,e,z,i,m,a
z,i,m,a,$,V,FIN,IND,PL,2,PST	m,l,i,z,i,m,a
z,i,m,a,$,V,PRF,FIN,IND,PL,1,PST	t,u,m,e,z,i,m,a
z,i,m,a,$,V,FIN,COND,SG,3,PST	a,n,g,a,l,i,z,i,m,a
z,i,m,a,$,V,FIN,COND,SG,2,PRS	u,n,g,e,z,i,m,a
z,i,m,a,$,V,FIN,IND,PL,3,PST	w,a,l,i,z,i,m,a
z,i,m,a,$,V,PRF,FIN,IND,PL,2,PST	m,m,e,z,i,m,a
z,i,m,a,$,V,INDF,FIN,IND,SG,2,PRS	u,a,z,i,m,a
z,i,m,a,$,V,INDF,FIN,IND,PL,1,PRS	t,u,a,z,i,m,a
z,i,m,a,$,V,FIN,IND,SG,2,PST	u,l,i,z,i,m,a
z,i,m,a,$,V,FIN,COND,SG,1,PST	n,i,n,g,a,l,i,z,i,m,a
z,i,m,a,$,V,HAB,FIN,IND,SG,3,PRS	a,h,u,z,i,m,a
z,i,m,a,$,V,DEF,FIN,IND,PL,1,PRS	t,u,n,a,z,i,m,a
z,i,m,a,$,V,DEF,FIN,IND,PL,3,PRS	w,a,n,a,z,i,m,a
z,i,m,a,$,V,HAB,FIN,IND,PL,3,PRS	w,a,h,u,z,i,m,a
z,i,m,a,$,V,FIN,IND,PL,1,PST	t,u,l,i,z,i,m,a
z,i,m,a,$,V,FIN,COND,SG,1,PRS	n,i,n,g,e,z,i,m,a
z,i,m,a,$,V,FIN	k,u,z,i,m,a
z,i,m,a,$,V,FIN,IND,SG,1,FUT	n,i,t,a,z,i,m,a
z,i,m,a,$,V,INDF,FIN,IND,PL,2,PRS	m,a,z,i,m,a
z,i,m,a,$,V,INDF,FIN,IND,SG,3,PRS	a,a,z,i,m,a
z,i,m,a,$,V,FIN,COND,PL,3,PRS	w,a,n,g,e,z,i,m,a
z,i,m,a,$,V,DEF,FIN,IND,SG,3,PRS	a,n,a,z,i,m,a
z,i,m,a,$,V,FIN,IND,PL,3,FUT	w,a,t,a,z,i,m,a
z,i,m,a,$,V,FIN,COND,PL,3,PST	w,a,n,g,a,l,i,z,i,m,a
z,i,m,a,$,V,DEF,FIN,IND,SG,1,PRS	n,i,n,a,z,i,m,a
z,i,m,a,$,V,PRF,FIN,IND,SG,2,PST	u,m,e,z,i,m,a
z,i,m,a,$,V,FIN,COND,PL,1,PST	t,u,n,g,a,l,i,z,i,m,a
z,i,m,a,$,V,FIN,IND,SG,3,PST	a,l,i,z,i,m,a
z,i,m,a,$,V,FIN,COND,SG,3,PRS	a,n,g,e,z,i,m,a
z,i,m,a,$,V,FIN,IND,SG,3,FUT	a,t,a,z,i,m,a
z,i,m,a,$,V,PRF,FIN,IND,PL,3,PST	w,a,m,e,z,i,m,a
z,i,m,a,$,V,HAB,FIN,IND,SG,1,PRS	n,i,h,u,z,i,m,a
z,i,m,a,$,V,FIN,COND,PL,2,PST	m,n,g,a,l,i,z,i,m,a
z,i,m,a,$,V,FIN,IND,PL,1,FUT	t,u,t,a,z,i,m,a
z,i,m,a,$,V,PRF,FIN,IND,SG,1,PST	n,i,m,e,z,i,m,a
z,i,m,a,$,V,FIN,COND,SG,2,PST	u,n,g,a,l,i,z,i,m,a
z,i,m,a,$,V,FIN,IND,SG,1,PST	n,i,l,i,z,i,m,a
z,i,m,a,$,V,HAB,FIN,IND,SG,2,PRS	u,h,u,z,i,m,a
z,i,m,a,$,V,FIN,COND,PL,2,PRS	m,n,g,e,z,i,m,a
z,i,m,a,$,V,FIN,IND,SG,2,FUT	u,t,a,z,i,m,a
z,i,m,a,$,V,FIN,COND,PL,1,PRS	t,u,n,g,e,z,i,m,a
z,i,m,a,$,V,DEF,FIN,IND,PL,2,PRS	m,n,a,z,i,m,a
z,i,m,a,$,V,HAB,FIN,IND,PL,2,PRS	m,h,u,z,i,m,a
z,i,m,a,$,V,HAB,FIN,IND,PL,1,PRS	t,u,h,u,z,i,m,a
z,i,m,a,$,V,FIN,IND,PL,2,FUT	m,t,a,z,i,m,a
k,a,m,i,l,i,s,h,a,$,V,FIN,COND,PL,3,PRS	w,a,n,g,e,k,a,m,i,l,i,s,h,a
k,a,m,i,l,i,s,h,a,$,V,FIN,COND,SG,1,PST	n,i,n,g,a,l,i,k,a,m,i,l,i,s,h,a
k,a,m,i,l,i,s,h,a,$,V,FIN,IND,SG,2,FUT	u,t,a,k,a,m,i,l,i,s,h,a
k,a,m,i,l,i,s,h,a,$,V,FIN,IND,PL,3,FUT	w,a,t,a,k,a,m,i,l,i,s,h,a
k,a,m,i,l,i,s,h,a,$,V,PRF,FIN,IND,PL,3,PST	w,a,m,e,k,a,m,i,l,i,s,h,a
k,a,m,i,l,i,s,h,a,$,V,DEF,FIN,IND,PL,3,PRS	w,a,n,a,k,a,m,i,l,i,s,h,a
k,a,m,i,l,i,s,h,a,$,V,HAB,FIN,IND,PL,2,PRS	m,h,u,k,a,m,i,l,i,s,h,a
k,a,m,i,l,i,s,h,a,$,V,FIN,IND,SG,3,FUT	a,t,a,k,a,m,i,l,i,s,h,a
k,a,m,i,l,i,s,h,a,$,V,HAB,FIN,IND,PL,1,PRS	t,u,h,u,k,a,m,i,l,i,s,h,a
k,a,m,i,l,i,s,h,a,$,V,INDF,FIN,IND,PL,3,PRS	w,a,a,k,a,m,i,l,i,s,h,a
k,a,m,i,l,i,s,h,a,$,V,PRF,FIN,IND,PL,1,PST	t,u,m,e,k,a,m,i,l,i,s,h,a
k,a,m,i,l,i,s,h,a,$,V,FIN,IND,PL,2,FUT	m,t,a,k,a,m,i,l,i,s,h,a
k,a,m,i,l,i,s,h,a,$,V,DEF,FIN,IND,PL,1,PRS	t,u,n,a,k,a,m,i,l,i,s,h,a
k,a,m,i,l,i,s,h,a,$,V,FIN,COND,SG,2,PST	u,n,g,a,l,i,k,a,m,i,l,i,s,h,a
k,a,m,i,l,i,s,h,a,$,V,FIN	k,u,k,a,m,i,l,i,s,h,a
k,a,m,i,l,i,s,h,a,$,V,DEF,FIN,IND,SG,2,PRS	u,n,a,k,a,m,i,l,i,s,h,a
k,a,m,i,l,i,s,h,a,$,V,PRF,FIN,IND,PL,2,PST	m,m,e,k,a,m,i,l,i,s,h,a
k,a,m,i,l,i,s,h,a,$,V,HAB,FIN,IND,SG,2,PRS	u,h,u,k,a,m,i,l,i,s,h,a
k,a,m,i,l,i,s,h,a,$,V,PRF,FIN,IND,SG,2,PST	u,m,e,k,a,m,i,l,i,s,h,a
k,a,m,i,l,i,s,h,a,$,V,FIN,IND,SG,2,PST	u,l,i,k,a,m,i,l,i,s,h,a
k,a,m,i,l,i,s,h,a,$,V,FIN,COND,PL,1,PST	t,u,n,g,a,l,i,k,a,m,i,l,i,s,h,a
k,a,m,i,l,i,s,h,a,$,V,FIN,COND,PL,2,PRS	m,n,g,e,k,a,m,i,l,i,s,h,a
k,a,m,i,l,i,s,h,a,$,V,FIN,COND,SG,2,PRS	u,n,g,e,k,a,m,i,l,i,s,h,a
k,a,m,i,l,i,s,h,a,$,V,FIN,IND,PL,1,FUT	t,u,t,a,k,a,m,i,l,i,s,h,a
k,a,m,i,l,i,s,h,a,$,V,DEF,FIN,IND,SG,3,PRS	a,n,a,k,a,m,i,l,i,s,h,a
k,a,m,i,l,i,s,h,a,$,V,INDF,FIN,IND,SG,1,PRS	n,i,a,k,a,m,i,l,i,s,h,a
k,a,m,i,l,i,s,h,a,$,V,DEF,FIN,IND,PL,2,PRS	m,n,a,k,a,m,i,l,i,s,h,a
k,a,m,i,l,i,s,h,a,$,V,FIN,COND,PL,3,PST	w,a,n,g,a,l,i,k,a,m,i,l,i,s,h,a
k,a,m,i,l,i,s,h,a,$,V,PRF,FIN,IND,SG,3,PST	a,m,e,k,a,m,i,l,i,s,h,a
k,a,m,i,l,i,s,h,a,$,V,INDF,FIN,IND,PL,1,PRS	t,u,a,k,a,m,i,l,i,s,h,a
k,a,m,i,l,i,s,h,a,$,V,FIN,IND,PL,2,PST	m,l,i,k,a,m,i,l,i,s,h,a
k,a,m,i,l,i,s,h,a,$,V,INDF,FIN,IND,SG,3,PRS	a,a,k,a,m,i,l,i,s,h,a
k,a,m,i,l,i,s,h,a,$,V,FIN,COND,PL,1,PRS	t,u,n,g,e,k,a,m,i,l,i,s,h,a
k,a,m,i,l,i,s,h,a,$,V,HAB,FIN,IND,SG,1,PRS	n,i,h,u,k,a,m,i,l,i,s,h,a
k,a,m,i,l,i,s,h,a,$,V,PRF,FIN,IND,SG,1,PST	n,i,m,e,k,a,m,i,l,i,s,h,a
k,a,m,i,l,i,s,h,a,$,V,FIN,IND,PL,1,PST	t,u,l,i,k,a,m,i,l,i,s,h,a
k,a,m,i,l,i,s,h,a,$,V,FIN,IND,SG,1,PST	n,i,l,i,k,a,m,i,l,i,s,h,a
k,a,m,i,l,i,s,h,a,$,V,FIN,IND,SG,1,FUT	n,i,t,a,k,a,m,i,l,i,s,h,a
k,a,m,i,l,i,s,h,a,$,V,FIN,COND,PL,2,PST	m,n,g,a,l,i,k,a,m,i,l,i,s,h,a
k,a,m,i,l,i,s,h,a,$,V,FIN,COND,SG,1,PRS	n,i,n,g,e,k,a,m,i,l,i,s,h,a
k,a,m,i,l,i,s,h,a,$,V,DEF,FIN,IND,SG,1,PRS	n,i,n,a,k,a,m,i,l,i,s,h,a
k,a,m,i,l,i,s,h,a,$,V,FIN,IND,SG,3,PST	a,l,i,k,a,m,i,l,i,s,h,a
k,a,m,i,l,i,s,h,a,$,V,FIN,IND,PL,3,PST	w,a,l,i,k,a,m,i,l,i,s,h,a
k,a,m,i,l,i,s,h,a,$,V,HAB,FIN,IND,SG,3,PRS	a,h,u,k,a,m,i,l,i,s,h,a
k,a,m,i,l,i,s,h,a,$,V,FIN,COND,SG,3,PST	a,n,g,a,l,i,k,a,m,i,l,i,s,h,a
k,a,m,i,l,i,s,h,a,$,V,INDF,FIN,IND,PL,2,PRS	m,a,k,a,m,i,l,i,s,h,a
k,a,m,i,l,i,s,h,a,$,V,FIN,COND,SG,3,PRS	a,n,g,e,k,a,m,i,l,i,s,h,a
k,a,m,i,l,i,s,h,a,$,V,INDF,FIN,IND,SG,2,PRS	u,a,k,a,m,i,l,i,s,h,a
k,a,m,i,l,i,s,h,a,$,V,HAB,FIN,IND,PL,3,PRS	w,a,h,u,k,a,m,i,l,i,s,h,a
i,n,u,k,a,$,V,DEF,FIN,IND,SG,2,PRS	u,n,a,i,n,u,k,a
i,n,u,k,a,$,V,INDF,FIN,IND,PL,2,PRS	m,a,i,n,u,k,a
i,n,u,k,a,$,V,FIN,COND,SG,3,PST	a,n,g,a,l,i,i,n,u,k,a
i,n,u,k,a,$,V,FIN,IND,PL,2,PST	m,l,i,i,n,u,k,a
i,n,u,k,a,$,V,FIN,COND,SG,3,PRS	a,n,g,e,i,n,u,k,a
i,n,u,k,a,$,V,FIN,IND,SG,3,FUT	a,t,a,i,n,u,k,a
i,n,u,k,a,$,V,DEF,FIN,IND,PL,3,PRS	w,a,n,a,i,n,u,k,a
i,n,u,k,a,$,V,FIN,COND,SG,1,PST	n,i,n,g,a,l,i,i,n,u,k,a
i,n,u,k,a,$,V,HAB,FIN,IND,PL,2,PRS	m,h,u,i,n,u,k,a
i,n,u,k,a,$,V,HAB,FIN,IND,SG,2,PRS	u,h,u,i,n,u,k,a
i,n,u,k,a,$,V,FIN	k,u,i,n,u,k,a
i,n,u,k,a,$,V,FIN,IND,PL,2,FUT	m,t,a,i,n,u,k,a
i,n,u,k,a,$,V,FIN,IND,SG,2,PST	u,l,i,i,n,u,k,a
i,n,u,k,a,$,V,DEF,FIN,IND,SG,1,PRS	n,i,n,a,i,n,u,k,a
i,n,u,k,a,$,V,FIN,IND,SG,2,FUT	u,t,a,i,n,u,k,a
i,n,u,k,a,$,V,FIN,COND,PL,1,PST	t,u,n,g,a,l,i,i,n,u,k,a
i,n,u,k,a,$,V,FIN,COND,SG,2,PST	u,n,g,a,l,i,i,n,u,k,a
i,n,u,k,a,$,V,FIN,IND,PL,1,PST	t,u,l,i,i,n,u,k,a
i,n,u,k,a,$,V,PRF,FIN,IND,SG,1,PST	n,i,m,e,i,n,u,k,a
i,n,u,k,a,$,V,FIN,IND,SG,1,FUT	n,i,t,a,i,n,u,k,a
i,n,u,k,a,$,V,FIN,COND,SG,2,PRS	u,n,g,e,i,n,u,k,a
i,n,u,k,a,$,V,FIN,IND,SG,1,PST	n,i,l,i,i,n,u,k,a
i,n,u,k,a,$,V,DEF,FIN,IND,SG,3,PRS	a,n,a,i,n,u,k,a
i,n,u,k,a,$,V,FIN,COND,PL,3,PST	w,a,n,g,a,l,i,i,n,u,k,a
i,n,u,k,a,$,V,PRF,FIN,IND,SG,3,PST	a,m,e,i,n,u,k,a
i,n,u,k,a,$,V,HAB,FIN,IND,PL,3,PRS	w,a,h,u,i,n,u,k,a
i,n,u,k,a,$,V,FIN,COND,SG,1,PRS	n,i,n,g,e,i,n,u,k,a
i,n,u,k,a,$,V,FIN,IND,PL,3,PST	w,a,l,i,i,n,u,k,a
i,n,u,k,a,$,V,FIN,IND,PL,3,FUT	w,a,t,a,i,n,u,k,a
i,n,u,k,a,$,V,INDF,FIN,IND,SG,1,PRS	n,i,a,i,n,u,k,a
i,n,u,k,a,$,V,FIN,COND,PL,1,PRS	t,u,n,g,e,i,n,u,k,a
i,n,u,k,a,$,V,PRF,FIN,IND,PL,3,PST	w,a,m,e,i,n,u,k,a
i,n,u,k,a,$,V,HAB,FIN,IND,PL,1,PRS	t,u,h,u,i,n,u,k,a
i,n,u,k,a,$,V,HAB,FIN,IND,SG,3,PRS	a,h,u,i,n,u,k,a
i,n,u,k,a,$,V,INDF,FIN,IND,PL,1,PRS	t,u,a,i,n,u,k,a
i,n,u,k,a,$,V,PRF,FIN,IND,PL,1,PST	t,u,m,e,i,n,u,k,a
i,n,u,k,a,$,V,FIN,IND,PL,1,FUT	t,u,t,a,i,n,u,k,a
i,n,u,k,a,$,V,FIN,COND,PL,2,PRS	m,n,g,e,i,n,u,k,a
i,n,u,k,a,$,V,FIN,COND,PL,3,PRS	w,a,n,g,e,i,n,u,k,a
i,n,u,k,a,$,V,HAB,FIN,IND,SG,1,PRS	n,i,h,u,i,n,u,k,a
i,n,u,k,a,$,V,DEF,FIN,IND,PL,1,PRS	t,u,n,a,i,n,u,k,a
i,n,u,k,a,$,V,FIN,IND,SG,3,PST	a,l,i,i,n,u,k,a
i,n,u,k,a,$,V,INDF,FIN,IND,PL,3,PRS	w,a,a,i,n,u,k,a
i,n,u,k,a,$,V,INDF,FIN,IND,SG,2,PRS	u,a,i,n,u,k,a
i,n,u,k,a,$,V,DEF,FIN,IND,PL,2,PRS	m,n,a,i,n,u,k,a
i,n,u,k,a,$,V,FIN,COND,PL,2,PST	m,n,g,a,l,i,i,n,u,k,a
i,n,u,k,a,$,V,PRF,FIN,IND,PL,2,PST	m,m,e,i,n,u,k,a
i,n,u,k,a,$,V,INDF,FIN,IND,SG,3,PRS	a,a,i,n,u,k,a
i,n,u,k,a,$,V,PRF,FIN,IND,SG,2,PST	u,m,e,i,n,u,k,a
p,a,m,b,u,a,$,V,FIN,COND,PL,1,PRS	t,u,n,g,e,p,a,m,b,u,a
p,a,m,b,u,a,$,V,HAB,FIN,IND,PL,1,PRS	t,u,h,u,p,a,m,b,u,a
p,a,m,b,u,a,$,V,HAB,FIN,IND,SG,2,PRS	u,h,u,p,a,m,b,u,a
p,a,m,b,u,a,$,V,FIN,IND,SG,2,FUT	u,t,a,p,a,m,b,u,a
p,a,m,b,u,a,$,V,FIN,COND,PL,3,PST	w,a,n,g,a,l,i,p,a,m,b,u,a
p,a,m,b,u,a,$,V,DEF,FIN,IND,PL,1,PRS	t,u,n,a,p,a,m,b,u,a
p,a,m,b,u,a,$,V,PRF,FIN,IND,SG,1,PST	n,i,m,e,p,a,m,b,u,a
p,a,m,b,u,a,$,V,FIN,IND,PL,3,FUT	w,a,t,a,p,a,m,b,u,a
p,a,m,b,u,a,$,V,FIN,IND,SG,3,FUT	a,t,a,p,a,m,b,u,a
p,a,m,b,u,a,$,V,PRF,FIN,IND,SG,3,PST	a,m,e,p,a,m,b,u,a
p,a,m,b,u,a,$,V,DEF,FIN,IND,SG,2,PRS	u,n,a,p,a,m,b,u,a
p,a,m,b,u,a,$,V,DEF,FIN,IND,PL,2,PRS	m,n,a,p,a,m,b,u,a
p,a,m,b,u,a,$,V,INDF,FIN,IND,SG,2,PRS	u,a,p,a,m,b,u,a
p,a,m,b,u,a,$,V,FIN,IND,SG,1,FUT	n,i,t,a,p,a,m,b,u,a
p,a,m,b,u,a,$,V,INDF,FIN,IND,PL,2,PRS	m,a,p,a,m,b,u,a
p,a,m,b,u,a,$,V,DEF,FIN,IND,PL,3,PRS	w,a,n,a,p,a,m,b,u,a
p,a,m,b,u,a,$,V,PRF,FIN,IND,PL,3,PST	w,a,m,e,p,a,m,b,u,a
p,a,m,b,u,a,$,V,INDF,FIN,IND,PL,3,PRS	w,a,a,p,a,m,b,u,a
p,a,m,b,u,a,$,V,FIN,COND,PL,3,PRS	w,a,n,g,e,p,a,m,b,u,a
p,a,m,b,u,a,$,V,FIN,COND,SG,2,PST	u,n,g,a,l,i,p,a,m,b,u,a
p,a,m,b,u,a,$,V,FIN,IND,SG,3,PST	a,l,i,p,a,m,b,u,a
p,a,m,b,u,a,$,V,FIN,COND,SG,3,PRS	a,n,g,e,p,a,m,b,u,a
p,a,m,b,u,a,$,V,FIN,COND,PL,1,PST	t,u,n,g,a,l,i,p,a,m,b,u,a
p,a,m,b,u,a,$,V,HAB,FIN,IND,PL,2,PRS	m,h,u,p,a,m,b,u,a
p,a,m,b,u,a,$,V,FIN,IND,PL,1,PST	t,u,l,i,p,a,m,b,u,a
p,a,m,b,u,a,$,V,FIN,COND,PL,2,PRS	m,n,g,e,p,a,m,b,u,a
p,a,m,b,u,a,$,V,PRF,FIN,IND,PL,2,PST	m,m,e,p,a,m,b,u,a
p,a,m,b,u,a,$,V,FIN,IND,PL,2,FUT	m,t,a,p,a,m,b,u,a
p,a,m,b,u,a,$,V,HAB,FIN,IND,PL,3,PRS	w,a,h,u,p,a,m,b,u,a
p,a,m,b,u,a,$,V,INDF,FIN,IND,PL,1,PRS	t,u,a,p,a,m,b,u,a
p,a,m,b,u,a,$,V,PRF,FIN,IND,SG,2,PST	u,m,e,p,a,m,b,u,a
p,a,m,b,u,a,$,V,HAB,FIN,IND,SG,1,PRS	n,i,h,u,p,a,m,b,u,a
p,a,m,b,u,a,$,V,FIN	k,u,p,a,m,b,u,a
p,a,m,b,u,a,$,V,FIN,COND,SG,1,PRS	n,i,n,g,e,p,a,m,b,u,a
p,a,m,b,u,a,$,V,FIN,COND,PL,2,PST	m,n,g,a,l,i,p,a,m,b,u,a
p,a,m,b,u,a,$,V,FIN,COND,SG,3,PST	a,n,g,a,l,i,p,a,m,b,u,a
p,a,m,b,u,a,$,V,INDF,FIN,IND,SG,3,PRS	a,a,p,a,m,b,u,a
p,a,m,b,u,a,$,V,FIN,IND,SG,2,PST	u,l,i,p,a,m,b,u,a
p,a,m,b,u,a,$,V,FIN,COND,SG,1,PST	n,i,n,g,a,l,i,p,a,m,b,u,a
p,a,m,b,u,a,$,V,FIN,IND,PL,3,PST	w,a,l,i,p,a,m,b,u,a
p,a,m,b,u,a,$,V,FIN,COND,SG,2,PRS	u,n,g,e,p,a,m,b,u,a
p,a,m,b,u,a,$,V,PRF,FIN,IND,PL,1,PST	t,u,m,e,p,a,m,b,u,a
p,a,m,b,u,a,$,V,DEF,FIN,IND,SG,1,PRS	n,i,n,a,p,a,m,b,u,a
p,a,m,b,u,a,$,V,FIN,IND,PL,1,FUT	t,u,t,a,p,a,m,b,u,a
p,a,m,b,u,a,$,V,HAB,FIN,IND,SG,3,PRS	a,h,u,p,a,m,b,u,a
p,a,m,b,u,a,$,V,FIN,IND,PL,2,PST	m,l,i,p,a,m,b,u,a
p,a,m,b,u,a,$,V,INDF,FIN,IND,SG,1,PRS	n,i,a,p,a,m,b,u,a
p,a,m,b,u,a,$,V,DEF,FIN,IND,SG,3,PRS	a,n,a,p,a,m,b,u,a
p,a,m,b,u,a,$,V,FIN,IND,SG,1,PST	n,i,l,i,p,a,m,b,u,a
f,u,a,t,a,$,V,FIN,IND,PL,3,PST	w,a,l,i,f,u,a,t,a
f,u,a,t,a,$,V,PRF,FIN,IND,PL,2,PST	m,m,e,f,u,a,t,a
f,u,a,t,a,$,V,FIN,COND,SG,2,PRS	u,n,g,e,f,u,a,t,a
f,u,a,t,a,$,V,FIN,IND,SG,3,FUT	a,t,a,f,u,a,t,a
f,u,a,t,a,$,V,FIN,COND,SG,3,PST	a,n,g,a,l,i,f,u,a,t,a
f,u,a,t,a,$,V,FIN,IND,PL,1,FUT	t,u,t,a,f,u,a,t,a
f,u,a,t,a,$,V,FIN,IND,SG,1,FUT	n,i,t,a,f,u,a,t,a
f,u,a,t,a,$,V,FIN,IND,SG,2,FUT	u,t,a,f,u,a,t,a
f,u,a,t,a,$,V,FIN,COND,PL,1,PST	t,u,n,g,a,l,i,f,u,a,t,a
f,u,a,t,a,$,V,FIN,COND,PL,2,PRS	m,n,g,e,f,u,a,t,a
f,u,a,t,a,$,V,DEF,FIN,IND,SG,3,PRS	a,n,a,f,u,a,t,a
f,u,a,t,a,$,V,INDF,FIN,IND,PL,3,PRS	w,a,a,f,u,a,t,a
f,u,a,t,a,$,V,INDF,FIN,IND,SG,1,PRS	n,i,a,f,u,a,t,a
f,u,a,t,a,$,V,HAB,FIN,IND,SG,3,PRS	a,h,u,f,u,a,t,a
f,u,a,t,a,$,V,FIN,IND,SG,3,PST	a,l,i,f,u,a,t,a
f,u,a,t,a,$,V,FIN,COND,PL,2,PST	m,n,g,a,l,i,f,u,a,t,a
f,u,a,t,a,$,V,FIN,COND,PL,3,PRS	w,a,n,g,e,f,u,a,t,a
f,u,a,t,a,$,V,INDF,FIN,IND,PL,2,PRS	m,a,f,u,a,t,a
f,u,a,t,a,$,V,FIN,COND,SG,1,PST	n,i,n,g,a,l,i,f,u,a,t,a
f,u,a,t,a,$,V,FIN,IND,SG,2,PST	u,l,i,f,u,a,t,a
f,u,a,t,a,$,V,PRF,FIN,IND,SG,1,PST	n,i,m,e,f,u,a,t,a
f,u,a,t,a,$,V,FIN,COND,PL,3,PST	w,a,n,g,a,l,i,f,u,a,t,a
f,u,a,t,a,$,V,DEF,FIN,IND,PL,2,PRS	m,n,a,f,u,a,t,a
f,u,a,t,a,$,V,PRF,FIN,IND,SG,3,PST	a,m,e,f,u,a,t,a
f,u,a,t,a,$,V,FIN,IND,PL,2,FUT	m,t,a,f,u,a,t,a
f,u,a,t,a,$,V,FIN,COND,SG,2,PST	u,n,g,a,l,i,f,u,a,t,a
f,u,a,t,a,$,V,FIN	k,u,f,u,a,t,a
f,u,a,t,a,$,V,FIN,COND,SG,1,PRS	n,i,n,g,e,f,u,a,t,a
f,u,a,t,a,$,V,FIN,IND,PL,1,PST	t,u,l,i,f,u,a,t,a
f,u,a,t,a,$,V,DEF,FIN,IND,PL,3,PRS	w,a,n,a,f,u,a,t,a
f,u,a,t,a,$,V,DEF,FIN,IND,SG,2,PRS	u,n,a,f,u,a,t,a
f,u,a,t,a,$,V,FIN,COND,PL,1,PRS	t,u,n,g,e,f,u,a,t,a
f,u,a,t,a,$,V,PRF,FIN,IND,SG,2,PST	u,m,e,f,u,a,t,a
f,u,a,t,a,$,V,INDF,FIN,IND,SG,3,PRS	a,a,f,u,a,t,a
f,u,a,t,a,$,V,HAB,FIN,IND,PL,3,PRS	w,a,h,u,f,u,a,t,a
f,u,a,t,a,$,V,HAB,FIN,IND,PL,1,PRS	t,u,h,u,f,u,a,t,a
f,u,a,t,a,$,V,INDF,FIN,IND,PL,1,PRS	t,u,a,f,u,a,t,a
f,u,a,t,a,$,V,HAB,FIN,IND,SG,1,PRS	n,i,h,u,f,u,a,t,a
f,u,a,t,a,$,V,FIN,IND,PL,3,FUT	w,a,t,a,f,u,a,t,a
f,u,a,t,a,$,V,FIN,IND,PL,2,PST	m,l,i,f,u,a,t,a
f,u,a,t,a,$,V,INDF,FIN,IND,SG,2,PRS	u,a,f,u,a,t,a
f,u,a,t,a,$,V,PRF,FIN,IND,PL,1,PST	t,u,m,e,f,u,a,t,a
f,u,a,t,a,$,V,DEF,FIN,IND,PL,1,PRS	t,u,n,a,f,u,a,t,a
f,u,a,t,a,$,V,PRF,FIN,IND,PL,3,PST	w,a,m,e,f,u,a,t,a
f,u,a,t,a,$,V,FIN,IND,SG,1,PST	n,i,l,i,f,u,a,t,a
f,u,a,t,a,$,V,HAB,FIN,IND,SG,2,PRS	u,h,u,f,u,a,t,a
f,u,a,t,a,$,V,FIN,COND,SG,3,PRS	a,n,g,e,f,u,a,t,a
f,u,a,t,a,$,V,HAB,FIN,IND,PL,2,PRS	m,h,u,f,u,a,t,a
f,u,a,t,a,$,V,DEF,FIN,IND,SG,1,PRS	n,i,n,a,f,u,a,t,a
c,h,a,p,i,s,h,a,$,V,INDF,FIN,IND,PL,2,PRS	m,a,c,h,a,p,i,s,h,a
c,h,a,p,i,s,h,a,$,V,DEF,FIN,IND,PL,1,PRS	t,u,n,a,c,h,a,p,i,s,h,a
c,h,a,p,i,s,h,a,$,V,FIN,IND,PL,3,FUT	w,a,t,a,c,h,a,p,i,s,h,a
c,h,a,p,i,s,h,a,$,V,FIN,COND,PL,1,PRS	t,u,n,g,e,c,h,a,p,i,s,h,a
c,h,a,p,i,s,h,a,$,V,PRF,FIN,IND,SG,1,PST	n,i,m,e,c,h,a,p,i,s,h,a
c,h,a,p,i,s,h,a,$,V,FIN	k,u,c,h,a,p,i,s,h,a
c,h,a,p,i,s,h,a,$,V,FIN,IND,SG,2,PST	u,l,i,c,h,a,p,i,s,h,a
c,h,a,p,i,s,h,a,$,V,HAB,FIN,IND,SG,3,PRS	a,h,u,c,h,a,p,i,s,h,a
c,h,a,p,i,s,h,a,$,V,INDF,FIN,IND,SG,3,PRS	a,a,c,h,a,p,i,s,h,a
c,h,a,p,i,s,h,a,$,V,DEF,FIN,IND,PL,3,PRS	w,a,n,a,c,h,a,p,i,s,h,a
c,h,a,p,i,s,h,a,$,V,FIN,IND,SG,3,FUT	a,t,a,c,h,a,p,i,s,h,a
c,h,a,p,i,s,h,a,$,V,FIN,IND,PL,1,PST	t,u,l,i,c,h,a,p,i,s,h,a
c,h,a,p,i,s,h,a,$,V,HAB,FIN,IND,SG,1,PRS	n,i,h,u,c,h,a,p,i,s,h,a
c,h,a,p,i,s,h,a,$,V,FIN,COND,SG,2,PST	u,n,g,a,l,i,c,h,a,p,i,s,h,a
c,h,a,p,i,s,h,a,$,V,FIN,COND,PL,2,PST	m,n,g,a,l,i,c,h,a,p,i,s,h,a
c,h,a,p,i,s,h,a,$,V,FIN,COND,PL,2,PRS	m,n,g,e,c,h,a,p,i,s,h,a
c,h,a,p,i,s,h,a,$,V,FIN,IND,SG,1,FUT	n,i,t,a,c,h,a,p,i,s,h,a
c,h,a,p,i,s,h,a,$,V,PRF,FIN,IND,SG,3,PST	a,m,e,c,h,a,p,i,s,h,a
c,h,a,p,i,s,h,a,$,V,DEF,FIN,IND,SG,1,PRS	n,i,n,a,c,h,a,p,i,s,h,a
c,h,a,p,i,s,h,a,$,V,FIN,COND,SG,3,PRS	a,n,g,e,c,h,a,p,i,s,h,a
c,h,a,p,i,s,h,a,$,V,FIN,COND,SG,1,PRS	n,i,n,g,e,c,h,a,p,i,s,h,a
c,h,a,p,i,s,h,a,$,V,DEF,FIN,IND,SG,3,PRS	a,n,a,c,h,a,p,i,s,h,a
c,h,a,p,i,s,h,a,$,V,FIN,IND,PL,2,FUT	m,t,a,c,h,a,p,i,s,h,a
c,h,a,p,i,s,h,a,$,V,FIN,IND,SG,2,FUT	u,t,a,c,h,a,p,i,s,h,a
c,h,a,p,i,s,h,a,$,V,FIN,COND,PL,3,PRS	w,a,n,g,e,c,h,a,p,i,s,h,a
c,h,a,p,i,s,h,a,$,V,PRF,FIN,IND,PL,1,PST	t,u,m,e,c,h,a,p,i,s,h,a
c,h,a,p,i,s,h,a,$,V,HAB,FIN,IND,PL,3,PRS	w,a,h,u,c,h,a,p,i,s,h,a
c,h,a,p,i,s,h,a,$,V,FIN,IND,SG,3,PST	a,l,i,c,h,a,p,i,s,h,a
c,h,a,p,i,s,h,a,$,V,INDF,FIN,IND,PL,3,PRS	w,a,a,c,h,a,p,i,s,h,a
c,h,a,p,i,s,h,a,$,V,HAB,FIN,IND,PL,2,PRS	m,h,u,c,h,a,p,i,s,h,a
c,h,a,p,i,s,h,a,$,V,FIN,IND,PL,2,PST	m,l,i,c,h,a,p,i,s,h,a
c,h,a,p,i,s,h,a,$,V,INDF,FIN,IND,SG,2,PRS	u,a,c,h,a,p,i,s,h,a
c,h,a,p,i,s,h,a,$,V,PRF,FIN,IND,PL,2,PST	m,m,e,c,h,a,p,i,s,h,a
c,h,a,p,i,s,h,a,$,V,FIN,COND,PL,1,PST	t,u,n,g,a,l,i,c,h,a,p,i,s,h,a
c,h,a,p,i,s,h,a,$,V,DEF,FIN,IND,PL,2,PRS	m,n,a,c,h,a,p,i,s,h,a
c,h,a,p,i,s,h,a,$,V,FIN,IND,PL,3,PST	w,a,l,i,c,h,a,p,i,s,h,a
c,h,a,p,i,s,h,a,$,V,FIN,IND,PL,1,FUT	t,u,t,a,c,h,a,p,i,s,h,a
c,h,a,p,i,s,h,a,$,V,FIN,COND,SG,3,PST	a,n,g,a,l,i,c,h,a,p,i,s,h,a
c,h,a,p,i,s,h,a,$,V,FIN,COND,SG,2,PRS	u,n,g,e,c,h,a,p,i,s,h,a
c,h,a,p,i,s,h,a,$,V,PRF,FIN,IND,SG,2,PST	u,m,e,c,h,a,p,i,s,h,a
c,h,a,p,i,s,h,a,$,V,PRF,FIN,IND,PL,3,PST	w,a,m,e,c,h,a,p,i,s,h,a
c,h,a,p,i,s,h,a,$,V,FIN,COND,SG,1,PST	n,i,n,g,a,l,i,c,h,a,p,i,s,h,a
c,h,a,p,i,s,h,a,$,V,HAB,FIN,IND,SG,2,PRS	u,h,u,c,h,a,p,i,s,h,a
c,h,a,p,i,s,h,a,$,V,INDF,FIN,IND,PL,1,PRS	t,u,a,c,h,a,p,i,s,h,a
c,h,a,p,i,s,h,a,$,V,FIN,IND,SG,1,PST	n,i,l,i,c,h,a,p,i,s,h,a
c,h,a,p,i,s,h,a,$,V,FIN,COND,PL,3,PST	w,a,n,g,a,l,i,c,h,a,p,i,s,h,a
c,h,a,p,i,s,h,a,$,V,DEF,FIN,IND,SG,2,PRS	u,n,a,c,h,a,p,i,s,h,a
c,h,a,p,i,s,h,a,$,V,HAB,FIN,IND,PL,1,PRS	t,u,h,u,c,h,a,p,i,s,h,a
c,h,a,p,i,s,h,a,$,V,INDF,FIN,IND,SG,1,PRS	n,i,a,c,h,a,p,i,s,h,a
t,a,f,u,t,a,$,V,FIN,IND,SG,1,PST	n,i,l,i,t,a,f,u,t,a
t,a,f,u,t,a,$,V,DEF,FIN,IND,PL,1,PRS	t,u,n,a,t,a,f,u,t,a
t,a,f,u,t,a,$,V,FIN,COND,SG,1,PST	n,i,n,g,a,l,i,t,a,f,u,t,a
t,a,f,u,t,a,$,V,FIN,COND,PL,1,PRS	t,u,n,g,e,t,a,f,u,t,a
t,a,f,u,t,a,$,V,FIN,IND,SG,3,PST	a,l,i,t,a,f,u,t,a
t,a,f,u,t,a,$,V,PRF,FIN,IND,PL,1,PST	t,u,m,e,t,a,f,u,t,a
t,a,f,u,t,a,$,V,FIN,COND,PL,2,PRS	m,n,g,e,t,a,f,u,t,a
t,a,f,u,t,a,$,V,FIN,IND,PL,3,PST	w,a,l,i,t,a,f,u,t,a
t,a,f,u,t,a,$,V,INDF,FIN,IND,PL,2,PRS	m,a,t,a,f,u,t,a
t,a,f,u,t,a,$,V,INDF,FIN,IND,PL,1,PRS	t,u,a,t,a,f,u,t,a
t,a,f,u,t,a,$,V,FIN	k,u,t,a,f,u,t,a
t,a,f,u,t,a,$,V,FIN,IND,SG,1,FUT	n,i,t,a,t,a,f,u,t,a
t,a,f,u,t,a,$,V,HAB,FIN,IND,PL,1,PRS	t,u,h,u,t,a,f,u,t,a
t,a,f,u,t,a,$,V,FIN,COND,SG,3,PRS	a,n,g,e,t,a,f,u,t,a
t,a,f,u,t,a,$,V,PRF,FIN,IND,PL,3,PST	w,a,m,e,t,a,f,u,t,a
t,a,f,u,t,a,$,V,HAB,FIN,IND,SG,2,PRS	u,h,u,t,a,f,u,t,a
t,a,f,u,t,a,$,V,FIN,COND,SG,2,PRS	u,n,g,e,t,a,f,u,t,a
t,a,f,u,t,a,$,V,DEF,FIN,IND,PL,2,PRS	m,n,a,t,a,f,u,t,a
t,a,f,u,t,a,$,V,PRF,FIN,IND,SG,2,PST	u,m,e,t,a,f,u,t,a
t,a,f,u,t,a,$,V,DEF,FIN,IND,SG,2,PRS	u,n,a,t,a,f,u,t,a
t,a,f,u,t,a,$,V,HAB,FIN,IND,PL,3,PRS	w,a,h,u,t,a,f,u,t,a
t,a,f,u,t,a,$,V,PRF,FIN,IND,SG,3,PST	a,m,e,t,a,f,u,t,a
t,a,f,u,t,a,$,V,FIN,COND,SG,3,PST	a,n,g,a,l,i,t,a,f,u,t,a
t,a,f,u,t,a,$,V,HAB,FIN,IND,SG,1,PRS	n,i,h,u,t,a,f,u,t,a
t,a,f,u,t,a,$,V,FIN,COND,SG,2,PST	u,n,g,a,l,i,t,a,f,u,t,a
t,a,f,u,t,a,$,V,FIN,IND,PL,2,PST	m,l,i,t,a,f,u,t,a
t,a,f,u,t,a,$,V,DEF,FIN,IND,PL,3,PRS	w,a,n,a,t,a,f,u,t,a
t,a,f,u,t,a,$,V,FIN,IND,SG,2,FUT	u,t,a,t,a,f,u,t,a
t,a,f,u,t,a,$,V,HAB,FIN,IND,SG,3,PRS	a,h,u,t,a,f,u,t,a
t,a,f,u,t,a,$,V,FIN,IND,SG,3,FUT	a,t,a,t,a,f,u,t,a
t,a,f,u,t,a,$,V,DEF,FIN,IND,SG,3,PRS	a,n,a,t,a,f,u,t,a
t,a,f,u,t,a,$,V,FIN,COND,PL,3,PST	w,a,n,g,a,l,i,t,a,f,u,t,a
t,a,f,u,t,a,$,V,INDF,FIN,IND,SG,3,PRS	a,a,t,a,f,u,t,a
t,a,f,u,t,a,$,V,PRF,FIN,IND,SG,1,PST	n,i,m,e,t,a,f,u,t,a
t,a,f,u,t,a,$,V,INDF,FIN,IND,SG,1,PRS	n,i,a,t,a,f,u,t,a
t,a,f,u,t,a,$,V,FIN,COND,SG,1,PRS	n,i,n,g,e,t,a,f,u,t,a
t,a,f,u,t,a,$,V,FIN,IND,PL,2,FUT	m,t,a,t,a,f,u,t,a
t,a,f,u,t,a,$,V,FIN,IND,PL,1,PST	t,u,l,i,t,a,f,u,t,a
t,a,f,u,t,a,$,V,INDF,FIN,IND,PL,3,PRS	w,a,a,t,a,f,u,t,a
t,a,f,u,t,a,$,V,FIN,IND,SG,2,PST	u,l,i,t,a,f,u,t,a
t,a,f,u,t,a,$,V,FIN,IND,PL,3,FUT	w,a,t,a,t,a,f,u,t,a
t,a,f,u,t,a,$,V,HAB,FIN,IND,PL,2,PRS	m,h,u,t,a,f,u,t,a
t,a,f,u,t,a,$,V,FIN,IND,PL,1,FUT	t,u,t,a,t,a,f,u,t,a
t,a,f,u,t,a,$,V,FIN,COND,PL,3,PRS	w,a,n,g,e,t,a,f,u,t,a
t,a,f,u,t,a,$,V,PRF,FIN,IND,PL,2,PST	m,m,e,t,a,f,u,t,a
t,a,f,u,t,a,$,V,FIN,COND,PL,2,PST	m,n,g,a,l,i,t,a,f,u,t,a
t,a,f,u,t,a,$,V,DEF,FIN,IND,SG,1,PRS	n,i,n,a,t,a,f,u,t,a
t,a,f,u,t,a,$,V,INDF,FIN,IND,SG,2,PRS	u,a,t,a,f,u,t,a
t,a,f,u,t,a,$,V,FIN,COND,PL,1,PST	t,u,n,g,a,l,i,t,a,f,u,t,a
t,a,f,u,n,a,$,V,PRF,FIN,IND,PL,3,PST	w,a,m,e,t,a,f,u,n,a
t,a,f,u,n,a,$,V,FIN,IND,SG,1,PST	n,i,l,i,t,a,f,u,n,a
t,a,f,u,n,a,$,V,INDF,FIN,IND,PL,2,PRS	m,a,t,a,f,u,n,a
t,a,f,u,n,a,$,V,DEF,FIN,IND,SG,3,PRS	a,n,a,t,a,f,u,n,a
t,a,f,u,n,a,$,V,FIN,COND,SG,2,PRS	u,n,g,e,t,a,f,u,n,a
t,a,f,u,n,a,$,V,FIN,IND,PL,3,PST	w,a,l,i,t,a,f,u,n,a
t,a,f,u,n,a,$,V,FIN,IND,SG,2,PST	u,l,i,t,a,f,u,n,a
t,a,f,u,n,a,$,V,HAB,FIN,IND,SG,1,PRS	n,i,h,u,t,a,f,u,n,a
t,a,f,u,n,a,$,V,INDF,FIN,IND,SG,1,PRS	n,i,a,t,a,f,u,n,a
t,a,f,u,n,a,$,V,DEF,FIN,IND,PL,2,PRS	m,n,a,t,a,f,u,n,a
t,a,f,u,n,a,$,V,HAB,FIN,IND,SG,2,PRS	u,h,u,t,a,f,u,n,a
t,a,f,u,n,a,$,V,PRF,FIN,IND,SG,1,PST	n,i,m,e,t,a,f,u,n,a
t,a,f,u,n,a,$,V,FIN,IND,PL,1,PST	t,u,l,i,t,a,f,u,n,a
t,a,f,u,n,a,$,V,FIN,COND,PL,3,PST	w,a,n,g,a,l,i,t,a,f,u,n,a
t,a,f,u,n,a,$,V,FIN,COND,SG,3,PRS	a,n,g,e,t,a,f,u,n,a
t,a,f,u,n,a,$,V,HAB,FIN,IND,PL,1,PRS	t,u,h,u,t,a,f,u,n,a
t,a,f,u,n,a,$,V,FIN,IND,SG,2,FUT	u,t,a,t,a,f,u,n,a
t,a,f,u,n,a,$,V,FIN,IND,PL,2,PST	m,l,i,t,a,f,u,n,a
t,a,f,u,n,a,$,V,PRF,FIN,IND,SG,3,PST	a,m,e,t,a,f,u,n,a
t,a,f,u,n,a,$,V,HAB,FIN,IND,PL,2,PRS	m,h,u,t,a,f,u,n,a
t,a,f,u,n,a,$,V,HAB,FIN,IND,SG,3,PRS	a,h,u,t,a,f,u,n,a
t,a,f,u,n,a,$,V,HAB,FIN,IND,PL,3,PRS	w,a,h,u,t,a,f,u,n,a
t,a,f,u,n,a,$,V,DEF,FIN,IND,PL,3,PRS	w,a,n,a,t,a,f,u,n,a
t,a,f,u,n,a,$,V,FIN,IND,SG,3,PST	a,l,i,t,a,f,u,n,a
t,a,f,u,n,a,$,V,FIN	k,u,t,a,f,u,n,a
t,a,f,u,n,a,$,V,FIN,IND,SG,3,FUT	a,t,a,t,a,f,u,n,a
t,a,f,u,n,a,$,V,FIN,COND,PL,3,PRS	w,a,n,g,e,t,a,f,u,n,a
t,a,f,u,n,a,$,V,DEF,FIN,IND,SG,2,PRS	u,n,a,t,a,f,u,n,a
t,a,f,u,n,a,$,V,FIN,COND,PL,2,PST	m,n,g,a,l,i,t,a,f,u,n,a
t,a,f,u,n,a,$,V,FIN,COND,PL,1,PRS	t,u,n,g,e,t,a,f,u,n,a
t,a,f,u,n,a,$,V,INDF,FIN,IND,SG,3,PRS	a,a,t,a,f,u,n,a
t,a,f,u,n,a,$,V,INDF,FIN,IND,PL,1,PRS	t,u,a,t,a,f,u,n,a
t,a,f,u,n,a,$,V,FIN,IND,PL,3,FUT	w,a,t,a,t,a,f,u,n,a
t,a,f,u,n,a,$,V,FIN,COND,SG,1,PRS	n,i,n,g,e,t,a,f,u,n,a
t,a,f,u,n,a,$,V,FIN,IND,PL,1,FUT	t,u,t,a,t,a,f,u,n,a
t,a,f,u,n,a,$,V,FIN,COND,PL,2,PRS	m,n,g,e,t,a,f,u,n,a
t,a,f,u,n,a,$,V,FIN,COND,SG,1,PST	n,i,n,g,a,l,i,t,a,f,u,n,a
t,a,f,u,n,a,$,V,PRF,FIN,IND,SG,2,PST	u,m,e,t,a,f,u,n,a
t,a,f,u,n,a,$,V,PRF,FIN,IND,PL,1,PST	t,u,m,e,t,a,f,u,n,a
t,a,f,u,n,a,$,V,INDF,FIN,IND,PL,3,PRS	w,a,a,t,a,f,u,n,a
t,a,f,u,n,a,$,V,FIN,IND,SG,1,FUT	n,i,t,a,t,a,f,u,n,a
t,a,f,u,n,a,$,V,DEF,FIN,IND,SG,1,PRS	n,i,n,a,t,a,f,u,n,a
t,a,f,u,n,a,$,V,INDF,FIN,IND,SG,2,PRS	u,a,t,a,f,u,n,a
t,a,f,u,n,a,$,V,FIN,IND,PL,2,FUT	m,t,a,t,a,f,u,n,a
t,a,f,u,n,a,$,V,FIN,COND,SG,3,PST	a,n,g,a,l,i,t,a,f,u,n,a
t,a,f,u,n,a,$,V,DEF,FIN,IND,PL,1,PRS	t,u,n,a,t,a,f,u,n,a
t,a,f,u,n,a,$,V,PRF,FIN,IND,PL,2,PST	m,m,e,t,a,f,u,n,a
t,a,f,u,n,a,$,V,FIN,COND,PL,1,PST	t,u,n,g,a,l,i,t,a,f,u,n,a
t,a,f,u,n,a,$,V,FIN,COND,SG,2,PST	u,n,g,a,l,i,t,a,f,u,n,a
k,a,a,$,V,FIN,IND,SG,2,FUT	u,t,a,k,a,a
k,a,a,$,V,INDF,FIN,IND,PL,3,PRS	w,a,a,k,a,a
k,a,a,$,V,FIN,COND,SG,2,PST	u,n,g,a,l,i,k,a,a
k,a,a,$,V,FIN,IND,PL,2,FUT	m,t,a,k,a,a
k,a,a,$,V,FIN,COND,SG,1,PST	n,i,n,g,a,l,i,k,a,a
k,a,a,$,V,FIN,IND,PL,1,PST	t,u,l,i,k,a,a
k,a,a,$,V,FIN,COND,PL,1,PRS	t,u,n,g,e,k,a,a
k,a,a,$,V,FIN,IND,SG,2,PST	u,l,i,k,a,a
k,a,a,$,V,FIN,COND,SG,2,PRS	u,n,g,e,k,a,a
k,a,a,$,V,FIN,IND,PL,1,FUT	t,u,t,a,k,a,a
k,a,a,$,V,FIN,IND,PL,3,FUT	w,a,t,a,k,a,a
k,a,a,$,V,PRF,FIN,IND,SG,2,PST	u,m,e,k,a,a
k,a,a,$,V,DEF,FIN,IND,PL,2,PRS	m,n,a,k,a,a
k,a,a,$,V,HAB,FIN,IND,PL,3,PRS	w,a,h,u,k,a,a
k,a,a,$,V,DEF,FIN,IND,SG,3,PRS	a,n,a,k,a,a
k,a,a,$,V,FIN,IND,PL,3,PST	w,a,l,i,k,a,a
k,a,a,$,V,HAB,FIN,IND,SG,2,PRS	u,h,u,k,a,a
k,a,a,$,V,DEF,FIN,IND,PL,1,PRS	t,u,n,a,k,a,a
k,a,a,$,V,HAB,FIN,IND,PL,1,PRS	t,u,h,u,k,a,a
k,a,a,$,V,PRF,FIN,IND,SG,3,PST	a,m,e,k,a,a
k,a,a,$,V,FIN,COND,SG,1,PRS	n,i,n,g,e,k,a,a
k,a,a,$,V,FIN,COND,SG,3,PRS	a,n,g,e,k,a,a
k,a,a,$,V,PRF,FIN,IND,PL,3,PST	w,a,m,e,k,a,a
k,a,a,$,V,INDF,FIN,IND,SG,3,PRS	a,a,k,a,a
k,a,a,$,V,INDF,FIN,IND,SG,2,PRS	u,a,k,a,a
k,a,a,$,V,HAB,FIN,IND,PL,2,PRS	m,h,u,k,a,a
k,a,a,$,V,FIN,IND,SG,1,PST	n,i,l,i,k,a,a
k,a,a,$,V,INDF,FIN,IND,PL,2,PRS	m,a,k,a,a
k,a,a,$,V,FIN,IND,SG,1,FUT	n,i,t,a,k,a,a
k,a,a,$,V,INDF,FIN,IND,SG,1,PRS	n,i,a,k,a,a
k,a,a,$,V,FIN,IND,SG,3,FUT	a,t,a,k,a,a
k,a,a,$,V,HAB,FIN,IND,SG,3,PRS	a,h,u,k,a,a
k,a,a,$,V,DEF,FIN,IND,SG,2,PRS	u,n,a,k,a,a
k,a,a,$,V,FIN,IND,SG,3,PST	a,l,i,k,a,a
k,a,a,$,V,DEF,FIN,IND,PL,3,PRS	w,a,n,a,k,a,a
k,a,a,$,V,FIN,COND,PL,3,PRS	w,a,n,g,e,k,a,a
k,a,a,$,V,FIN,COND,PL,2,PRS	m,n,g,e,k,a,a
k,a,a,$,V,INDF,FIN,IND,PL,1,PRS	t,u,a,k,a,a
k,a,a,$,V,PRF,FIN,IND,SG,1,PST	n,i,m,e,k,a,a
k,a,a,$,V,FIN,COND,PL,3,PST	w,a,n,g,a,l,i,k,a,a
k,a,a,$,V,DEF,FIN,IND,SG,1,PRS	n,i,n,a,k,a,a
k,a,a,$,V,FIN,COND,SG,3,PST	a,n,g,a,l,i,k,a,a
k,a,a,$,V,HAB,FIN,IND,SG,1,PRS	n,i,h,u,k,a,a
k,a,a,$,V,FIN,COND,PL,2,PST	m,n,g,a,l,i,k,a,a
k,a,a,$,V,FIN,IND,PL,2,PST	m,l,i,k,a,a
k,a,a,$,V,FIN	k,u,k,a,a
k,a,a,$,V,FIN,COND,PL,1,PST	t,u,n,g,a,l,i,k,a,a
k,a,a,$,V,PRF,FIN,IND,PL,1,PST	t,u,m,e,k,a,a
k,a,a,$,V,PRF,FIN,IND,PL,2,PST	m,m,e,k,a,a
k,a,m,a,t,a,$,V,FIN,COND,PL,3,PRS	w,a,n,g,e,k,a,m,a,t,a
k,a,m,a,t,a,$,V,FIN,COND,PL,2,PRS	m,n,g,e,k,a,m,a,t,a
k,a,m,a,t,a,$,V,FIN,COND,PL,1,PST	t,u,n,g,a,l,i,k,a,m,a,t,a
k,a,m,a,t,a,$,V,HAB,FIN,IND,SG,3,PRS	a,h,u,k,a,m,a,t,a
k,a,m,a,t,a,$,V,FIN,IND,PL,3,PST	w,a,l,i,k,a,m,a,t,a
k,a,m,a,t,a,$,V,FIN,COND,PL,3,PST	w,a,n,g,a,l,i,k,a,m,a,t,a
k,a,m,a,t,a,$,V,HAB,FIN,IND,SG,2,PRS	u,h,u,k,a,m,a,t,a
k,a,m,a,t,a,$,V,INDF,FIN,IND,PL,2,PRS	m,a,k,a,m,a,t,a
k,a,m,a,t,a,$,V,FIN,COND,PL,2,PST	m,n,g,a,l,i,k,a,m,a,t,a
k,a,m,a,t,a,$,V,FIN,IND,PL,1,PST	t,u,l,i,k,a,m,a,t,a
k,a,m,a,t,a,$,V,PRF,FIN,IND,PL,3,PST	w,a,m,e,k,a,m,a,t,a
k,a,m,a,t,a,$,V,FIN,IND,SG,3,PST	a,l,i,k,a,m,a,t,a
k,a,m,a,t,a,$,V,FIN,IND,SG,1,FUT	n,i,t,a,k,a,m,a,t,a
k,a,m,a,t,a,$,V,FIN,IND,SG,2,PST	u,l,i,k,a,m,a,t,a
k,a,m,a,t,a,$,V,FIN,IND,SG,3,FUT	a,t,a,k,a,m,a,t,a
k,a,m,a,t,a,$,V,FIN,COND,SG,3,PST	a,n,g,a,l,i,k,a,m,a,t,a
k,a,m,a,t,a,$,V,FIN,IND,SG,1,PST	n,i,l,i,k,a,m,a,t,a
k,a,m,a,t,a,$,V,PRF,FIN,IND,SG,3,PST	a,m,e,k,a,m,a,t,a
k,a,m,a,t,a,$,V,FIN,COND,SG,1,PRS	n,i,n,g,e,k,a,m,a,t,a
k,a,m,a,t,a,$,V,DEF,FIN,IND,SG,3,PRS	a,n,a,k,a,m,a,t,a
k,a,m,a,t,a,$,V,INDF,FIN,IND,SG,2,PRS	u,a,k,a,m,a,t,a
k,a,m,a,t,a,$,V,DEF,FIN,IND,PL,2,PRS	m,n,a,k,a,m,a,t,a
k,a,m,a,t,a,$,V,DEF,FIN,IND,PL,3,PRS	w,a,n,a,k,a,m,a,t,a
k,a,m,a,t,a,$,V,INDF,FIN,IND,PL,3,PRS	w,a,a,k,a,m,a,t,a
k,a,m,a,t,a,$,V,PRF,FIN,IND,PL,2,PST	m,m,e,k,a,m,a,t,a
k,a,m,a,t,a,$,V,INDF,FIN,IND,SG,3,PRS	a,a,k,a,m,a,t,a
k,a,m,a,t,a,$,V,INDF,FIN,IND,PL,1,PRS	t,u,a,k,a,m,a,t,a
k,a,m,a,t,a,$,V,FIN	k,u,k,a,m,a,t,a
k,a,m,a,t,a,$,V,FIN,COND,PL,1,PRS	t,u,n,g,e,k,a,m,a,t,a
k,a,m,a,t,a,$,V,HAB,FIN,IND,PL,3,PRS	w,a,h,u,k,a,m,a,t,a
k,a,m,a,t,a,$,V,HAB,FIN,IND,SG,1,PRS	n,i,h,u,k,a,m,a,t,a
k,a,m,a,t,a,$,V,FIN,IND,PL,1,FUT	t,u,t,a,k,a,m,a,t,a
k,a,m,a,t,a,$,V,FIN,IND,PL,3,FUT	w,a,t,a,k,a,m,a,t,a
k,a,m,a,t,a,$,V,FIN,COND,SG,1,PST	n,i,n,g,a,l,i,k,a,m,a,t,a
k,a,m,a,t,a,$,V,HAB,FIN,IND,PL,2,PRS	m,h,u,k,a,m,a,t,a
k,a,m,a,t,a,$,V,FIN,IND,PL,2,PST	m,l,i,k,a,m,a,t,a
k,a,m,a,t,a,$,V,PRF,FIN,IND,PL,1,PST	t,u,m,e,k,a,m,a,t,a
k,a,m,a,t,a,$,V,DEF,FIN,IND,SG,2,PRS	u,n,a,k,a,m,a,t,a
k,a,m,a,t,a,$,V,FIN,IND,PL,2,FUT	m,t,a,k,a,m,a,t,a
k,a,m,a,t,a,$,V,FIN,IND,SG,2,FUT	u,t,a,k,a,m,a,t,a
k,a,m,a,t,a,$,V,FIN,COND,SG,3,PRS	a,n,g,e,k,a,m,a,t,a
k,a,m,a,t,a,$,V,PRF,FIN,IND,SG,2,PST	u,m,e,k,a,m,a,t,a
k,a,m,a,t,a,$,V,HAB,FIN,IND,PL,1,PRS	t,u,h,u,k,a,m,a,t,a
k,a,m,a,t,a,$,V,PRF,FIN,IND,SG,1,PST	n,i,m,e,k,a,m,a,t,a
k,a,m,a,t,a,$,V,FIN,COND,SG,2,PST	u,n,g,a,l,i,k,a,m,a,t,a
k,a,m,a,t,a,$,V,INDF,FIN,IND,SG,1,PRS	n,i,a,k,a,m,a,t,a
k,a,m,a,t,a,$,V,FIN,COND,SG,2,PRS	u,n,g,e,k,a,m,a,t,a
k,a,m,a,t,a,$,V,DEF,FIN,IND,SG,1,PRS	n,i,n,a,k,a,m,a,t,a
k,a,m,a,t,a,$,V,DEF,FIN,IND,PL,1,PRS	t,u,n,a,k,a,m,a,t,a
s,a,g,a,$,V,FIN,COND,PL,2,PST	m,n,g,a,l,i,s,a,g,a
s,a,g,a,$,V,DEF,FIN,IND,SG,1,PRS	n,i,n,a,s,a,g,a
s,a,g,a,$,V,FIN,IND,SG,3,FUT	a,t,a,s,a,g,a
s,a,g,a,$,V,PRF,FIN,IND,SG,1,PST	n,i,m,e,s,a,g,a
s,a,g,a,$,V,PRF,FIN,IND,SG,3,PST	a,m,e,s,a,g,a
s,a,g,a,$,V,FIN,COND,SG,1,PRS	n,i,n,g,e,s,a,g,a
s,a,g,a,$,V,FIN,COND,SG,2,PST	u,n,g,a,l,i,s,a,g,a
s,a,g,a,$,V,FIN,COND,PL,1,PST	t,u,n,g,a,l,i,s,a,g,a
s,a,g,a,$,V,PRF,FIN,IND,SG,2,PST	u,m,e,s,a,g,a
s,a,g,a,$,V,FIN,IND,PL,3,FUT	w,a,t,a,s,a,g,a
s,a,g,a,$,V,FIN,COND,SG,3,PRS	a,n,g,e,s,a,g,a
s,a,g,a,$,V,FIN,COND,SG,3,PST	a,n,g,a,l,i,s,a,g,a
s,a,g,a,$,V,INDF,FIN,IND,SG,2,PRS	u,a,s,a,g,a
s,a,g,a,$,V,DEF,FIN,IND,PL,2,PRS	m,n,a,s,a,g,a
s,a,g,a,$,V,HAB,FIN,IND,PL,1,PRS	t,u,h,u,s,a,g,a
s,a,g,a,$,V,DEF,FIN,IND,PL,3,PRS	w,a,n,a,s,a,g,a
s,a,g,a,$,V,FIN,IND,SG,3,PST	a,l,i,s,a,g,a
s,a,g,a,$,V,PRF,FIN,IND,PL,2,PST	m,m,e,s,a,g,a
s,a,g,a,$,V,HAB,FIN,IND,SG,1,PRS	n,i,h,u,s,a,g,a
s,a,g,a,$,V,INDF,FIN,IND,PL,3,PRS	w,a,a,s,a,g,a
s,a,g,a,$,V,PRF,FIN,IND,PL,3,PST	w,a,m,e,s,a,g,a
s,a,g,a,$,V,FIN,COND,SG,2,PRS	u,n,g,e,s,a,g,a
s,a,g,a,$,V,FIN	k,u,s,a,g,a
s,a,g,a,$,V,FIN,IND,SG,1,FUT	n,i,t,a,s,a,g,a
s,a,g,a,$,V,FIN,IND,PL,1,FUT	t,u,t,a,s,a,g,a
s,a,g,a,$,V,FIN,IND,SG,1,PST	n,i,l,i,s,a,g,a
s,a,g,a,$,V,FIN,IND,PL,3,PST	w,a,l,i,s,a,g,a
s,a,g,a,$,V,FIN,COND,PL,3,PST	w,a,n,g,a,l,i,s,a,g,a
s,a,g,a,$,V,INDF,FIN,IND,PL,2,PRS	m,a,s,a,g,a
s,a,g,a,$,V,FIN,COND,PL,2,PRS	m,n,g,e,s,a,g,a
s,a,g,a,$,V,FIN,IND,SG,2,PST	u,l,i,s,a,g,a
s,a,g,a,$,V,FIN,COND,PL,3,PRS	w,a,n,g,e,s,a,g,a
s,a,g,a,$,V,FIN,COND,PL,1,PRS	t,u,n,g,e,s,a,g,a
s,a,g,a,$,V,DEF,FIN,IND,SG,2,PRS	u,n,a,s,a,g,a
s,a,g,a,$,V,PRF,FIN,IND,PL,1,PST	t,u,m,e,s,a,g,a
s,a,g,a,$,V,FIN,IND,PL,2,FUT	m,t,a,s,a,g,a
s,a,g,a,$,V,INDF,FIN,IND,SG,3,PRS	a,a,s,a,g,a
s,a,g,a,$,V,FIN,COND,SG,1,PST	n,i,n,g,a,l,i,s,a,g,a
s,a,g,a,$,V,INDF,FIN,IND,PL,1,PRS	t,u,a,s,a,g,a
s,a,g,a,$,V,HAB,FIN,IND,SG,3,PRS	a,h,u,s,a,g,a
s,a,g,a,$,V,FIN,IND,PL,1,PST	t,u,l,i,s,a,g,a
s,a,g,a,$,V,INDF,FIN,IND,SG,1,PRS	n,i,a,s,a,g,a
s,a,g,a,$,V,HAB,FIN,IND,PL,3,PRS	w,a,h,u,s,a,g,a
s,a,g,a,$,V,DEF,FIN,IND,SG,3,PRS	a,n,a,s,a,g,a
s,a,g,a,$,V,HAB,FIN,IND,SG,2,PRS	u,h,u,s,a,g,a
s,a,g,a,$,V,FIN,IND,SG,2,FUT	u,t,a,s,a,g,a
s,a,g,a,$,V,FIN,IND,PL,2,PST	m,l,i,s,a,g,a
s,a,g,a,$,V,DEF,FIN,IND,PL,1,PRS	t,u,n,a,s,a,g,a
s,a,g,a,$,V,HAB,FIN,IND,PL,2,PRS	m,h,u,s,a,g,a
e,l,e,w,a,$,V,FIN,IND,SG,3,FUT	a,t,a,e,l,e,w,a
e,l,e,w,a,$,V,FIN,IND,PL,2,PST	m,l,i,e,l,e,w,a
e,l,e,w,a,$,V,INDF,FIN,IND,SG,1,PRS	n,i,a,e,l,e,w,a
e,l,e,w,a,$,V,INDF,FIN,IND,SG,3,PRS	a,a,e,l,e,w,a
e,l,e,w,a,$,V,PRF,FIN,IND,SG,3,PST	a,m,e,e,l,e,w,a
e,l,e,w,a,$,V,HAB,FIN,IND,SG,2,PRS	u,h,u,e,l,e,w,a
e,l,e,w,a,$,V,INDF,FIN,IND,PL,3,PRS	w,a,a,e,l,e,w,a
e,l,e,w,a,$,V,INDF,FIN,IND,PL,2,PRS	m,a,e,l,e,w,a
e,l,e,w,a,$,V,FIN,IND,PL,1,PST	t,u,l,i,e,l,e,w,a
e,l,e,w,a,$,V,FIN,COND,PL,2,PST	m,n,g,a,l,i,e,l,e,w,a
e,l,e,w,a,$,V,FIN,COND,PL,1,PRS	t,u,n,g,e,e,l,e,w,a
e,l,e,w,a,$,V,FIN,COND,PL,3,PST	w,a,n,g,a,l,i,e,l,e,w,a
e,l,e,w,a,$,V,FIN,IND,PL,3,FUT	w,a,t,a,e,l,e,w,a
e,l,e,w,a,$,V,FIN,COND,SG,3,PRS	a,n,g,e,e,l,e,w,a
e,l,e,w,a,$,V,DEF,FIN,IND,SG,2,PRS	u,n,a,e,l,e,w,a
e,l,e,w,a,$,V,PRF,FIN,IND,PL,2,PST	m,m,e,e,l,e,w,a
e,l,e,w,a,$,V,FIN,IND,SG,3,PST	a,l,i,e,l,e,w,a
e,l,e,w,a,$,V,HAB,FIN,IND,PL,3,PRS	w,a,h,u,e,l,e,w,a
e,l,e,w,a,$,V,HAB,FIN,IND,SG,3,PRS	a,h,u,e,l,e,w,a
e,l,e,w,a,$,V,HAB,FIN,IND,PL,1,PRS	t,u,h,u,e,l,e,w,a
e,l,e,w,a,$,V,FIN,COND,SG,2,PRS	u,n,g,e,e,l,e,w,a
e,l,e,w,a,$,V,DEF,FIN,IND,SG,1,PRS	n,i,n,a,e,l,e,w,a
e,l,e,w,a,$,V,HAB,FIN,IND,SG,1,PRS	n,i,h,u,e,l,e,w,a
e,l,e,w,a,$,V,HAB,FIN,IND,PL,2,PRS	m,h,u,e,l,e,w,a
e,l,e,w,a,$,V,FIN,IND,PL,2,FUT	m,t,a,e,l,e,w,a
e,l,e,w,a,$,V,FIN,IND,SG,1,PST	n,i,l,i,e,l,e,w,a
e,l,e,w,a,$,V,FIN,IND,SG,1,FUT	n,i,t,a,e,l,e,w,a
e,l,e,w,a,$,V,DEF,FIN,IND,SG,3,PRS	a,n,a,e,l,e,w,a
e,l,e,w,a,$,V,PRF,FIN,IND,PL,3,PST	w,a,m,e,e,l,e,w,a
e,l,e,w,a,$,V,FIN,COND,PL,1,PST	t,u,n,g,a,l,i,e,l,e,w,a
e,l,e,w,a,$,V,FIN	k,u,e,l,e,w,a
e,l,e,w,a,$,V,PRF,FIN,IND,SG,1,PST	n,i,m,e,e,l,e,w,a
e,l,e,w,a,$,V,FIN,COND,PL,2,PRS	m,n,g,e,e,l,e,w,a
e,l,e,w,a,$,V,FIN,COND,SG,1,PST	n,i,n,g,a,l,i,e,l,e,w,a
e,l,e,w,a,$,V,FIN,IND,SG,2,PST	u,l,i,e,l,e,w,a
e,l,e,w,a,$,V,FIN,COND,SG,2,PST	u,n,g,a,l,i,e,l,e,w,a
e,l,e,w,a,$,V,PRF,FIN,IND,SG,2,PST	u,m,e,e,l,e,w,a
e,l,e,w,a,$,V,DEF,FIN,IND,PL,1,PRS	t,u,n,a,e,l,e,w,a
e,l,e,w,a,$,V,DEF,FIN,IND,PL,3,PRS	w,a,n,a,e,l,e,w,a
e,l,e,w,a,$,V,FIN,COND,PL,3,PRS	w,a,n,g,e,e,l,e,w,a
e,l,e,w,a,$,V,INDF,FIN,IND,PL,1,PRS	t,u,a,e,l,e,w,a
e,l,e,w,a,$,V,FIN,IND,SG,2,FUT	u,t,a,e,l,e,w,a
e,l,e,w,a,$,V,FIN,IND,PL,3,PST	w,a,l,i,e,l,e,w,a
e,l,e,w,a,$,V,FIN,IND,PL,1,FUT	t,u,t,a,e,l,e,w,a
e,l,e,w,a,$,V,FIN,COND,SG,3,PST	a,n,g,a,l,i,e,l,e,w,a
e,l,e,w,a,$,V,INDF,FIN,IND,SG,2,PRS	u,a,e,l,e,w,a
e,l,e,w,a,$,V,FIN,COND,SG,1,PRS	n,i,n,g,e,e,l,e,w,a
e,l,e,w,a,$,V,PRF,FIN,IND,PL,1,PST	t,u,m,e,e,l,e,w,a
e,l,e,w,a,$,V,DEF,FIN,IND,PL,2,PRS	m,n,a,e,l,e,w,a
p,i,g,a,$,V,PRF,FIN,IND,SG,3,PST	a,m,e,p,i,g,a
p,i,g,a,$,V,FIN,COND,PL,2,PRS	m,n,g,e,p,i,g,a
p,i,g,a,$,V,FIN,IND,PL,3,PST	w,a,l,i,p,i,g,a
p,i,g,a,$,V,HAB,FIN,IND,SG,2,PRS	u,h,u,p,i,g,a
p,i,g,a,$,V,INDF,FIN,IND,PL,1,PRS	t,u,a,p,i,g,a
p,i,g,a,$,V,FIN,COND,PL,3,PST	w,a,n,g,a,l,i,p,i,g,a
p,i,g,a,$,V,FIN,COND,SG,1,PST	n,i,n,g,a,l,i,p,i,g,a
p,i,g,a,$,V,PRF,FIN,IND,SG,2,PST	u,m,e,p,i,g,a
p,i,g,a,$,V,INDF,FIN,IND,SG,1,PRS	n,i,a,p,i,g,a
p,i,g,a,$,V,DEF,FIN,IND,PL,1,PRS	t,u,n,a,p,i,g,a
p,i,g,a,$,V,HAB,FIN,IND,PL,1,PRS	t,u,h,u,p,i,g,a
p,i,g,a,$,V,INDF,FIN,IND,PL,2,PRS	m,a,p,i,g,a
p,i,g,a,$,V,FIN,IND,SG,1,FUT	n,i,t,a,p,i,g,a
p,i,g,a,$,V,FIN,IND,PL,2,FUT	m,t,a,p,i,g,a
p,i,g,a,$,V,FIN,COND,SG,1,PRS	n,i,n,g,e,p,i,g,a
p,i,g,a,$,V,FIN,IND,PL,1,PST	t,u,l,i,p,i,g,a
p,i,g,a,$,V,FIN,IND,PL,3,FUT	w,a,t,a,p,i,g,a
p,i,g,a,$,V,DEF,FIN,IND,SG,2,PRS	u,n,a,p,i,g,a
p,i,g,a,$,V,FIN,COND,SG,3,PRS	a,n,g,e,p,i,g,a
p,i,g,a,$,V,DEF,FIN,IND,SG,3,PRS	a,n,a,p,i,g,a
p,i,g,a,$,V,DEF,FIN,IND,PL,2,PRS	m,n,a,p,i,g,a
p,i,g,a,$,V,INDF,FIN,IND,SG,3,PRS	a,a,p,i,g,a
p,i,g,a,$,V,PRF,FIN,IND,PL,1,PST	t,u,m,e,p,i,g,a
p,i,g,a,$,V,PRF,FIN,IND,PL,3,PST	w,a,m,e,p,i,g,a
p,i,g,a,$,V,INDF,FIN,IND,PL,3,PRS	w,a,a,p,i,g,a
p,i,g,a,$,V,FIN,IND,PL,2,PST	m,l,i,p,i,g,a
p,i,g,a,$,V,FIN,IND,PL,1,FUT	t,u,t,a,p,i,g,a
p,i,g,a,$,V,HAB,FIN,IND,SG,1,PRS	n,i,h,u,p,i,g,a
p,i,g,a,$,V,PRF,FIN,IND,SG,1,PST	n,i,m,e,p,i,g,a
p,i,g,a,$,V,DEF,FIN,IND,SG,1,PRS	n,i,n,a,p,i,g,a
p,i,g,a,$,V,FIN	k,u,p,i,g,a
p,i,g,a,$,V,HAB,FIN,IND,PL,3,PRS	w,a,h,u,p,i,g,a
p,i,g,a,$,V,FIN,IND,SG,1,PST	n,i,l,i,p,i,g,a
p,i,g,a,$,V,FIN,COND,PL,2,PST	m,n,g,a,l,i,p,i,g,a
p,i,g,a,$,V,FIN,IND,SG,3,PST	a,l,i,p,i,g,a
p,i,g,a,$,V,FIN,COND,PL,1,PRS	t,u,n,g,e,p,i,g,a
p,i,g,a,$,V,DEF,FIN,IND,PL,3,PRS	w,a,n,a,p,i,g,a
p,i,g,a,$,V,FIN,COND,SG,2,PRS	u,n,g,e,p,i,g,a
p,i,g,a,$,V,PRF,FIN,IND,PL,2,PST	m,m,e,p,i,g,a
p,i,g,a,$,V,FIN,COND,SG,2,PST	u,n,g,a,l,i,p,i,g,a
p,i,g,a,$,V,FIN,COND,PL,1,PST	t,u,n,g,a,l,i,p,i,g,a
p,i,g,a,$,V,FIN,IND,SG,3,FUT	a,t,a,p,i,g,a
p,i,g,a,$,V,HAB,FIN,IND,SG,3,PRS	a,h,u,p,i,g,a
p,i,g,a,$,V,FIN,COND,PL,3,PRS	w,a,n,g,e,p,i,g,a
p,i,g,a,$,V,FIN,IND,SG,2,PST	u,l,i,p,i,g,a
p,i,g,a,$,V,FIN,COND,SG,3,PST	a,n,g,a,l,i,p,i,g,a
p,i,g,a,$,V,HAB,FIN,IND,PL,2,PRS	m,h,u,p,i,g,a
p,i,g,a,$,V,INDF,FIN,IND,SG,2,PRS	u,a,p,i,g,a
p,i,g,a,$,V,FIN,IND,SG,2,FUT	u,t,a,p,i,g,a
b,o,f,y,a,$,V,INDF,FIN,IND,SG,1,PRS	n,i,a,b,o,f,y,a
b,o,f,y,a,$,V,FIN,IND,PL,2,FUT	m,t,a,b,o,f,y,a
b,o,f,y,a,$,V,DEF,FIN,IND,SG,1,PRS	n,i,n,a,b,o,f,y,a
b,o,f,y,a,$,V,FIN,IND,SG,1,FUT	n,i,t,a,b,o,f,y,a
b,o,f,y,a,$,V,FIN,COND,PL,2,PST	m,n,g,a,l,i,b,o,f,y,a
b,o,f,y,a,$,V,FIN,COND,PL,1,PST	t,u,n,g,a,l,i,b,o,f,y,a
b,o,f,y,a,$,V,FIN,COND,SG,1,PST	n,i,n,g,a,l,i,b,o,f,y,a
b,o,f,y,a,$,V,FIN,COND,SG,2,PST	u,n,g,a,l,i,b,o,f,y,a
b,o,f,y,a,$,V,HAB,FIN,IND,SG,3,PRS	a,h,u,b,o,f,y,a
b,o,f,y,a,$,V,FIN,IND,PL,1,FUT	t,u,t,a,b,o,f,y,a
b,o,f,y,a,$,V,PRF,FIN,IND,SG,1,PST	n,i,m,e,b,o,f,y,a
b,o,f,y,a,$,V,PRF,FIN,IND,SG,3,PST	a,m,e,b,o,f,y,a
b,o,f,y,a,$,V,HAB,FIN,IND,PL,3,PRS	w,a,h,u,b,o,f,y,a
b,o,f,y,a,$,V,INDF,FIN,IND,PL,1,PRS	t,u,a,b,o,f,y,a
b,o,f,y,a,$,V,FIN,IND,SG,2,PST	u,l,i,b,o,f,y,a
b,o,f,y,a,$,V,FIN,IND,SG,3,FUT	a,t,a,b,o,f,y,a
b,o,f,y,a,$,V,FIN,COND,PL,3,PRS	w,a,n,g,e,b,o,f,y,a
b,o,f,y,a,$,V,DEF,FIN,IND,PL,3,PRS	w,a,n,a,b,o,f,y,a
b,o,f,y,a,$,V,INDF,FIN,IND,PL,3,PRS	w,a,a,b,o,f,y,a
b,o,f,y,a,$,V,FIN,IND,SG,2,FUT	u,t,a,b,o,f,y,a
b,o,f,y,a,$,V,DEF,FIN,IND,SG,2,PRS	u,n,a,b,o,f,y,a
b,o,f,y,a,$,V,HAB,FIN,IND,PL,2,PRS	m,h,u,b,o,f,y,a
b,o,f,y,a,$,V,INDF,FIN,IND,PL,2,PRS	m,a,b,o,f,y,a
b,o,f,y,a,$,V,FIN,IND,PL,3,PST	w,a,l,i,b,o,f,y,a
b,o,f,y,a,$,V,PRF,FIN,IND,PL,3,PST	w,a,m,e,b,o,f,y,a
b,o,f,y,a,$,V,FIN,IND,SG,3,PST	a,l,i,b,o,f,y,a
b,o,f,y,a,$,V,FIN,COND,SG,3,PST	a,n,g,a,l,i,b,o,f,y,a
b,o,f,y,a,$,V,FIN,IND,PL,3,FUT	w,a,t,a,b,o,f,y,a
b,o,f,y,a,$,V,FIN,COND,PL,1,PRS	t,u,n,g,e,b,o,f,y,a
b,o,f,y,a,$,V,FIN	k,u,b,o,f,y,a
b,o,f,y,a,$,V,FIN,COND,SG,3,PRS	a,n,g,e,b,o,f,y,a
b,o,f,y,a,$,V,DEF,FIN,IND,SG,3,PRS	a,n,a,b,o,f,y,a
b,o,f,y,a,$,V,INDF,FIN,IND,SG,2,PRS	u,a,b,o,f,y,a
b,o,f,y,a,$,V,HAB,FIN,IND,SG,1,PRS	n,i,h,u,b,o,f,y,a
b,o,f,y,a,$,V,DEF,FIN,IND,PL,1,PRS	t,u,n,a,b,o,f,y,a
b,o,f,y,a,$,V,FIN,COND,PL,3,PST	w,a,n,g,a,l,i,b,o,f,y,a
b,o,f,y,a,$,V,HAB,FIN,IND,PL,1,PRS	t,u,h,u,b,o,f,y,a
b,o,f,y,a,$,V,HAB,FIN,IND,SG,2,PRS	u,h,u,b,o,f,y,a
b,o,f,y,a,$,V,FIN,COND,PL,2,PRS	m,n,g,e,b,o,f,y,a
b,o,f,y,a,$,V,FIN,COND,SG,2,PRS	u,n,g,e,b,o,f,y,a
b,o,f,y,a,$,V,DEF,FIN,IND,PL,2,PRS	m,n,a,b,o,f,y,a
b,o,f,y,a,$,V,FIN,IND,SG,1,PST	n,i,l,i,b,o,f,y,a
b,o,f,y,a,$,V,FIN,IND,PL,1,PST	t,u,l,i,b,o,f,y,a
b,o,f,y,a,$,V,PRF,FIN,IND,PL,1,PST	t,u,m,e,b,o,f,y,a
b,o,f,y,a,$,V,FIN,COND,SG,1,PRS	n,i,n,g,e,b,o,f,y,a
b,o,f,y,a,$,V,PRF,FIN,IND,SG,2,PST	u,m,e,b,o,f,y,a
b,o,f,y,a,$,V,INDF,FIN,IND,SG,3,PRS	a,a,b,o,f,y,a
b,o,f,y,a,$,V,PRF,FIN,IND,PL,2,PST	m,m,e,b,o,f,y,a
b,o,f,y,a,$,V,FIN,IND,PL,2,PST	m,l,i,b,o,f,y,a
m,e,z,a,$,V,DEF,FIN,IND,SG,2,PRS	u,n,a,m,e,z,a
m,e,z,a,$,V,FIN,IND,SG,2,PST	u,l,i,m,e,z,a
m,e,z,a,$,V,INDF,FIN,IND,PL,2,PRS	m,a,m,e,z,a
m,e,z,a,$,V,FIN	k,u,m,e,z,a
m,e,z,a,$,V,PRF,FIN,IND,SG,3,PST	a,m,e,m,e,z,a
m,e,z,a,$,V,PRF,FIN,IND,PL,1,PST	t,u,m,e,m,e,z,a
m,e,z,a,$,V,FIN,IND,SG,1,PST	n,i,l,i,m,e,z,a
m,e,z,a,$,V,FIN,COND,PL,1,PRS	t,u,n,g,e,m,e,z,a
m,e,z,a,$,V,DEF,FIN,IND,PL,3,PRS	w,a,n,a,m,e,z,a
m,e,z,a,$,V,INDF,FIN,IND,PL,1,PRS	t,u,a,m,e,z,a
m,e,z,a,$,V,FIN,IND,SG,3,PST	a,l,i,m,e,z,a
m,e,z,a,$,V,DEF,FIN,IND,PL,1,PRS	t,u,n,a,m,e,z,a
m,e,z,a,$,V,FIN,COND,SG,3,PRS	a,n,g,e,m,e,z,a
m,e,z,a,$,V,INDF,FIN,IND,SG,3,PRS	a,a,m,e,z,a
m,e,z,a,$,V,HAB,FIN,IND,PL,1,PRS	t,u,h,u,m,e,z,a
m,e,z,a,$,V,FIN,COND,SG,3,PST	a,n,g,a,l,i,m,e,z,a
m,e,z,a,$,V,DEF,FIN,IND,SG,3,PRS	a,n,a,m,e,z,a
m,e,z,a,$,V,FIN,IND,PL,3,FUT	w,a,t,a,m,e,z,a
m,e,z,a,$,V,FIN,IND,PL,1,FUT	t,u,t,a,m,e,z,a
m,e,z,a,$,V,FIN,IND,PL,2,PST	m,l,i,m,e,z,a
m,e,z,a,$,V,INDF,FIN,IND,SG,1,PRS	n,i,a,m,e,z,a
m,e,z,a,$,V,FIN,COND,PL,3,PRS	w,a,n,g,e,m,e,z,a
m,e,z,a,$,V,FIN,IND,SG,1,FUT	n,i,t,a,m,e,z,a
m,e,z,a,$,V,FIN,IND,PL,1,PST	t,u,l,i,m,e,z,a
m,e,z,a,$,V,PRF,FIN,IND,PL,3,PST	w,a,m,e,m,e,z,a
m,e,z,a,$,V,PRF,FIN,IND,PL,2,PST	m,m,e,m,e,z,a
m,e,z,a,$,V,FIN,COND,SG,2,PST	u,n,g,a,l,i,m,e,z,a
m,e,z,a,$,V,INDF,FIN,IND,PL,3,PRS	w,a,a,m,e,z,a
m,e,z,a,$,V,FIN,COND,PL,1,PST	t,u,n,g,a,l,i,m,e,z,a
m,e,z,a,$,V,DEF,FIN,IND,SG,1,PRS	n,i,n,a,m,e,z,a
m,e,z,a,$,V,FIN,COND,SG,2,PRS	u,n,g,e,m,e,z,a
m,e,z,a,$,V,FIN,IND,PL,3,PST	w,a,l,i,m,e,z,a
m,e,z,a,$,V,FIN,COND,SG,1,PRS	n,i,n,g,e,m,e,z,a
m,e,z,a,$,V,FIN,COND,PL,2,PRS	m,n,g,e,m,e,z,a
m,e,z,a,$,V,PRF,FIN,IND,SG,2,PST	u,m,e,m,e,z,a
m,e,z,a,$,V,DEF,FIN,IND,PL,2,PRS	m,n,a,m,e,z,a
m,e,z,a,$,V,INDF,FIN,IND,SG,2,PRS	u,a,m,e,z,a
m,e,z,a,$,V,HAB,FIN,IND,SG,2,PRS	u,h,u,m,e,z,a
m,e,z,a,$,V,PRF,FIN,IND,SG,1,PST	n,i,m,e,m,e,z,a
m,e,z,a,$,V,FIN,COND,PL,2,PST	m,n,g,a,l,i,m,e,z,a
m,e,z,a,$,V,HAB,FIN,IND,PL,3,PRS	w,a,h,u,m,e,z,a
m,e,z,a,$,V,FIN,IND,SG,3,FUT	a,t,a,m,e,z,a
m,e,z,a,$,V,HAB,FIN,IND,PL,2,PRS	m,h,u,m,e,z,a
m,e,z,a,$,V,HAB,FIN,IND,SG,3,PRS	a,h,u,m,e,z,a
m,e,z,a,$,V,FIN,IND,PL,2,FUT	m,t,a,m,e,z,a
m,e,z,a,$,V,FIN,COND,SG,1,PST	n,i,n,g,a,l,i,m,e,z,a
m,e,z,a,$,V,FIN,IND,SG,2,FUT	u,t,a,m,e,z,a
m,e,z,a,$,V,HAB,FIN,IND,SG,1,PRS	n,i,h,u,m,e,z,a
m,e,z,a,$,V,FIN,COND,PL,3,PST	w,a,n,g,a,l,i,m,e,z,a
a,n,d,i,k,a,$,V,FIN	k,u,a,n,d,i,k,a
a,n,d,i,k,a,$,V,FIN,IND,PL,3,PST	w,a,l,i,a,n,d,i,k,a
a,n,d,i,k,a,$,V,FIN,IND,SG,2,PST	u,l,i,a,n,d,i,k,a
a,n,d,i,k,a,$,V,DEF,FIN,IND,PL,3,PRS	w,a,n,a,a,n,d,i,k,a
a,n,d,i,k,a,$,V,FIN,COND,PL,3,PRS	w,a,n,g,e,a,n,d,i,k,a
a,n,d,i,k,a,$,V,INDF,FIN,IND,SG,2,PRS	u,a,a,n,d,i,k,a
a,n,d,i,k,a,$,V,DEF,FIN,IND,PL,2,PRS	m,n,a,a,n,d,i,k,a
a,n,d,i,k,a,$,V,PRF,FIN,IND,PL,3,PST	w,a,m,e,a,n,d,i,k,a
a,n,d,i,k,a,$,V,INDF,FIN,IND,PL,3,PRS	w,a,a,a,n,d,i,k,a
a,n,d,i,k,a,$,V,HAB,FIN,IND,PL,1,PRS	t,u,h,u,a,n,d,i,k,a
a,n,d,i,k,a,$,V,FIN,IND,SG,1,FUT	n,i,t,a,a,n,d,i,k,a
a,n,d,i,k,a,$,V,FIN,COND,SG,3,PST	a,n,g,a,l,i,a,n,d,i,k,a
a,n,d,i,k,a,$,V,FIN,COND,PL,3,PST	w,a,n,g,a,l,i,a,n,d,i,k,a
a,n,d,i,k,a,$,V,FIN,IND,PL,1,FUT	t,u,t,a,a,n,d,i,k,a
a,n,d,i,k,a,$,V,PRF,FIN,IND,SG,3,PST	a,m,e,a,n,d,i,k,a
a,n,d,i,k,a,$,V,HAB,FIN,IND,PL,3,PRS	w,a,h,u,a,n,d,i,k,a
a,n,d,i,k,a,$,V,FIN,IND,PL,3,FUT	w,a,t,a,a,n,d,i,k,a
a,n,d,i,k,a,$,V,PRF,FIN,IND,SG,1,PST	n,i,m,e,a,n,d,i,k,a
a,n,d,i,k,a,$,V,DEF,FIN,IND,PL,1,PRS	t,u,n,a,a,n,d,i,k,a
a,n,d,i,k,a,$,V,FIN,COND,SG,1,PST	n,i,n,g,a,l,i,a,n,d,i,k,a
a,n,d,i,k,a,$,V,DEF,FIN,IND,SG,3,PRS	a,n,a,a,n,d,i,k,a
a,n,d,i,k,a,$,V,INDF,FIN,IND,PL,1,PRS	t,u,a,a,n,d,i,k,a
a,n,d,i,k,a,$,V,FIN,COND,PL,2,PRS	m,n,g,e,a,n,d,i,k,a
a,n,d,i,k,a,$,V,HAB,FIN,IND,SG,3,PRS	a,h,u,a,n,d,i,k,a
a,n,d,i,k,a,$,V,FIN,COND,PL,2,PST	m,n,g,a,l,i,a,n,d,i,k,a
a,n,d,i,k,a,$,V,INDF,FIN,IND,PL,2,PRS	m,a,a,n,d,i,k,a
a,n,d,i,k,a,$,V,INDF,FIN,IND,SG,1,PRS	n,i,a,a,n,d,i,k,a
a,n,d,i,k,a,$,V,FIN,COND,PL,1,PRS	t,u,n,g,e,a,n,d,i,k,a
a,n,d,i,k,a,$,V,DEF,FIN,IND,SG,2,PRS	u,n,a,a,n,d,i,k,a
a,n,d,i,k,a,$,V,FIN,IND,SG,3,FUT	a,t,a,a,n,d,i,k,a
a,n,d,i,k,a,$,V,FIN,IND,PL,2,PST	m,l,i,a,n,d,i,k,a
a,n,d,i,k,a,$,V,HAB,FIN,IND,PL,2,PRS	m,h,u,a,n,d,i,k,a
a,n,d,i,k,a,$,V,HAB,FIN,IND,SG,1,PRS	n,i,h,u,a,n,d,i,k,a
a,n,d,i,k,a,$,V,FIN,COND,SG,1,PRS	n,i,n,g,e,a,n,d,i,k,a
a,n,d,i,k,a,$,V,FIN,COND,PL,1,PST	t,u,n,g,a,l,i,a,n,d,i,k,a
a,n,d,i,k,a,$,V,FIN,COND,SG,3,PRS	a,n,g,e,a,n,d,i,k,a
a,n,d,i,k,a,$,V,PRF,FIN,IND,PL,1,PST	t,u,m,e,a,n,d,i,k,a
a,n,d,i,k,a,$,V,DEF,FIN,IND,SG,1,PRS	n,i,n,a,a,n,d,i,k,a
a,n,d,i,k,a,$,V,PRF,FIN,IND,PL,2,PST	m,m,e,a,n,d,i,k,a
a,n,d,i,k,a,$,V,INDF,FIN,IND,SG,3,PRS	a,a,a,n,d,i,k,a
a,n,d,i,k,a,$,V,PRF,FIN,IND,SG,2,PST	u,m,e,a,n,d,i,k,a
a,n,d,i,k,a,$,V,FIN,IND,PL,2,FUT	m,t,a,a,n,d,i,k,a
a,n,d,i,k,a,$,V,FIN,COND,SG,2,PST	u,n,g,a,l,i,a,n,d,i,k,a
a,n,d,i,k,a,$,V,FIN,IND,SG,3,PST	a,l,i,a,n,d,i,k,a
a,n,d,i,k,a,$,V,FIN,COND,SG,2,PRS	u,n,g,e,a,n,d,i,k,a
a,n,d,i,k,a,$,V,FIN,IND,SG,1,PST	n,i,l,i,a,n,d,i,k,a
a,n,d,i,k,a,$,V,FIN,IND,PL,1,PST	t,u,l,i,a,n,d,i,k,a
a,n,d,i,k,a,$,V,FIN,IND,SG,2,FUT	u,t,a,a,n,d,i,k,a
a,n,d,i,k,a,$,V,HAB,FIN,IND,SG,2,PRS	u,h,u,a,n,d,i,k,a
t,e,n,g,e,n,e,z,a,$,V,FIN,IND,SG,1,FUT	n,i,t,a,t,e,n,g,e,n,e,z,a
t,e,n,g,e,n,e,z,a,$,V,FIN,IND,SG,2,FUT	u,t,a,t,e,n,g,e,n,e,z,a
t,e,n,g,e,n,e,z,a,$,V,DEF,FIN,IND,SG,2,PRS	u,n,a,t,e,n,g,e,n,e,z,a
t,e,n,g,e,n,e,z,a,$,V,INDF,FIN,IND,SG,2,PRS	u,a,t,e,n,g,e,n,e,z,a
t,e,n,g,e,n,e,z,a,$,V,FIN,COND,SG,2,PST	u,n,g,a,l,i,t,e,n,g,e,n,e,z,a
t,e,n,g,e,n,e,z,a,$,V,PRF,FIN,IND,SG,3,PST	a,m,e,t,e,n,g,e,n,e,z,a
t,e,n,g,e,n,e,z,a,$,V,FIN,COND,PL,1,PRS	t,u,n,g,e,t,e,n,g,e,n,e,z,a
t,e,n,g,e,n,e,z,a,$,V,PRF,FIN,IND,PL,3,PST	w,a,m,e,t,e,n,g,e,n,e,z,a
t,e,n,g,e,n,e,z,a,$,V,INDF,FIN,IND,SG,3,PRS	a,a,t,e,n,g,e,n,e,z,a
t,e,n,g,e,n,e,z,a,$,V,FIN,IND,SG,3,FUT	a,t,a,t,e,n,g,e,n,e,z,a
t,e,n,g,e,n,e,z,a,$,V,FIN,IND,PL,1,FUT	t,u,t,a,t,e,n,g,e,n,e,z,a
t,e,n,g,e,n,e,z,a,$,V,FIN,IND,PL,3,FUT	w,a,t,a,t,e,n,g,e,n,e,z,a
t,e,n,g,e,n,e,z,a,$,V,FIN,COND,PL,3,PST	w,a,n,g,a,l,i,t,e,n,g,e,n,e,z,a
t,e,n,g,e,n,e,z,a,$,V,PRF,FIN,IND,PL,1,PST	t,u,m,e,t,e,n,g,e,n,e,z,a
t,e,n,g,e,n,e,z,a,$,V,DEF,FIN,IND,SG,1,PRS	n,i,n,a,t,e,n,g,e,n,e,z,a
t,e,n,g,e,n,e,z,a,$,V,INDF,FIN,IND,PL,1,PRS	t,u,a,t,e,n,g,e,n,e,z,a
t,e,n,g,e,n,e,z,a,$,V,FIN,IND,PL,3,PST	w,a,l,i,t,e,n,g,e,n,e,z,a
t,e,n,g,e,n,e,z,a,$,V,FIN,COND,SG,2,PRS	u,n,g,e,t,e,n,g,e,n,e,z,a
t,e,n,g,e,n,e,z,a,$,V,HAB,FIN,IND,PL,1,PRS	t,u,h,u,t,e,n,g,e,n,e,z,a
t,e,n,g,e,n,e,z,a,$,V,FIN	k,u,t,e,n,g,e,n,e,z,a
t,e,n,g,e,n,e,z,a,$,V,FIN,COND,SG,1,PRS	n,i,n,g,e,t,e,n,g,e,n,e,z,a
t,e,n,g,e,n,e,z,a,$,V,FIN,IND,SG,1,PST	n,i,l,i,t,e,n,g,e,n,e,z,a
t,e,n,g,e,n,e,z,a,$,V,FIN,COND,PL,1,PST	t,u,n,g,a,l,i,t,e,n,g,e,n,e,z,a
t,e,n,g,e,n,e,z,a,$,V,INDF,FIN,IND,SG,1,PRS	n,i,a,t,e,n,g,e,n,e,z,a
t,e,n,g,e,n,e,z,a,$,V,FIN,COND,SG,3,PRS	a,n,g,e,t,e,n,g,e,n,e,z,a
t,e,n,g,e,n,e,z,a,$,V,INDF,FIN,IND,PL,2,PRS	m,a,t,e,n,g,e,n,e,z,a
t,e,n,g,e,n,e,z,a,$,V,FIN,COND,SG,3,PST	a,n,g,a,l,i,t,e,n,g,e,n,e,z,a
t,e,n,g,e,n,e,z,a,$,V,FIN,COND,SG,1,PST	n,i,n,g,a,l,i,t,e,n,g,e,n,e,z,a
t,e,n,g,e,n,e,z,a,$,V,FIN,COND,PL,2,PRS	m,n,g,e,t,e,n,g,e,n,e,z,a
t,e,n,g,e,n,e,z,a,$,V,FIN,IND,PL,2,FUT	m,t,a,t,e,n,g,e,n,e,z,a
t,e,n,g,e,n,e,z,a,$,V,PRF,FIN,IND,PL,2,PST	m,m,e,t,e,n,g,e,n,e,z,a
t,e,n,g,e,n,e,z,a,$,V,HAB,FIN,IND,PL,3,PRS	w,a,h,u,t,e,n,g,e,n,e,z,a
t,e,n,g,e,n,e,z,a,$,V,DEF,FIN,IND,SG,3,PRS	a,n,a,t,e,n,g,e,n,e,z,a
t,e,n,g,e,n,e,z,a,$,V,FIN,IND,PL,2,PST	m,l,i,t,e,n,g,e,n,e,z,a
t,e,n,g,e,n,e,z,a,$,V,FIN,COND,PL,2,PST	m,n,g,a,l,i,t,e,n,g,e,n,e,z,a
t,e,n,g,e,n,e,z,a,$,V,FIN,IND,PL,1,PST	t,u,l,i,t,e,n,g,e,n,e,z,a
t,e,n,g,e,n,e,z,a,$,V,DEF,FIN,IND,PL,3,PRS	w,a,n,a,t,e,n,g,e,n,e,z,a
t,e,n,g,e,n,e,z,a,$,V,INDF,FIN,IND,PL,3,PRS	w,a,a,t,e,n,g,e,n,e,z,a
t,e,n,g,e,n,e,z,a,$,V,FIN,COND,PL,3,PRS	w,a,n,g,e,t,e,n,g,e,n,e,z,a
t,e,n,g,e,n,e,z,a,$,V,HAB,FIN,IND,SG,1,PRS	n,i,h,u,t,e,n,g,e,n,e,z,a
t,e,n,g,e,n,e,z,a,$,V,FIN,IND,SG,2,PST	u,l,i,t,e,n,g,e,n,e,z,a
t,e,n,g,e,n,e,z,a,$,V,DEF,FIN,IND,PL,1,PRS	t,u,n,a,t,e,n,g,e,n,e,z,a
t,e,n,g,e,n,e,z,a,$,V,PRF,FIN,IND,SG,2,PST	u,m,e,t,e,n,g,e,n,e,z,a
t,e,n,g,e,n,e,z,a,$,V,DEF,FIN,IND,PL,2,PRS	m,n,a,t,e,n,g,e,n,e,z,a
t,e,n,g,e,n,e,z,a,$,V,HAB,FIN,IND,PL,2,PRS	m,h,u,t,e,n,g,e,n,e,z,a
t,e,n,g,e,n,e,z,a,$,V,FIN,IND,SG,3,PST	a,l,i,t,e,n,g,e,n,e,z,a
t,e,n,g,e,n,e,z,a,$,V,HAB,FIN,IND,SG,2,PRS	u,h,u,t,e,n,g,e,n,e,z,a
t,e,n,g,e,n,e,z,a,$,V,PRF,FIN,IND,SG,1,PST	n,i,m,e,t,e,n,g,e,n,e,z,a
t,e,n,g,e,n,e,z,a,$,V,HAB,FIN,IND,SG,3,PRS	a,h,u,t,e,n,g,e,n,e,z,a
n,u,n,u,a,$,V,PRF,FIN,IND,PL,3,PST	w,a,m,e,n,u,n,u,a
n,u,n,u,a,$,V,FIN,COND,PL,2,PRS	m,n,g,e,n,u,n,u,a
n,u,n,u,a,$,V,FIN,COND,PL,3,PRS	w,a,n,g,e,n,u,n,u,a
n,u,n,u,a,$,V,FIN,COND,SG,2,PRS	u,n,g,e,n,u,n,u,a
n,u,n,u,a,$,V,PRF,FIN,IND,PL,1,PST	t,u,m,e,n,u,n,u,a
n,u,n,u,a,$,V,FIN,COND,PL,1,PRS	t,u,n,g,e,n,u,n,u,a
n,u,n,u,a,$,V,HAB,FIN,IND,SG,2,PRS	u,h,u,n,u,n,u,a
n,u,n,u,a,$,V,DEF,FIN,IND,PL,3,PRS	w,a,n,a,n,u,n,u,a
n,u,n,u,a,$,V,FIN,IND,SG,1,FUT	n,i,t,a,n,u,n,u,a
n,u,n,u,a,$,V,PRF,FIN,IND,SG,3,PST	a,m,e,n,u,n,u,a
n,u,n,u,a,$,V,HAB,FIN,IND,SG,3,PRS	a,h,u,n,u,n,u,a
n,u,n,u,a,$,V,FIN,IND,PL,2,FUT	m,t,a,n,u,n,u,a
n,u,n,u,a,$,V,DEF,FIN,IND,PL,1,PRS	t,u,n,a,n,u,n,u,a
n,u,n,u,a,$,V,FIN,COND,PL,1,PST	t,u,n,g,a,l,i,n,u,n,u,a
n,u,n,u,a,$,V,FIN,IND,SG,2,PST	u,l,i,n,u,n,u,a
n,u,n,u,a,$,V,FIN,IND,SG,2,FUT	u,t,a,n,u,n,u,a
n,u,n,u,a,$,V,FIN,COND,SG,1,PRS	n,i,n,g,e,n,u,n,u,a
n,u,n,u,a,$,V,FIN,IND,SG,3,PST	a,l,i,n,u,n,u,a
n,u,n,u,a,$,V,FIN,IND,PL,1,FUT	t,u,t,a,n,u,n,u,a
n,u,n,u,a,$,V,FIN,IND,PL,3,PST	w,a,l,i,n,u,n,u,a
n,u,n,u,a,$,V,INDF,FIN,IND,PL,1,PRS	t,u,a,n,u,n,u,a
n,u,n,u,a,$,V,HAB,FIN,IND,PL,3,PRS	w,a,h,u,n,u,n,u,a
n,u,n,u,a,$,V,HAB,FIN,IND,SG,1,PRS	n,i,h,u,n,u,n,u,a
n,u,n,u,a,$,V,FIN,IND,PL,2,PST	m,l,i,n,u,n,u,a
n,u,n,u,a,$,V,FIN,COND,PL,3,PST	w,a,n,g,a,l,i,n,u,n,u,a
n,u,n,u,a,$,V,FIN	k,u,n,u,n,u,a
n,u,n,u,a,$,V,FIN,COND,SG,3,PRS	a,n,g,e,n,u,n,u,a
n,u,n,u,a,$,V,FIN,IND,PL,1,PST	t,u,l,i,n,u,n,u,a
n,u,n,u,a,$,V,INDF,FIN,IND,PL,2,PRS	m,a,n,u,n,u,a
n,u,n,u,a,$,V,DEF,FIN,IND,SG,2,PRS	u,n,a,n,u,n,u,a
n,u,n,u,a,$,V,INDF,FIN,IND,PL,3,PRS	w,a,a,n,u,n,u,a
n,u,n,u,a,$,V,FIN,IND,SG,3,FUT	a,t,a,n,u,n,u,a
n,u,n,u,a,$,V,FIN,IND,SG,1,PST	n,i,l,i,n,u,n,u,a
n,u,n,u,a,$,V,FIN,COND,PL,2,PST	m,n,g,a,l,i,n,u,n,u,a
n,u,n,u,a,$,V,HAB,FIN,IND,PL,1,PRS	t,u,h,u,n,u,n,u,a
n,u,n,u,a,$,V,DEF,FIN,IND,SG,3,PRS	a,n,a,n,u,n,u,a
n,u,n,u,a,$,V,FIN,COND,SG,2,PST	u,n,g,a,l,i,n,u,n,u,a
n,u,n,u,a,$,V,INDF,FIN,IND,SG,1,PRS	n,i,a,n,u,n,u,a
n,u,n,u,a,$,V,FIN,COND,SG,3,PST	a,n,g,a,l,i,n,u,n,u,a
n,u,n,u,a,$,V,DEF,FIN,IND,SG,1,PRS	n,i,n,a,n,u,n,u,a
n,u,n,u,a,$,V,PRF,FIN,IND,PL,2,PST	m,m,e,n,u,n,u,a
n,u,n,u,a,$,V,DEF,FIN,IND,PL,2,PRS	m,n,a,n,u,n,u,a
n,u,n,u,a,$,V,PRF,FIN,IND,SG,1,PST	n,i,m,e,n,u,n,u,a
n,u,n,u,a,$,V,FIN,COND,SG,1,PST	n,i,n,g,a,l,i,n,u,n,u,a
n,u,n,u,a,$,V,INDF,FIN,IND,SG,2,PRS	u,a,n,u,n,u,a
n,u,n,u,a,$,V,FIN,IND,PL,3,FUT	w,a,t,a,n,u,n,u,a
n,u,n,u,a,$,V,PRF,FIN,IND,SG,2,PST	u,m,e,n,u,n,u,a
n,u,n,u,a,$,V,HAB,FIN,IND,PL,2,PRS	m,h,u,n,u,n,u,a
n,u,n,u,a,$,V,INDF,FIN,IND,SG,3,PRS	a,a,n,u,n,u,a
p,a,n,g,u,z,a,$,V,DEF,FIN,IND,SG,3,PRS	a,n,a,p,a,n,g,u,z,a
p,a,n,g,u,z,a,$,V,DEF,FIN,IND,PL,2,PRS	m,n,a,p,a,n,g,u,z,a
p,a,n,g,u,z,a,$,V,FIN,IND,SG,1,FUT	n,i,t,a,p,a,n,g,u,z,a
p,a,n,g,u,z,a,$,V,INDF,FIN,IND,SG,3,PRS	a,a,p,a,n,g,u,z,a
p,a,n,g,u,z,a,$,V,FIN,COND,SG,3,PST	a,n,g,a,l,i,p,a,n,g,u,z,a
p,a,n,g,u,z,a,$,V,HAB,FIN,IND,SG,1,PRS	n,i,h,u,p,a,n,g,u,z,a
p,a,n,g,u,z,a,$,V,FIN,IND,PL,3,FUT	w,a,t,a,p,a,n,g,u,z,a
p,a,n,g,u,z,a,$,V,INDF,FIN,IND,SG,2,PRS	u,a,p,a,n,g,u,z,a
p,a,n,g,u,z,a,$,V,HAB,FIN,IND,SG,3,PRS	a,h,u,p,a,n,g,u,z,a
p,a,n,g,u,z,a,$,V,FIN,COND,PL,2,PST	m,n,g,a,l,i,p,a,n,g,u,z,a
p,a,n,g,u,z,a,$,V,HAB,FIN,IND,PL,1,PRS	t,u,h,u,p,a,n,g,u,z,a
p,a,n,g,u,z,a,$,V,FIN,IND,SG,3,PST	a,l,i,p,a,n,g,u,z,a
p,a,n,g,u,z,a,$,V,HAB,FIN,IND,PL,2,PRS	m,h,u,p,a,n,g,u,z,a
p,a,n,g,u,z,a,$,V,FIN,IND,SG,2,PST	u,l,i,p,a,n,g,u,z,a
p,a,n,g,u,z,a,$,V,FIN,IND,PL,3,PST	w,a,l,i,p,a,n,g,u,z,a
p,a,n,g,u,z,a,$,V,INDF,FIN,IND,PL,1,PRS	t,u,a,p,a,n,g,u,z,a
p,a,n,g,u,z,a,$,V,FIN,IND,SG,2,FUT	u,t,a,p,a,n,g,u,z,a
p,a,n,g,u,z,a,$,V,PRF,FIN,IND,SG,2,PST	u,m,e,p,a,n,g,u,z,a
p,a,n,g,u,z,a,$,V,FIN,COND,PL,2,PRS	m,n,g,e,p,a,n,g,u,z,a
p,a,n,g,u,z,a,$,V,INDF,FIN,IND,PL,2,PRS	m,a,p,a,n,g,u,z,a
p,a,n,g,u,z,a,$,V,FIN	k,u,p,a,n,g,u,z,a
p,a,n,g,u,z,a,$,V,FIN,COND,SG,2,PRS	u,n,g,e,p,a,n,g,u,z,a
p,a,n,g,u,z,a,$,V,PRF,FIN,IND,PL,3,PST	w,a,m,e,p,a,n,g,u,z,a
p,a,n,g,u,z,a,$,V,PRF,FIN,IND,SG,3,PST	a,m,e,p,a,n,g,u,z,a
p,a,n,g,u,z,a,$,V,FIN,COND,SG,1,PRS	n,i,n,g,e,p,a,n,g,u,z,a
p,a,n,g,u,z,a,$,V,PRF,FIN,IND,PL,2,PST	m,m,e,p,a,n,g,u,z,a
p,a,n,g,u,z,a,$,V,FIN,COND,SG,1,PST	n,i,n,g,a,l,i,p,a,n,g,u,z,a
p,a,n,g,u,z,a,$,V,FIN,IND,PL,1,PST	t,u,l,i,p,a,n,g,u,z,a
p,a,n,g,u,z,a,$,V,FIN,COND,SG,3,PRS	a,n,g,e,p,a,n,g,u,z,a
p,a,n,g,u,z,a,$,V,FIN,IND,PL,2,FUT	m,t,a,p,a,n,g,u,z,a
p,a,n,g,u,z,a,$,V,HAB,FIN,IND,SG,2,PRS	u,h,u,p,a,n,g,u,z,a
p,a,n,g,u,z,a,$,V,FIN,IND,PL,2,PST	m,l,i,p,a,n,g,u,z,a
p,a,n,g,u,z,a,$,V,FIN,COND,PL,1,PST	t,u,n,g,a,l,i,p,a,n,g,u,z,a
p,a,n,g,u,z,a,$,V,DEF,FIN,IND,PL,3,PRS	w,a,n,a,p,a,n,g,u,z,a
p,a,n,g,u,z,a,$,V,INDF,FIN,IND,PL,3,PRS	w,a,a,p,a,n,g,u,z,a
p,a,n,g,u,z,a,$,V,FIN,COND,PL,3,PRS	w,a,n,g,e,p,a,n,g,u,z,a
p,a,n,g,u,z,a,$,V,FIN,IND,SG,1,PST	n,i,l,i,p,a,n,g,u,z,a
p,a,n,g,u,z,a,$,V,PRF,FIN,IND,SG,1,PST	n,i,m,e,p,a,n,g,u,z,a
p,a,n,g,u,z,a,$,V,PRF,FIN,IND,PL,1,PST	t,u,m,e,p,a,n,g,u,z,a
p,a,n,g,u,z,a,$,V,INDF,FIN,IND,SG,1,PRS	n,i,a,p,a,n,g,u,z,a
p,a,n,g,u,z,a,$,V,FIN,COND,SG,2,PST	u,n,g,a,l,i,p,a,n,g,u,z,a
p,a,n,g,u,z,a,$,V,DEF,FIN,IND,PL,1,PRS	t,u,n,a,p,a,n,g,u,z,a
p,a,n,g,u,z,a,$,V,HAB,FIN,IND,PL,3,PRS	w,a,h,u,p,a,n,g,u,z,a
p,a,n,g,u,z,a,$,V,DEF,FIN,IND,SG,1,PRS	n,i,n,a,p,a,n,g,u,z,a
p,a,n,g,u,z,a,$,V,DEF,FIN,IND,SG,2,PRS	u,n,a,p,a,n,g,u,z,a
p,a,n,g,u,z,a,$,V,FIN,IND,SG,3,FUT	a,t,a,p,a,n,g,u,z,a
p,a,n,g,u,z,a,$,V,FIN,COND,PL,1,PRS	t,u,n,g,e,p,a,n,g,u,z,a
p,a,n,g,u,z,a,$,V,FIN,IND,PL,1,FUT	t,u,t,a,p,a,n,g,u,z,a
p,a,n,g,u,z,a,$,V,FIN,COND,PL,3,PST	w,a,n,g,a,l,i,p,a,n,g,u,z,a
c,h,a,n,g,a,n,y,a,$,V,FIN,IND,PL,3,PST	w,a,l,i,c,h,a,n,g,a,n,y,a
c,h,a,n,g,a,n,y,a,$,V,DEF,FIN,IND,PL,2,PRS	m,n,a,c,h,a,n,g,a,n,y,a
c,h,a,n,g,a,n,y,a,$,V,DEF,FIN,IND,SG,3,PRS	a,n,a,c,h,a,n,g,a,n,y,a
c,h,a,n,g,a,n,y,a,$,V,FIN,COND,PL,3,PRS	w,a,n,g,e,c,h,a,n,g,a,n,y,a
c,h,a,n,g,a,n,y,a,$,V,HAB,FIN,IND,SG,2,PRS	u,h,u,c,h,a,n,g,a,n,y,a
c,h,a,n,g,a,n,y,a,$,V,FIN,COND,PL,1,PRS	t,u,n,g,e,c,h,a,n,g,a,n,y,a
c,h,a,n,g,a,n,y,a,$,V,INDF,FIN,IND,PL,3,PRS	w,a,a,c,h,a,n,g,a,n,y,a
c,h,a,n,g,a,n,y,a,$,V,PRF,FIN,IND,PL,3,PST	w,a,m,e,c,h,a,n,g,a,n,y,a
c,h,a,n,g,a,n,y,a,$,V,INDF,FIN,IND,PL,1,PRS	t,u,a,c,h,a,n,g,a,n,y,a
c,h,a,n,g,a,n,y,a,$,V,FIN,COND,SG,1,PST	n,i,n,g,a,l,i,c,h,a,n,g,a,n,y,a
c,h,a,n,g,a,n,y,a,$,V,DEF,FIN,IND,PL,3,PRS	w,a,n,a,c,h,a,n,g,a,n,y,a
c,h,a,n,g,a,n,y,a,$,V,DEF,FIN,IND,SG,1,PRS	n,i,n,a,c,h,a,n,g,a,n,y,a
c,h,a,n,g,a,n,y,a,$,V,FIN,COND,PL,3,PST	w,a,n,g,a,l,i,c,h,a,n,g,a,n,y,a
c,h,a,n,g,a,n,y,a,$,V,INDF,FIN,IND,SG,2,PRS	u,a,c,h,a,n,g,a,n,y,a
c,h,a,n,g,a,n,y,a,$,V,PRF,FIN,IND,SG,1,PST	n,i,m,e,c,h,a,n,g,a,n,y,a
c,h,a,n,g,a,n,y,a,$,V,FIN,IND,PL,1,FUT	t,u,t,a,c,h,a,n,g,a,n,y,a
c,h,a,n,g,a,n,y,a,$,V,PRF,FIN,IND,SG,3,PST	a,m,e,c,h,a,n,g,a,n,y,a
c,h,a,n,g,a,n,y,a,$,V,FIN,COND,PL,2,PRS	m,n,g,e,c,h,a,n,g,a,n,y,a
c,h,a,n,g,a,n,y,a,$,V,DEF,FIN,IND,PL,1,PRS	t,u,n,a,c,h,a,n,g,a,n,y,a
c,h,a,n,g,a,n,y,a,$,V,PRF,FIN,IND,SG,2,PST	u,m,e,c,h,a,n,g,a,n,y,a
c,h,a,n,g,a,n,y,a,$,V,FIN,IND,SG,2,FUT	u,t,a,c,h,a,n,g,a,n,y,a
c,h,a,n,g,a,n,y,a,$,V,FIN,IND,SG,1,FUT	n,i,t,a,c,h,a,n,g,a,n,y,a
c,h,a,n,g,a,n,y,a,$,V,FIN,COND,SG,2,PRS	u,n,g,e,c,h,a,n,g,a,n,y,a
c,h,a,n,g,a,n,y,a,$,V,FIN,IND,SG,2,PST	u,l,i,c,h,a,n,g,a,n,y,a
c,h,a,n,g,a,n,y,a,$,V,FIN,IND,PL,1,PST	t,u,l,i,c,h,a,n,g,a,n,y,a
c,h,a,n,g,a,n,y,a,$,V,FIN,IND,SG,3,FUT	a,t,a,c,h,a,n,g,a,n,y,a
c,h,a,n,g,a,n,y,a,$,V,DEF,FIN,IND,SG,2,PRS	u,n,a,c,h,a,n,g,a,n,y,a
c,h,a,n,g,a,n,y,a,$,V,PRF,FIN,IND,PL,1,PST	t,u,m,e,c,h,a,n,g,a,n,y,a
c,h,a,n,g,a,n,y,a,$,V,HAB,FIN,IND,PL,3,PRS	w,a,h,u,c,h,a,n,g,a,n,y,a
c,h,a,n,g,a,n,y,a,$,V,FIN,COND,PL,2,PST	m,n,g,a,l,i,c,h,a,n,g,a,n,y,a
c,h,a,n,g,a,n,y,a,$,V,FIN,COND,SG,1,PRS	n,i,n,g,e,c,h,a,n,g,a,n,y,a
c,h,a,n,g,a,n,y,a,$,V,HAB,FIN,IND,SG,1,PRS	n,i,h,u,c,h,a,n,g,a,n,y,a
c,h,a,n,g,a,n,y,a,$,V,INDF,FIN,IND,PL,2,PRS	m,a,c,h,a,n,g,a,n,y,a
c,h,a,n,g,a,n,y,a,$,V,HAB,FIN,IND,PL,1,PRS	t,u,h,u,c,h,a,n,g,a,n,y,a
c,h,a,n,g,a,n,y,a,$,V,FIN,IND,PL,2,PST	m,l,i,c,h,a,n,g,a,n,y,a
c,h,a,n,g,a,n,y,a,$,V,HAB,FIN,IND,PL,2,PRS	m,h,u,c,h,a,n,g,a,n,y,a
c,h,a,n,g,a,n,y,a,$,V,PRF,FIN,IND,PL,2,PST	m,m,e,c,h,a,n,g,a,n,y,a
c,h,a,n,g,a,n,y,a,$,V,FIN,COND,PL,1,PST	t,u,n,g,a,l,i,c,h,a,n,g,a,n,y,a
c,h,a,n,g,a,n,y,a,$,V,FIN,COND,SG,3,PST	a,n,g,a,l,i,c,h,a,n,g,a,n,y,a
c,h,a,n,g,a,n,y,a,$,V,HAB,FIN,IND,SG,3,PRS	a,h,u,c,h,a,n,g,a,n,y,a
c,h,a,n,g,a,n,y,a,$,V,FIN,COND,SG,3,PRS	a,n,g,e,c,h,a,n,g,a,n,y,a
c,h,a,n,g,a,n,y,a,$,V,FIN,IND,PL,2,FUT	m,t,a,c,h,a,n,g,a,n,y,a
c,h,a,n,g,a,n,y,a,$,V,FIN,IND,SG,3,PST	a,l,i,c,h,a,n,g,a,n,y,a
c,h,a,n,g,a,n,y,a,$,V,FIN	k,u,c,h,a,n,g,a,n,y,a
c,h,a,n,g,a,n,y,a,$,V,FIN,IND,PL,3,FUT	w,a,t,a,c,h,a,n,g,a,n,y,a
c,h,a,n,g,a,n,y,a,$,V,INDF,FIN,IND,SG,3,PRS	a,a,c,h,a,n,g,a,n,y,a
c,h,a,n,g,a,n,y,a,$,V,INDF,FIN,IND,SG,1,PRS	n,i,a,c,h,a,n,g,a,n,y,a
c,h,a,n,g,a,n,y,a,$,V,FIN,IND,SG,1,PST	n,i,l,i,c,h,a,n,g,a,n,y,a
c,h,a,n,g,a,n,y,a,$,V,FIN,COND,SG,2,PST	u,n,g,a,l,i,c,h,a,n,g,a,n,y,a