s,u,k,l,a,y,$,V,IPFV,PFOC	s,i,n,u,s,u,k,l,a,y
s,u,k,l,a,y,$,V,PFV,PFOC	s,i,n,u,k,l,a,y
s,u,k,l,a,y,$,V,IPFV,AGFOC	n,a,g,s,u,s,u,k,l,a,y
s,u,k,l,a,y,$,V,PFOC,LGSPEC1	s,u,s,u,k,l,a,y,i,n
s,u,k,l,a,y,$,V,NFIN	s,u,k,l,a,y
s,u,k,l,a,y,$,V,PFV,AGFOC	n,a,g,s,u,k,l,a,y
s,u,k,l,a,y,$,V,AGFOC,LGSPEC1	m,a,g,s,u,s,u,k,l,a,y
h,i,w,a,',$,V,IPFV,PFOC	h,i,n,i,h,i,w,a,'
h,i,w,a,',$,V,AGFOC,LGSPEC1	m,a,g,h,i,h,i,w,a,'
h,i,w,a,',$,V,PFV,AGFOC	n,a,g,h,i,w,a,'
h,i,w,a,',$,V,IPFV,AGFOC	n,a,g,h,i,h,i,w,a,'
h,i,w,a,',$,V,PFV,PFOC	h,i,n,i,w,a,'
h,i,w,a,',$,V,NFIN	h,i,w,a,'
h,i,w,a,',$,V,PFOC,LGSPEC1	h,i,h,i,w,a,i,n,'
t,a,a,s,$,V,PFV,AGFOC	n,a,g,t,a,a,s
t,a,a,s,$,V,IPFV,PFOC	i,t,i,n,a,t,a,a,s
t,a,a,s,$,V,NFIN	t,a,a,s
t,a,a,s,$,V,PFOC,LGSPEC1	i,t,a,t,a,a,s
t,a,a,s,$,V,AGFOC,LGSPEC1	m,a,g,t,a,t,a,a,s
t,a,a,s,$,V,PFV,PFOC	i,t,i,n,a,a,s
t,a,a,s,$,V,IPFV,AGFOC	n,a,g,t,a,t,a,a,s
k,u,h,a,',$,V,AGFOC,LGSPEC1	k,u,k,u,h,a,'
k,u,h,a,',$,V,IPFV,PFOC	k,i,n,u,k,u,n,a,n
k,u,h,a,',$,V,IPFV,AGFOC	k,u,m,u,k,u,h,a,'
k,u,h,a,',$,V,PFV,AGFOC	k,u,m,u,h,a,'
k,u,h,a,',$,V,PFV,PFOC	k,i,n,u,h,a,'
k,u,h,a,',$,V,NFIN	k,u,h,a,'
k,u,h,a,',$,V,PFOC,LGSPEC1	k,u,k,u,n,a,n
k,u,h,a,',$,V,PFV,AGFOC	n,a,n,g,u,h,a,'
k,u,h,a,',$,V,PFOC,LGSPEC1	k,u,k,u,h,a,n,i,n
k,u,h,a,',$,V,AGFOC,LGSPEC1	m,a,n,g,u,n,g,u,u,h,a,'
s,a,m,p,a,y,$,V,PFOC,LGSPEC1	i,s,a,s,a,m,p,a,y
s,a,m,p,a,y,$,V,PFV,AGFOC	n,a,g,s,a,m,p,a,y
s,a,m,p,a,y,$,V,AGFOC,LGSPEC1	m,a,g,s,a,s,a,m,p,a,y
s,a,m,p,a,y,$,V,PFV,PFOC	s,i,n,a,m,p,a,y
s,a,m,p,a,y,$,V,IPFV,PFOC	s,i,n,a,s,a,m,p,a,y
s,a,m,p,a,y,$,V,NFIN	s,a,m,p,a,y
s,a,m,p,a,y,$,V,IPFV,AGFOC	n,a,g,s,a,s,a,m,p,a,y
h,a,t,í,d,$,V,PFOC,LGSPEC1	i,h,a,h,a,t,í,d
h,a,t,í,d,$,V,IPFV,AGFOC	n,a,g,h,a,h,a,t,í,d
h,a,t,í,d,$,V,PFV,PFOC	h,i,n,a,t,í,d
h,a,t,í,d,$,V,PFV,AGFOC	n,a,g,h,a,t,í,d
h,a,t,í,d,$,V,IPFV,PFOC	h,i,n,a,h,a,t,í,d
h,a,t,í,d,$,V,NFIN	h,a,t,í,d
h,a,t,í,d,$,V,AGFOC,LGSPEC1	m,a,g,h,a,h,a,t,í,d
t,a,b,í,$,V,PFOC,LGSPEC1	i,t,a,t,a,b,í
t,a,b,í,$,V,NFIN	t,a,b,í
t,a,b,í,$,V,AGFOC,LGSPEC1	m,a,g,t,a,t,a,b,í
t,a,b,í,$,V,IPFV,PFOC	i,t,i,n,a,t,a,b,í
t,a,b,í,$,V,PFV,AGFOC	n,a,g,t,a,b,í
t,a,b,í,$,V,PFV,PFOC	i,t,i,n,a,b,í
t,a,b,í,$,V,IPFV,AGFOC	n,a,g,t,a,t,a,b,i
u,w,í,',$,V,AGFOC,LGSPEC1	m,a,g,-,u,u,w,í,'
u,w,í,',$,V,IPFV,PFOC	i,n,u,u,w,í,'
u,w,í,',$,V,PFOC,LGSPEC1	u,u,w,í,a,n
u,w,í,',$,V,IPFV,AGFOC	n,a,g,-,u,u,w,í,'
u,w,í,',$,V,PFV,AGFOC	n,a,g,-,u,w,í,'
u,w,í,',$,V,PFV,PFOC	i,n,u,w,í,'
u,w,í,',$,V,NFIN	u,w,í,'
b,a,l,o,t,$,V,IPFV,PFOC	b,i,n,a,b,a,l,o,t
b,a,l,o,t,$,V,AGFOC,LGSPEC1	m,a,g,b,a,b,a,l,o,t
b,a,l,o,t,$,V,NFIN	b,a,l,o,t
b,a,l,o,t,$,V,PFOC,LGSPEC1	b,a,b,a,l,u,t,i,n
b,a,l,o,t,$,V,IPFV,AGFOC	n,a,g,b,a,b,a,l,o,t
b,a,l,o,t,$,V,PFV,PFOC	b,i,n,a,l,o,t
b,a,l,o,t,$,V,PFV,AGFOC	n,a,g,b,a,l,o,t
s,a,k,a,y,$,V,IPFV,PFOC	s,i,n,a,s,a,k,y,a,n
s,a,k,a,y,$,V,PFV,AGFOC	s,u,m,a,k,a,y
s,a,k,a,y,$,V,AGFOC,LGSPEC1	s,a,s,a,k,a,y
s,a,k,a,y,$,V,IPFV,AGFOC	s,u,m,a,s,a,k,a,y
s,a,k,a,y,$,V,PFV,PFOC	s,i,n,a,k,y,a,n
s,a,k,a,y,$,V,NFIN	s,a,k,a,y
s,a,k,a,y,$,V,PFOC,LGSPEC1	s,a,s,a,k,y,a,n
n,o,o,d,$,V,PFOC,LGSPEC1	p,a,p,a,n,o,o,r,i,n
n,o,o,d,$,V,NFIN	n,o,o,d
n,o,o,d,$,V,IPFV,PFOC	p,i,n,a,p,a,n,o,o,d
n,o,o,d,$,V,IPFV,AGFOC	n,a,n,o,n,o,o,d
n,o,o,d,$,V,AGFOC,LGSPEC1	m,a,n,o,n,o,o,d
n,o,o,d,$,V,PFV,PFOC	p,i,n,a,n,o,o,d
n,o,o,d,$,V,PFV,AGFOC	n,a,n,o,o,d
p,ú,n,i,t,$,V,NFIN	p,ú,n,i,t
p,ú,n,i,t,$,V,IPFV,PFOC	p,i,n,u,p,ú,n,i,t
p,ú,n,i,t,$,V,AGFOC,LGSPEC1	p,u,p,ú,n,i,t
p,ú,n,i,t,$,V,PFV,PFOC	p,i,n,ú,n,i,t
p,ú,n,i,t,$,V,PFV,AGFOC	p,u,m,ú,n,i,t
p,ú,n,i,t,$,V,IPFV,AGFOC	p,u,m,u,p,ú,n,i,t
p,ú,n,i,t,$,V,PFOC,LGSPEC1	p,u,p,ú,n,i,t,i,n
l,i,g,a,w,$,V,PFV,AGFOC	l,u,m,i,g,a,w
l,i,g,a,w,$,V,IPFV,AGFOC	l,u,m,i,l,i,g,a,w
l,i,g,a,w,$,V,PFOC,LGSPEC1	l,i,l,i,g,a,w,a,n
l,i,g,a,w,$,V,PFV,PFOC	n,i,l,i,g,a,w,a,n
l,i,g,a,w,$,V,NFIN	l,i,g,a,w
l,i,g,a,w,$,V,AGFOC,LGSPEC1	l,i,l,i,g,a,w
l,i,g,a,w,$,V,IPFV,PFOC	n,i,l,i,l,i,g,a,w,a,n
b,u,t,i,$,V,PFV,AGFOC	b,u,m,u,t,i
b,u,t,i,$,V,AGFOC,LGSPEC1	b,u,b,u,t,i
b,u,t,i,$,V,IPFV,AGFOC	b,u,m,u,b,u,t,i
b,u,t,i,$,V,PFV,PFOC	b,i,n,u,t,i
b,u,t,i,$,V,PFOC,LGSPEC1	i,b,u,b,u,t,i
b,u,t,i,$,V,IPFV,PFOC	b,i,n,u,b,u,t,i
b,u,t,i,$,V,NFIN	b,u,t,i
p,a,l,e,n,g,k,e,$,V,PFV,AGFOC	n,a,-, ,m,a,l,e,n,g,k,e
p,a,l,e,n,g,k,e,$,V,PFOC,LGSPEC1	p,a,p,a,-, ,m,a,l,e,n,g,k,e,h,i,n
p,a,l,e,n,g,k,e,$,V,IPFV,AGFOC	n,a,m,a,-, ,m,a,l,e,n,g,k,e
p,a,l,e,n,g,k,e,$,V,IPFV,PFOC	p,i,n,a,-, ,p,a,m,a,l,e,n,g,k,e
p,a,l,e,n,g,k,e,$,V,PFV,PFOC	p,i,n,a,-, ,m,a,l,e,n,g,k,e
p,a,l,e,n,g,k,e,$,V,AGFOC,LGSPEC1	m,a,m,a,-, ,m,a,l,e,n,g,k,e
p,a,l,e,n,g,k,e,$,V,NFIN	p,a,l,e,n,g,k,e
h,u,l,o,g,$,V,IPFV,PFOC	h,i,n,u,h,u,l,o,g
h,u,l,o,g,$,V,AGFOC,LGSPEC1	m,a,h,u,h,u,l,o,g
h,u,l,o,g,$,V,IPFV,AGFOC	n,a,g,h,u,h,u,l,o,g
h,u,l,o,g,$,V,PFV,AGFOC	n,a,g,h,u,l,o,g
h,u,l,o,g,$,V,PFOC,LGSPEC1	i,h,u,h,u,l,o,g
h,u,l,o,g,$,V,NFIN	h,u,l,o,g
h,u,l,o,g,$,V,PFV,PFOC	h,i,n,u,l,o,g
h,u,l,o,g,$,V,PFV,AGFOC	n,a,h,u,l,o,g
h,u,l,o,g,$,V,IPFV,AGFOC	n,a,h,u,h,u,l,o,g
p,i,r,m,a,$,V,PFV,PFOC	p,i,n,i,r,m,a,h,a,n
p,i,r,m,a,$,V,PFOC,LGSPEC1	p,i,p,i,r,m,a,h,a,n
p,i,r,m,a,$,V,AGFOC,LGSPEC1	p,i,p,i,r,m,a
p,i,r,m,a,$,V,IPFV,AGFOC	p,u,m,i,p,i,r,m,a
p,i,r,m,a,$,V,NFIN	p,i,r,m,a
p,i,r,m,a,$,V,IPFV,PFOC	p,i,n,i,p,i,r,m,a,h,a,n
p,i,r,m,a,$,V,PFV,AGFOC	p,u,m,i,r,m,a
h,i,n,g,í,',$,V,PFV,PFOC	h,i,n,i,n,g,í,'
h,i,n,g,í,',$,V,PFOC,LGSPEC1	h,i,h,i,n,g,í,'
h,i,n,g,í,',$,V,AGFOC,LGSPEC1	h,i,h,i,n,g,í,'
h,i,n,g,í,',$,V,IPFV,PFOC	h,i,n,i,h,i,n,g,í,'
h,i,n,g,í,',$,V,PFV,AGFOC	h,u,m,i,n,g,í,'
h,i,n,g,í,',$,V,IPFV,AGFOC	h,u,m,i,h,i,n,g,í
h,i,n,g,í,',$,V,NFIN	h,i,n,g,í,'
a,k,u,s,a,$,V,NFIN	a,k,u,s,a
a,k,u,s,a,$,V,PFV,PFOC	i,n,a,k,u,s,a,h,a,n
a,k,u,s,a,$,V,PFOC,LGSPEC1	a,a,k,u,s,a,h,a,n
a,k,u,s,a,$,V,IPFV,PFOC	i,n,a,a,k,u,s,a,h,a,n
a,k,u,s,a,$,V,PFV,AGFOC	n,a,g,-,a,k,u,s,a
a,k,u,s,a,$,V,AGFOC,LGSPEC1	m,a,n,g,-,a,a,k,u,s,a
a,k,u,s,a,$,V,IPFV,AGFOC	n,a,n,g,-,a,a,k,u,s,a
g,a,m,o,t,$,V,PFV,PFOC	g,i,n,a,m,o,t
g,a,m,o,t,$,V,PFOC,LGSPEC1	g,a,g,a,m,u,t,i,n
g,a,m,o,t,$,V,IPFV,AGFOC	g,u,m,a,g,a,m,o,t
g,a,m,o,t,$,V,PFV,AGFOC	g,u,m,a,m,o,t
g,a,m,o,t,$,V,AGFOC,LGSPEC1	g,a,g,a,m,o,t
g,a,m,o,t,$,V,NFIN	g,a,m,o,t
g,a,m,o,t,$,V,IPFV,PFOC	g,i,n,a,g,a,m,o,t
g,a,m,o,t,$,V,IPFV,AGFOC	n,a,g,g,a,g,a,m,o,t
g,a,m,o,t,$,V,AGFOC,LGSPEC1	m,a,g,g,a,g,a,m,o,t
s,u,w,a,y,$,V,AGFOC,LGSPEC1	s,u,s,u,w,a,y
s,u,w,a,y,$,V,NFIN	s,u,w,a,y
s,u,w,a,y,$,V,IPFV,AGFOC	s,u,m,u,s,u,w,a,y
s,u,w,a,y,$,V,PFV,PFOC	s,i,n,u,w,a,y
s,u,w,a,y,$,V,PFOC,LGSPEC1	s,u,s,u,w,a,y,i,n
s,u,w,a,y,$,V,PFV,AGFOC	s,u,m,u,w,a,y
s,u,w,a,y,$,V,IPFV,PFOC	s,i,n,u,s,u,w,a,y
s,u,l,i,t,$,V,PFOC,LGSPEC1	s,u,s,u,l,i,t,i,n
s,u,l,i,t,$,V,NFIN	s,u,l,i,t
s,u,l,i,t,$,V,IPFV,PFOC	s,i,n,u,s,u,l,i,t
s,u,l,i,t,$,V,PFV,PFOC	s,i,n,u,l,i,t
s,u,l,i,t,$,V,AGFOC,LGSPEC1	m,a,g,s,u,s,u,l,i,t
s,u,l,i,t,$,V,IPFV,AGFOC	n,a,g,s,u,s,u,l,i,t
s,u,l,i,t,$,V,PFV,AGFOC	n,a,g,s,u,l,i,t
b,i,h,i,s,$,V,AGFOC,LGSPEC1	m,a,g,b,i,b,i,h,i,s
b,i,h,i,s,$,V,PFV,AGFOC	n,a,g,b,i,h,i,s
b,i,h,i,s,$,V,IPFV,AGFOC	n,a,g,b,i,b,i,h,i,s
b,i,h,i,s,$,V,PFV,PFOC	b,i,n,i,h,i,s,a,n
b,i,h,i,s,$,V,PFOC,LGSPEC1	b,i,b,i,h,i,s,a,n
b,i,h,i,s,$,V,NFIN	b,i,h,i,s
b,i,h,i,s,$,V,IPFV,PFOC	b,i,n,i,b,i,h,i,s,a,n
h,i,g,p,i,t,$,V,PFV,PFOC	h,i,n,i,g,p,i,t,a,n
h,i,g,p,i,t,$,V,IPFV,AGFOC	n,a,g,h,i,h,i,g,p,i,t
h,i,g,p,i,t,$,V,IPFV,PFOC	h,i,n,i,h,i,g,p,i,t,a,n
h,i,g,p,i,t,$,V,PFOC,LGSPEC1	h,i,h,i,g,p,i,t,a,n
h,i,g,p,i,t,$,V,NFIN	h,i,g,p,i,t
h,i,g,p,i,t,$,V,AGFOC,LGSPEC1	m,a,g,h,i,h,i,g,p,i,t
h,i,g,p,i,t,$,V,PFV,AGFOC	n,a,g,h,i,g,p,i,t
s,a,m,á,',$,V,NFIN	s,a,m,á,'
s,a,m,á,',$,V,IPFV,AGFOC	s,u,m,a,s,a,m,á,'
s,a,m,á,',$,V,AGFOC,LGSPEC1	s,a,s,a,m,á,'
s,a,m,á,',$,V,PFV,AGFOC	s,u,m,a,m,á,'
b,u,r,á,$,V,IPFV,AGFOC	n,a,g,b,u,b,u,r,á
b,u,r,á,$,V,PFV,AGFOC	n,a,g,b,u,r,á
b,u,r,á,$,V,PFOC,LGSPEC1	b,u,b,u,r,á,h,i,n
b,u,r,á,$,V,PFV,PFOC	b,i,n,u,r,á
b,u,r,á,$,V,AGFOC,LGSPEC1	m,a,g,b,u,b,u,r,á
b,u,r,á,$,V,NFIN	b,u,r,á
b,u,r,á,$,V,IPFV,PFOC	b,i,n,u,b,u,r,á
b,a,y,a,d,$,V,AGFOC,LGSPEC1	m,a,g,b,a,b,a,y,a,d
b,a,y,a,d,$,V,NFIN	b,a,y,a,d
b,a,y,a,d,$,V,PFV,PFOC	b,i,n,a,y,a,r,a,n
b,a,y,a,d,$,V,PFV,AGFOC	n,a,g,b,a,y,a,d
b,a,y,a,d,$,V,IPFV,PFOC	b,i,n,a,b,a,y,a,r,a,n
b,a,y,a,d,$,V,IPFV,AGFOC	n,a,g,b,a,b,a,y,a,d
b,a,y,a,d,$,V,PFOC,LGSPEC1	b,a,b,a,y,a,r,a,n
d,a,l,o,$,V,IPFV,AGFOC	d,u,m,a,d,a,l,o
d,a,l,o,$,V,NFIN	d,a,l,o
d,a,l,o,$,V,PFV,PFOC	d,i,n,a,l,u,h,a,n
d,a,l,o,$,V,AGFOC,LGSPEC1	d,a,d,a,l,o
d,a,l,o,$,V,PFV,AGFOC	d,u,m,a,l,o
d,a,l,o,$,V,PFOC,LGSPEC1	d,a,d,a,l,u,h,a,n
d,a,l,o,$,V,IPFV,PFOC	d,i,n,a,d,a,l,u,h,a,n
s,á,m,a,$,V,PFOC,LGSPEC1	i,s,a,s,á,m,a
s,á,m,a,$,V,PFV,AGFOC	n,a,g,s,á,m,a
s,á,m,a,$,V,NFIN	s,á,m,a
s,á,m,a,$,V,IPFV,AGFOC	n,a,g,s,a,s,á,m,a
s,á,m,a,$,V,AGFOC,LGSPEC1	m,a,g,s,a,s,á,m,a
s,á,m,a,$,V,PFV,PFOC	i,s,i,n,á,m,a
s,á,m,a,$,V,IPFV,PFOC	i,s,i,n,a,s,á,m,a
i,n,g,a,t,$,V,PFV,AGFOC	n,a,g,-,i,n,g,a,t
i,n,g,a,t,$,V,NFIN	i,n,g,a,t
i,n,g,a,t,$,V,PFOC,LGSPEC1	i,i,n,g,a,t,a,n
i,n,g,a,t,$,V,PFV,PFOC	i,n,i,n,g,a,t,a,n
i,n,g,a,t,$,V,AGFOC,LGSPEC1	m,a,g,-,i,i,n,g,a,t
i,n,g,a,t,$,V,IPFV,PFOC	i,n,i,i,n,g,a,t,a,n
i,n,g,a,t,$,V,IPFV,AGFOC	n,a,g,-,i,i,n,g,a,t
b,i,r,o,',$,V,IPFV,PFOC	b,i,n,i,b,i,r,o,'
b,i,r,o,',$,V,IPFV,AGFOC	n,a,g,b,i,b,i,r,o,'
b,i,r,o,',$,V,NFIN	b,i,r,o,'
b,i,r,o,',$,V,PFOC,LGSPEC1	b,i,b,i,r,u,i,n
b,i,r,o,',$,V,AGFOC,LGSPEC1	m,a,g,b,i,b,i,r,o,'
b,i,r,o,',$,V,PFV,AGFOC	n,a,g,b,i,r,o,'
b,i,r,o,',$,V,PFV,PFOC	b,i,n,i,r,o,'
g,a,w,á,',$,V,IPFV,PFOC	g,i,n,a,g,a,w,á,'
g,a,w,á,',$,V,PFOC,LGSPEC1	g,a,g,a,w,i,n
g,a,w,á,',$,V,IPFV,AGFOC	g,u,m,a,g,a,w,á,'
g,a,w,á,',$,V,PFV,AGFOC	g,u,m,a,w,á,'
g,a,w,á,',$,V,AGFOC,LGSPEC1	g,a,g,a,w,á,'
g,a,w,á,',$,V,PFV,PFOC	g,i,n,a,w,á,'
g,a,w,á,',$,V,NFIN	g,a,w,á,'
k,á,t,o,k,$,V,IPFV,PFOC	k,i,n,a,k,á,t,o,k
k,á,t,o,k,$,V,AGFOC,LGSPEC1	k,a,k,á,t,o,k
k,á,t,o,k,$,V,PFOC,LGSPEC1	k,a,k,á,t,u,k,i,n
k,á,t,o,k,$,V,PFV,PFOC	k,i,n,á,t,o,k
k,á,t,o,k,$,V,IPFV,AGFOC	k,u,m,a,k,á,t,o,k
k,á,t,o,k,$,V,PFV,AGFOC	k,u,m,á,t,o,k
k,á,t,o,k,$,V,NFIN	k,á,t,o,k
w,a,l,a,',$,V,AGFOC,LGSPEC1	m,a,w,a,w,a,l,a,'
w,a,l,a,',$,V,PFOC,LGSPEC1	w,a,w,a,l,a,i,n
w,a,l,a,',$,V,NFIN	w,a,l,a,'
w,a,l,a,',$,V,PFV,AGFOC	n,a,w,a,l,a,'
w,a,l,a,',$,V,IPFV,AGFOC	n,a,w,a,w,a,l,a,'
w,a,l,a,',$,V,IPFV,PFOC	w,i,n,a,w,a,l,a,'
w,a,l,a,',$,V,PFV,PFOC	w,i,n,a,l,a,'
a,k,a,l,a,$,V,NFIN	a,k,a,l,a
a,k,a,l,a,$,V,PFV,AGFOC	n,a,g,-,a,k,a,l,a
a,k,a,l,a,$,V,PFOC,LGSPEC1	a,a,k,a,l,a,i,n
a,k,a,l,a,$,V,IPFV,PFOC	i,n,a,a,k,a,l,a
a,k,a,l,a,$,V,PFV,PFOC	i,n,a,k,a,l,a
a,k,a,l,a,$,V,AGFOC,LGSPEC1	m,a,g,-,a,a,k,a,l,a
a,k,a,l,a,$,V,IPFV,AGFOC	n,a,g,-,a,a,k,a,l,a
w,a,l,i,s,$,V,PFV,AGFOC	n,a,g,w,a,l,i,s
w,a,l,i,s,$,V,PFV,PFOC	w,i,n,a,l,i,s
w,a,l,i,s,$,V,AGFOC,LGSPEC1	m,a,g,w,a,w,a,l,i,s
w,a,l,i,s,$,V,PFOC,LGSPEC1	w,a,w,a,l,i,s,i,n
w,a,l,i,s,$,V,NFIN	w,a,l,i,s
w,a,l,i,s,$,V,IPFV,PFOC	w,i,n,a,w,a,l,i,s
w,a,l,i,s,$,V,IPFV,AGFOC	n,a,g,w,a,w,a,l,i,s
t,a,k,b,o,$,V,IPFV,PFOC	t,i,n,a,t,a,k,b,o
t,a,k,b,o,$,V,NFIN	t,a,k,b,o
t,a,k,b,o,$,V,PFV,AGFOC	t,u,m,a,k,b,o
t,a,k,b,o,$,V,AGFOC,LGSPEC1	t,a,t,a,k,b,o
t,a,k,b,o,$,V,PFOC,LGSPEC1	t,a,t,a,k,b,u,h,i,n
t,a,k,b,o,$,V,PFV,PFOC	t,i,n,a,k,b,o
t,a,k,b,o,$,V,IPFV,AGFOC	t,u,m,a,t,a,k,b,o
g,a,r,a,h,e,$,V,IPFV,AGFOC	n,a,g,g,a,g,a,r,a,h,e
g,a,r,a,h,e,$,V,AGFOC,LGSPEC1	m,a,g,g,a,g,a,r,a,h,e
g,a,r,a,h,e,$,V,PFOC,LGSPEC1	i,g,a,g,a,r,a,h,e
g,a,r,a,h,e,$,V,PFV,AGFOC	n,a,g,g,a,r,a,h,e
g,a,r,a,h,e,$,V,NFIN	g,a,r,a,h,e
g,a,r,a,h,e,$,V,IPFV,PFOC	i,g,i,n,a,g,a,r,a,h,e
g,a,r,a,h,e,$,V,PFV,PFOC	i,g,i,n,a,r,a,h,e
k,a,g,a,t,$,V,NFIN	k,a,g,a,t
k,a,g,a,t,$,V,PFOC,LGSPEC1	k,a,k,a,g,a,t,i,n
k,a,g,a,t,$,V,IPFV,AGFOC	k,u,m,a,k,a,g,a,t
k,a,g,a,t,$,V,PFV,PFOC	k,i,n,a,g,a,t
k,a,g,a,t,$,V,AGFOC,LGSPEC1	k,a,k,a,g,a,t
k,a,g,a,t,$,V,PFV,AGFOC	k,u,m,a,g,a,t
k,a,g,a,t,$,V,IPFV,PFOC	k,i,n,a,k,a,g,a,t
l,í,p,a,d,$,V,PFV,AGFOC	l,u,m,í,p,a,d
l,í,p,a,d,$,V,IPFV,PFOC	n,i,l,i,l,í,p,a,d
l,í,p,a,d,$,V,NFIN	l,í,p,a,d
l,í,p,a,d,$,V,IPFV,AGFOC	l,u,m,i,l,í,p,a,d
l,í,p,a,d,$,V,AGFOC,LGSPEC1	l,i,l,í,p,a,d
l,í,p,a,d,$,V,PFOC,LGSPEC1	l,i,l,í,p,a,r,i,n
l,í,p,a,d,$,V,PFV,PFOC	n,i,l,í,p,a,d
t,u,g,t,o,g,$,V,PFV,PFOC	t,i,n,u,g,t,o,g
t,u,g,t,o,g,$,V,AGFOC,LGSPEC1	t,u,t,u,g,t,o,g
t,u,g,t,o,g,$,V,NFIN	t,u,g,t,o,g
t,u,g,t,o,g,$,V,IPFV,AGFOC	t,u,m,u,t,u,g,t,o,g
t,u,g,t,o,g,$,V,PFV,AGFOC	t,u,m,u,g,t,o,g
t,u,g,t,o,g,$,V,IPFV,PFOC	t,i,n,u,t,u,g,t,o,g
t,u,g,t,o,g,$,V,PFOC,LGSPEC1	t,u,t,u,g,t,u,g,i,n
b,i,g,a,y,$,V,IPFV,AGFOC	n,a,g,b,i,b,i,g,a,y
b,i,g,a,y,$,V,PFOC,LGSPEC1	i,b,i,b,i,g,a,y
b,i,g,a,y,$,V,PFV,AGFOC	n,a,b,i,g,a,y
b,i,g,a,y,$,V,PFV,PFOC	i,b,i,n,i,g,a,y
b,i,g,a,y,$,V,NFIN	b,i,g,a,y
b,i,g,a,y,$,V,IPFV,PFOC	b,i,n,i,b,i,g,a,y
b,i,g,a,y,$,V,PFV,PFOC	b,i,n,i,g,a,y
b,i,g,a,y,$,V,IPFV,PFOC	b,i,n,i,b,i,g,y,a,n
b,i,g,a,y,$,V,AGFOC,LGSPEC1	m,a,g,b,i,b,i,g,a,y
h,a,n,d,á,',$,V,PFOC,LGSPEC1	i,h,a,h,a,n,d,á,'
h,a,n,d,á,',$,V,IPFV,AGFOC	h,u,m,a,h,a,n,d,á,'
h,a,n,d,á,',$,V,NFIN	h,a,n,d,á,'
h,a,n,d,á,',$,V,AGFOC,LGSPEC1	m,a,g,h,a,h,a,n,d,á,'
h,a,n,d,á,',$,V,IPFV,PFOC	h,i,n,a,h,a,n,d,á,'
h,a,n,d,á,',$,V,PFV,PFOC	h,i,n,a,n,d,á,'
h,a,n,d,á,',$,V,PFV,AGFOC	n,a,g,h,a,n,d,á,'
h,a,n,d,á,',$,V,PFV,AGFOC	h,u,m,a,n,d,á,'
t,u,l,o,n,g,$,V,IPFV,AGFOC	t,u,m,u,t,u,l,o,n,g
t,u,l,o,n,g,$,V,NFIN	t,u,l,o,n,g
t,u,l,o,n,g,$,V,IPFV,PFOC	t,i,n,u,t,u,l,u,n,g,a,n
t,u,l,o,n,g,$,V,PFOC,LGSPEC1	t,u,t,u,l,u,n,g,a,n
t,u,l,o,n,g,$,V,AGFOC,LGSPEC1	t,u,t,u,l,o,n,g
t,u,l,o,n,g,$,V,PFV,AGFOC	t,u,m,u,l,o,n,g
t,u,l,o,n,g,$,V,PFV,PFOC	t,i,n,u,l,u,n,g,a,n
d,a,y,a,',$,V,PFV,AGFOC	n,a,n,d,a,y,a,'
d,a,y,a,',$,V,AGFOC,LGSPEC1	m,a,n,d,a,d,a,y,a,'
d,a,y,a,',$,V,NFIN	d,a,y,a,'
d,a,y,a,',$,V,IPFV,AGFOC	n,a,n,d,a,d,a,y,a,'
d,a,y,a,',$,V,IPFV,PFOC	d,i,n,a,d,a,y,a,'
d,a,y,a,',$,V,PFV,PFOC	d,i,n,a,y,a,'
d,a,y,a,',$,V,PFOC,LGSPEC1	d,a,d,a,y,a,i,n
k,a,i,l,a,n,g,a,n,$,V,PFOC,LGSPEC1	k,a,k,a,i,l,a,n,g,a,n,i,n
k,a,i,l,a,n,g,a,n,$,V,PFV,PFOC	k,i,n,a,i,l,a,n,g,a,n
k,a,i,l,a,n,g,a,n,$,V,AGFOC,LGSPEC1	m,a,n,g,a,n,g,a,-,i,l,a,n,g,a,n
k,a,i,l,a,n,g,a,n,$,V,NFIN	k,a,i,l,a,n,g,a,n
k,a,i,l,a,n,g,a,n,$,V,PFV,AGFOC	n,a,n,g,a,-,i,l,a,n,g,a,n
k,a,i,l,a,n,g,a,n,$,V,IPFV,AGFOC	n,a,n,g,a,n,g,a,-,i,l,a,n,g,a,n
k,a,i,l,a,n,g,a,n,$,V,IPFV,PFOC	k,i,n,a,k,a,i,l,a,n,g,a,n
s,u,l,a,t,$,V,IPFV,PFOC	s,i,n,u,s,u,l,a,t,a,n
s,u,l,a,t,$,V,PFV,PFOC	s,i,n,u,l,a,t
s,u,l,a,t,$,V,PFV,AGFOC	s,u,m,u,l,a,t
s,u,l,a,t,$,V,IPFV,AGFOC	s,u,m,u,s,u,l,a,t
s,u,l,a,t,$,V,PFOC,LGSPEC1	s,u,s,u,l,a,t,a,n
s,u,l,a,t,$,V,AGFOC,LGSPEC1	m,a,g,s,u,s,u,l,a,t
s,u,l,a,t,$,V,NFIN	s,u,l,a,t
s,u,l,a,t,$,V,PFOC,LGSPEC1	i,s,u,s,u,l,a,t
s,u,l,a,t,$,V,AGFOC,LGSPEC1	s,u,s,u,l,a,t
s,u,l,a,t,$,V,PFV,AGFOC	n,a,g,s,u,l,a,t
t,a,g,o,',$,V,IPFV,AGFOC	n,a,g,t,a,t,a,g,o,'
t,a,g,o,',$,V,NFIN	t,a,g,o,'
t,a,g,o,',$,V,IPFV,PFOC	t,i,n,a,t,a,g,u,a,n
t,a,g,o,',$,V,AGFOC,LGSPEC1	m,a,g,t,a,t,a,g,o,'
t,a,g,o,',$,V,PFV,PFOC	t,i,n,a,g,u,a,n
t,a,g,o,',$,V,PFV,AGFOC	n,a,g,t,a,g,o,'
t,a,g,o,',$,V,PFOC,LGSPEC1	i,t,a,t,a,g,o,'
t,a,g,o,',$,V,PFOC,LGSPEC1	t,a,t,a,g,u,a,n
u,s,o,g,$,V,IPFV,AGFOC	u,m,u,u,s,o,g
u,s,o,g,$,V,AGFOC,LGSPEC1	m,a,g,-,u,u,s,o,g
u,s,o,g,$,V,NFIN	u,s,o,g
u,s,o,g,$,V,PFV,AGFOC	n,a,g,-,u,s,o,g
u,s,o,g,$,V,PFOC,LGSPEC1	i,u,u,s,o,g
u,s,o,g,$,V,IPFV,PFOC	i,n,u,u,s,o,g
u,s,o,g,$,V,PFV,PFOC	i,n,u,s,o,g
u,s,o,g,$,V,IPFV,AGFOC	n,a,g,-,u,u,s,o,g
i,m,b,e,n,t,o,$,V,NFIN	i,m,b,e,n,t,o
i,m,b,e,n,t,o,$,V,AGFOC,LGSPEC1	m,a,g,-,i,m,b,e,n,t,o
i,m,b,e,n,t,o,$,V,IPFV,PFOC	i,n,i,i,m,b,e,n,t,o
i,m,b,e,n,t,o,$,V,PFOC,LGSPEC1	i,i,m,b,e,n,t,u,h,i,n
i,m,b,e,n,t,o,$,V,PFV,PFOC	i,n,i,m,b,e,n,t,o
i,m,b,e,n,t,o,$,V,IPFV,AGFOC	n,a,g,-,i,i,m,b,e,n,t,o
i,m,b,e,n,t,o,$,V,PFV,AGFOC	n,a,g,-,i,m,b,e,n,t,o
k,i,t,a,$,V,AGFOC,LGSPEC1	m,a,g,p,a,p,a,k,i,t,a
k,i,t,a,$,V,PFV,PFOC	p,i,n,a,k,i,t,a
k,i,t,a,$,V,IPFV,PFOC	p,i,n,a,p,a,k,i,t,a
k,i,t,a,$,V,IPFV,AGFOC	n,a,k,a,k,a,k,i,t,a
k,i,t,a,$,V,PFV,AGFOC	n,a,g,p,a,k,i,t,a
k,i,t,a,$,V,NFIN	k,i,t,a
k,i,t,a,$,V,PFOC,LGSPEC1	m,a,k,i,k,i,t,a
k,i,t,a,$,V,PFOC,LGSPEC1	i,p,a,p,a,k,i,t,a
k,i,t,a,$,V,IPFV,AGFOC	n,a,g,p,a,p,a,k,i,t,a
k,i,t,a,$,V,PFV,PFOC	n,a,k,i,t,a
k,i,t,a,$,V,PFV,AGFOC	n,a,k,a,k,i,t,a
t,i,n,g,i,n,$,V,IPFV,AGFOC	t,u,m,i,t,i,n,g,i,n
t,i,n,g,i,n,$,V,PFOC,LGSPEC1	t,i,t,i,n,g,n,a,n
t,i,n,g,i,n,$,V,NFIN	t,i,n,g,i,n
t,i,n,g,i,n,$,V,PFV,AGFOC	t,u,m,i,n,g,i,n
t,i,n,g,i,n,$,V,AGFOC,LGSPEC1	t,i,t,i,n,g,i,n
t,i,n,g,i,n,$,V,IPFV,PFOC	t,i,n,i,t,i,n,g,n,a,n
t,i,n,g,i,n,$,V,PFV,PFOC	t,i,n,i,n,g,n,a,n
b,ú,s,o,g,$,V,NFIN	b,ú,s,o,g
b,ú,s,o,g,$,V,AGFOC,LGSPEC1	m,a,b,u,b,ú,s,o,g
b,ú,s,o,g,$,V,PFV,AGFOC	n,a,b,ú,s,o,g
b,ú,s,o,g,$,V,IPFV,AGFOC	n,a,b,u,b,ú,s,o,g
h,a,t,í,',$,V,PFV,AGFOC	n,a,g,h,a,t,í,'
h,a,t,í,',$,V,AGFOC,LGSPEC1	m,a,g,h,a,h,a,t,í,'
h,a,t,í,',$,V,NFIN	h,a,t,í,'
h,a,t,í,',$,V,IPFV,AGFOC	n,a,g,h,a,h,a,t,í,'
h,a,t,í,',$,V,PFV,PFOC	h,i,n,a,t,í,'
h,a,t,í,',$,V,IPFV,PFOC	h,i,n,a,h,a,t,í,'
h,a,t,í,',$,V,PFOC,LGSPEC1	h,a,h,a,t,í,',i,n
s,i,g,a,w,$,V,AGFOC,LGSPEC1	s,i,s,i,g,a,w
s,i,g,a,w,$,V,IPFV,PFOC	s,i,n,i,s,i,g,a,w,a,n
s,i,g,a,w,$,V,PFV,AGFOC	s,u,m,i,g,a,w
s,i,g,a,w,$,V,IPFV,AGFOC	n,a,g,s,i,s,i,g,a,w,a,n
s,i,g,a,w,$,V,PFOC,LGSPEC1	i,s,i,s,i,g,a,w
s,i,g,a,w,$,V,NFIN	s,i,g,a,w
s,i,g,a,w,$,V,PFV,PFOC	s,i,n,i,g,a,w
s,i,g,a,w,$,V,AGFOC,LGSPEC1	m,a,g,s,i,s,i,g,a,w,a,n
p,i,g,i,l,$,V,NFIN	p,i,g,i,l
p,i,g,i,l,$,V,IPFV,PFOC	p,i,n,i,p,i,g,i,l
p,i,g,i,l,$,V,AGFOC,LGSPEC1	m,a,g,p,i,p,i,g,i,l
p,i,g,i,l,$,V,PFV,PFOC	p,i,n,i,g,i,l,a,n
p,i,g,i,l,$,V,PFOC,LGSPEC1	p,i,p,i,g,i,l,i,n
p,i,g,i,l,$,V,PFV,AGFOC	n,a,g,p,i,g,i,l
p,i,g,i,l,$,V,IPFV,AGFOC	n,a,g,p,i,p,i,g,i,l
p,i,g,i,l,$,V,PFOC,LGSPEC1	p,i,p,i,g,i,l,a,n
h,u,b,a,d,$,V,NFIN	h,u,b,a,d
h,u,b,a,d,$,V,PFV,AGFOC	n,a,g,h,u,b,a,d
h,u,b,a,d,$,V,IPFV,PFOC	h,i,n,u,h,u,b,a,d
h,u,b,a,d,$,V,PFOC,LGSPEC1	h,u,h,u,b,a,r,i,n
h,u,b,a,d,$,V,PFV,PFOC	h,i,n,u,b,a,d
h,u,b,a,d,$,V,AGFOC,LGSPEC1	m,a,g,h,u,h,u,b,a,d
h,u,b,a,d,$,V,IPFV,AGFOC	n,a,g,h,u,h,u,b,a,d
l,u,b,o,g,$,V,IPFV,AGFOC	l,u,m,u,l,u,b,o,g
l,u,b,o,g,$,V,PFV,AGFOC	l,u,m,u,b,o,g
l,u,b,o,g,$,V,AGFOC,LGSPEC1	l,u,l,u,b,o,g
l,u,b,o,g,$,V,PFV,PFOC	n,i,l,u,b,o,g
l,u,b,o,g,$,V,PFOC,LGSPEC1	i,l,u,l,u,b,o,g
l,u,b,o,g,$,V,IPFV,PFOC	n,i,l,u,l,u,b,o,g
l,u,b,o,g,$,V,NFIN	l,u,b,o,g
i,s,i,p,$,V,NFIN	i,s,i,p
i,s,i,p,$,V,IPFV,PFOC	i,n,i,i,s,i,p
i,s,i,p,$,V,PFOC,LGSPEC1	i,i,s,i,p
i,s,i,p,$,V,AGFOC,LGSPEC1	m,a,g,-,i,i,s,i,p
i,s,i,p,$,V,PFV,AGFOC	n,a,g,-,i,s,i,p
i,s,i,p,$,V,PFV,PFOC	i,n,i,s,i,p
i,s,i,p,$,V,IPFV,AGFOC	n,a,g,-,i,i,s,i,p
m,a,n,e,h,o,$,V,NFIN	m,a,n,e,h,o
m,a,n,e,h,o,$,V,PFV,AGFOC	n,a,g,m,a,n,e,h,o
m,a,n,e,h,o,$,V,PFV,PFOC	m,i,n,a,n,e,h,o
m,a,n,e,h,o,$,V,IPFV,AGFOC	n,a,g,m,a,m,a,n,e,h,o
m,a,n,e,h,o,$,V,AGFOC,LGSPEC1	m,a,g,m,a,m,a,n,e,h,o
m,a,n,e,h,o,$,V,IPFV,PFOC	m,i,n,a,m,a,n,e,h,o
m,a,n,e,h,o,$,V,PFOC,LGSPEC1	m,a,m,a,n,e,h,u,i,n
n,g,i,t,i,$,V,PFOC,LGSPEC1	n,g,i,n,g,i,t,i,a,n
n,g,i,t,i,$,V,PFV,AGFOC	n,g,u,m,i,t,i
n,g,i,t,i,$,V,AGFOC,LGSPEC1	n,g,i,n,g,i,t,i
n,g,i,t,i,$,V,NFIN	n,g,i,t,i
n,g,i,t,i,$,V,IPFV,AGFOC	n,g,u,m,i,n,g,i,t,i
n,g,i,t,i,$,V,IPFV,PFOC	n,g,i,n,i,n,g,i,t,i,a,n
n,g,i,t,i,$,V,PFV,PFOC	n,g,i,n,i,t,i,a,n
r,e,g,a,l,o,$,V,PFOC,LGSPEC1	r,e,r,e,g,a,l,u,h,a,n
r,e,g,a,l,o,$,V,IPFV,PFOC	n,i,r,e,r,e,g,a,l,u,g,a,n
r,e,g,a,l,o,$,V,PFV,AGFOC	n,a,g,r,e,g,a,l,o
r,e,g,a,l,o,$,V,PFV,PFOC	n,i,r,e,g,a,l,u,h,a,n
r,e,g,a,l,o,$,V,AGFOC,LGSPEC1	m,a,g,r,e,r,e,g,a,l,o
r,e,g,a,l,o,$,V,NFIN	r,e,g,a,l,o
r,e,g,a,l,o,$,V,IPFV,AGFOC	n,a,g,r,e,r,e,g,a,l,o
n,i,w,a,l,a,$,V,IPFV,PFOC	p,i,n,a,n,i,n,i,w,a,l,a,a,n
n,i,w,a,l,a,$,V,NFIN	n,i,w,a,l,a
n,i,w,a,l,a,$,V,PFV,PFOC	p,i,n,a,n,i,w,a,l,a,a,n
n,i,w,a,l,a,$,V,PFOC,LGSPEC1	p,a,n,i,n,i,w,a,l,a,a,n
n,i,w,a,l,a,$,V,AGFOC,LGSPEC1	m,a,n,i,n,i,w,a,l,a
n,i,w,a,l,a,$,V,PFV,AGFOC	n,a,n,i,w,a,l,a
n,i,w,a,l,a,$,V,IPFV,AGFOC	n,a,n,i,n,i,w,a,l,a
h,i,l,a,$,V,NFIN	h,i,l,a
h,i,l,a,$,V,IPFV,AGFOC	n,a,g,h,i,h,i,l,a
h,i,l,a,$,V,IPFV,PFOC	h,i,n,i,h,i,l,a
h,i,l,a,$,V,PFV,PFOC	h,i,n,i,l,a
h,i,l,a,$,V,PFOC,LGSPEC1	h,i,h,i,l,a,h,i,n
h,i,l,a,$,V,PFV,AGFOC	n,a,g,h,i,l,a
h,i,l,a,$,V,AGFOC,LGSPEC1	m,a,g,h,i,h,i,l,a
p,a,r,a,d,a,$,V,PFOC,LGSPEC1	i,p,a,p,a,r,a,d,a
p,a,r,a,d,a,$,V,IPFV,PFOC	i,p,i,n,a,p,a,r,a,d,a
p,a,r,a,d,a,$,V,PFV,PFOC	i,p,i,n,a,r,a,d,a
p,a,r,a,d,a,$,V,IPFV,AGFOC	p,u,m,a,p,a,r,a,d,a
p,a,r,a,d,a,$,V,NFIN	p,a,r,a,d,a
p,a,r,a,d,a,$,V,AGFOC,LGSPEC1	p,a,p,a,r,a,d,a
p,a,r,a,d,a,$,V,PFV,AGFOC	p,u,m,a,r,a,d,a
p,á,t,a,y,$,V,IPFV,AGFOC	n,a,g,p,a,p,á,t,a,y
p,á,t,a,y,$,V,AGFOC,LGSPEC1	p,a,p,á,t,a,y
p,á,t,a,y,$,V,NFIN	p,á,t,a,y
p,á,t,a,y,$,V,PFOC,LGSPEC1	p,a,p,á,t,a,y,i,n
p,á,t,a,y,$,V,PFV,PFOC	p,i,n,á,t,a,y
p,á,t,a,y,$,V,IPFV,PFOC	p,i,n,a,p,á,t,a,y
p,á,t,a,y,$,V,PFV,AGFOC	p,u,m,á,t,a,y
p,á,t,a,y,$,V,PFV,AGFOC	n,a,g,p,á,t,a,y
s,u,m,b,o,n,g,$,V,IPFV,AGFOC	n,a,g,s,u,s,u,m,b,o,n,g
s,u,m,b,o,n,g,$,V,IPFV,PFOC	i,s,i,n,u,s,u,m,b,o,n,g
s,u,m,b,o,n,g,$,V,AGFOC,LGSPEC1	m,a,g,s,u,s,u,m,b,o,n,g
s,u,m,b,o,n,g,$,V,PFV,PFOC	i,s,i,n,u,m,b,o,n,g
s,u,m,b,o,n,g,$,V,NFIN	s,u,m,b,o,n,g
s,u,m,b,o,n,g,$,V,PFOC,LGSPEC1	i,s,u,s,u,m,b,o,n,g
s,u,m,b,o,n,g,$,V,PFV,AGFOC	n,a,g,s,u,m,b,o,n,g
t,á,n,g,o,',$,V,PFV,AGFOC	t,u,m,á,n,g,o,'
t,á,n,g,o,',$,V,IPFV,AGFOC	t,u,m,a,t,á,n,g,o,'
t,á,n,g,o,',$,V,PFV,PFOC	t,i,n,a,n,g,ú,',a,n
t,á,n,g,o,',$,V,NFIN	t,á,n,g,o,'
t,á,n,g,o,',$,V,IPFV,PFOC	t,i,n,a,t,a,n,g,ú,',a,n
t,á,n,g,o,',$,V,AGFOC,LGSPEC1	t,a,t,á,n,g,o,'
t,á,n,g,o,',$,V,PFOC,LGSPEC1	t,a,t,a,n,g,ú,',a,n
w,a,s,a,k,$,V,AGFOC,LGSPEC1	m,a,g,w,a,w,a,s,a,k
w,a,s,a,k,$,V,IPFV,PFOC	n,a,w,a,w,a,s,a,k, ,w,i,n,a,w,a,s,a,k
w,a,s,a,k,$,V,IPFV,AGFOC	n,a,g,w,a,w,a,s,a,k
w,a,s,a,k,$,V,PFV,PFOC	n,a,w,a,s,a,k, ,w,i,n,a,s,a,k
w,a,s,a,k,$,V,NFIN	w,a,s,a,k
w,a,s,a,k,$,V,PFOC,LGSPEC1	m,a,w,a,w,a,s,a,k, ,w,a,w,a,s,a,k,i,n
w,a,s,a,k,$,V,PFV,AGFOC	n,a,g,w,a,s,a,k
g,a,n,d,a,$,V,NFIN	g,a,n,d,a
g,a,n,d,a,$,V,IPFV,AGFOC	g,u,m,a,g,a,n,d,a
g,a,n,d,a,$,V,PFOC,LGSPEC1	p,a,g,a,g,a,n,d,a,h,i,n
g,a,n,d,a,$,V,PFV,AGFOC	g,u,m,a,n,d,a
g,a,n,d,a,$,V,PFV,PFOC	p,i,n,a,g,a,n,d,a
g,a,n,d,a,$,V,IPFV,PFOC	g,i,n,a,g,a,n,d,a
g,a,n,d,a,$,V,AGFOC,LGSPEC1	g,a,g,a,n,d,a
g,a,n,d,a,$,V,IPFV,PFOC	p,i,n,a,p,a,g,a,n,d,a
g,a,n,d,a,$,V,PFV,PFOC	g,i,n,a,n,d,a
g,a,n,d,a,$,V,AGFOC,LGSPEC1	m,a,g,p,a,p,a,g,a,n,d,a
g,á,w,a,',$,V,PFV,PFOC	g,i,n,a,w,a,'
g,á,w,a,',$,V,IPFV,AGFOC	g,u,m,a,g,á,w,a,'
g,á,w,a,',$,V,NFIN	g,á,w,a,'
g,á,w,a,',$,V,PFOC,LGSPEC1	g,a,g,a,w,i,n
g,á,w,a,',$,V,PFV,AGFOC	g,u,m,á,w,a,'
g,á,w,a,',$,V,AGFOC,LGSPEC1	g,a,g,á,w,a,'
g,á,w,a,',$,V,IPFV,PFOC	g,i,n,a,g,á,w,a,'
g,á,w,a,',$,V,PFOC,LGSPEC1	g,a,g,á,w,a,i,n, ,g,a,g,á,w,i,n
b,i,s,i,t,a,$,V,NFIN	b,i,s,i,t,a
b,i,s,i,t,a,$,V,PFV,PFOC	b,i,n,i,s,i,t,a
b,i,s,i,t,a,$,V,IPFV,PFOC	b,i,n,i,b,i,s,i,t,a
b,i,s,i,t,a,$,V,AGFOC,LGSPEC1	b,i,b,i,s,i,t,a
b,i,s,i,t,a,$,V,IPFV,AGFOC	b,u,m,i,b,i,s,t,a
b,i,s,i,t,a,$,V,PFOC,LGSPEC1	b,i,b,i,s,i,t,a,h,i,n
b,i,s,i,t,a,$,V,PFV,AGFOC	b,u,m,i,s,i,t,a
g,u,s,t,o,$,V,PFV,PFOC	n,a,g,u,s,t,u,h,a,n
g,u,s,t,o,$,V,IPFV,PFOC	n,a,g,u,g,u,s,t,u,h,a,n
g,u,s,t,o,$,V,PFOC,LGSPEC1	g,u,g,u,s,t,u,h,i,n
g,u,s,t,o,$,V,NFIN	g,u,s,t,o
g,u,s,t,o,$,V,PFV,PFOC	g,i,n,u,s,t,o
g,u,s,t,o,$,V,PFOC,LGSPEC1	m,a,g,u,g,u,s,t,u,h,a,n
g,u,s,t,o,$,V,IPFV,PFOC	g,i,n,u,g,u,s,t,o
g,a,l,i,t,$,V,PFV,PFOC	i,k,i,n,a,g,a,l,i,t
g,a,l,i,t,$,V,AGFOC,LGSPEC1	m,a,g,a,g,a,l,i,t
g,a,l,i,t,$,V,PFOC,LGSPEC1	i,k,a,k,a,g,a,l,i,t
g,a,l,i,t,$,V,IPFV,PFOC	g,i,n,a,g,a,l,i,t
g,a,l,i,t,$,V,IPFV,AGFOC	n,a,g,a,g,a,l,i,t
g,a,l,i,t,$,V,NFIN	g,a,l,i,t
g,a,l,i,t,$,V,PFV,AGFOC	n,a,n,g,g,a,l,i,t
g,a,l,i,t,$,V,PFV,PFOC	p,i,n,a,g,a,l,i,t,a,n
g,a,l,i,t,$,V,PFOC,LGSPEC1	p,a,p,a,g,a,l,i,t,a,n
g,a,l,i,t,$,V,PFV,PFOC	g,i,n,a,l,i,t
p,a,n,a,l,o,$,V,NFIN	p,a,n,a,l,o
p,a,n,a,l,o,$,V,PFOC,LGSPEC1	p,a,p,a,n,a,l,u,n,a,n
p,a,n,a,l,o,$,V,PFV,AGFOC	n,a,n,a,l,o
p,a,n,a,l,o,$,V,PFV,PFOC	n,a,p,a,n,a,l,u,n,a,n
p,a,n,a,l,o,$,V,IPFV,AGFOC	n,a,n,a,n,a,l,o
p,a,n,a,l,o,$,V,IPFV,PFOC	n,a,p,a,p,a,n,a,l,u,n,a,n
p,a,n,a,l,o,$,V,AGFOC,LGSPEC1	m,a,n,a,n,a,l,o
b,u,h,a,y,$,V,AGFOC,LGSPEC1	b,u,b,u,h,a,y
b,u,h,a,y,$,V,IPFV,PFOC	b,i,n,u,b,u,h,a,y
b,u,h,a,y,$,V,PFOC,LGSPEC1	b,u,b,u,h,a,y,i,n
b,u,h,a,y,$,V,PFV,PFOC	b,i,n,u,h,a,y
b,u,h,a,y,$,V,NFIN	b,u,h,a,y
b,u,h,a,y,$,V,PFV,AGFOC	b,u,m,u,h,a,y
b,u,h,a,y,$,V,IPFV,AGFOC	b,u,m,u,b,u,h,a,y
h,i,g,a,',$,V,PFOC,LGSPEC1	h,i,h,i,g,a,a,n
h,i,g,a,',$,V,PFV,PFOC	h,i,n,i,g,a,a,n
h,i,g,a,',$,V,AGFOC,LGSPEC1	h,i,h,i,g,a,'
h,i,g,a,',$,V,IPFV,AGFOC	h,u,m,i,h,i,g,a,'
h,i,g,a,',$,V,IPFV,PFOC	h,i,n,i,h,i,g,a,a,n
h,i,g,a,',$,V,NFIN	h,i,g,a,'
h,i,g,a,',$,V,PFV,AGFOC	h,u,m,i,g,a,'
s,a,r,a,$,V,PFV,AGFOC	n,a,g,s,a,r,a
s,a,r,a,$,V,IPFV,PFOC	s,i,n,a,s,a,r,a
s,a,r,a,$,V,PFOC,LGSPEC1	i,s,a,s,a,r,a
s,a,r,a,$,V,IPFV,AGFOC	n,a,g,s,a,s,a,r,a
s,a,r,a,$,V,NFIN	s,a,r,a
s,a,r,a,$,V,PFV,PFOC	s,i,n,a,r,a
s,a,r,a,$,V,AGFOC,LGSPEC1	m,a,g,s,a,s,a,r,a
h,a,w,a,k,$,V,IPFV,PFOC	h,i,n,a,h,a,w,a,k,a,n
h,a,w,a,k,$,V,PFOC,LGSPEC1	h,a,h,a,w,a,k,a,n
h,a,w,a,k,$,V,PFV,PFOC	h,i,n,a,w,a,k,a,n
h,a,w,a,k,$,V,NFIN	h,a,w,a,k
h,a,w,a,k,$,V,AGFOC,LGSPEC1	h,a,h,a,w,a,k
h,a,w,a,k,$,V,PFV,AGFOC	h,u,m,a,w,a,k
h,a,w,a,k,$,V,IPFV,AGFOC	h,u,m,a,h,a,w,a,k
h,a,w,a,k,$,V,PFOC,LGSPEC1	h,a,h,a,k,a,w,a,n
b,a,g,s,a,k,$,V,AGFOC,LGSPEC1	m,a,g,b,a,b,a,g,s,a,k
b,a,g,s,a,k,$,V,IPFV,AGFOC	n,a,g,b,a,b,a,g,s,a,k
b,a,g,s,a,k,$,V,PFOC,LGSPEC1	i,b,a,b,a,g,s,a,k
b,a,g,s,a,k,$,V,PFV,PFOC	b,i,n,a,g,s,a,k
b,a,g,s,a,k,$,V,PFV,AGFOC	n,a,g,b,a,g,s,a,k
b,a,g,s,a,k,$,V,NFIN	b,a,g,s,a,k
b,a,g,s,a,k,$,V,IPFV,PFOC	b,i,n,a,b,a,g,s,a,k
t,a,k,i,p,$,V,NFIN	t,a,k,i,p
t,a,k,i,p,$,V,PFOC,LGSPEC1	t,a,t,a,k,p,a,n
t,a,k,i,p,$,V,AGFOC,LGSPEC1	m,a,g,t,a,t,a,k,i,p
t,a,k,i,p,$,V,IPFV,AGFOC	n,a,g,t,a,t,a,k,i,p
t,a,k,i,p,$,V,IPFV,PFOC	t,i,n,a,t,a,k,p,a,n
t,a,k,i,p,$,V,PFV,AGFOC	n,a,g,t,a,k,i,p
t,a,k,i,p,$,V,PFV,PFOC	p,i,n,a,g,t,a,p,a,n
t,a,k,i,p,$,V,PFV,PFOC	t,i,n,a,k,p,a,n
t,a,n,o,n,g,$,V,IPFV,PFOC	t,i,n,a,t,a,n,o,n,g
t,a,n,o,n,g,$,V,PFV,AGFOC	n,a,g,t,a,n,o,n,g
t,a,n,o,n,g,$,V,PFOC,LGSPEC1	t,a,t,a,n,u,n,g,i,n
t,a,n,o,n,g,$,V,IPFV,AGFOC	n,a,g,t,a,t,a,n,o,n,g
t,a,n,o,n,g,$,V,AGFOC,LGSPEC1	m,a,g,t,a,t,a,n,o,n,g
t,a,n,o,n,g,$,V,PFV,PFOC	t,i,n,a,n,o,n,g
t,a,n,o,n,g,$,V,NFIN	t,a,n,o,n,g
y,a,b,a,n,g,$,V,AGFOC,LGSPEC1	m,a,g,y,a,y,a,b,a,n,g
y,a,b,a,n,g,$,V,IPFV,PFOC	i,p,i,n,a,p,a,g,-, ,y,a,b,a,n,g
y,a,b,a,n,g,$,V,PFV,AGFOC	n,a,g,y,a,b,a,n,g
y,a,b,a,n,g,$,V,NFIN	y,a,b,a,n,g
y,a,b,a,n,g,$,V,PFV,PFOC	i,p,i,n,a,g,-, ,y,a,b,a,n,g
y,a,b,a,n,g,$,V,PFOC,LGSPEC1	i,p,a,g,-, ,y,a,y,a,b,a,n,g
y,a,b,a,n,g,$,V,IPFV,AGFOC	n,a,g,y,a,y,a,b,a,n,g
d,a,g,d,a,g,$,V,IPFV,PFOC	d,i,n,a,r,a,g,d,a,g,a,n
d,a,g,d,a,g,$,V,PFV,PFOC	d,i,n,a,g,d,a,g,a,n
d,a,g,d,a,g,$,V,AGFOC,LGSPEC1	m,a,g,d,a,r,a,g,d,a,g
d,a,g,d,a,g,$,V,PFV,AGFOC	n,a,g,d,a,g,d,a,g
d,a,g,d,a,g,$,V,IPFV,AGFOC	n,a,g,d,a,r,a,g,d,a,g
d,a,g,d,a,g,$,V,NFIN	d,a,g,d,a,g
d,a,g,d,a,g,$,V,PFOC,LGSPEC1	d,a,d,a,g,d,a,g,a,n
l,a,y,a,s,$,V,IPFV,AGFOC	l,u,m,a,l,a,y,a,s
l,a,y,a,s,$,V,PFV,AGFOC	l,u,m,a,y,a,s
l,a,y,a,s,$,V,NFIN	l,a,y,a,s
l,a,y,a,s,$,V,AGFOC,LGSPEC1	l,a,l,a,y,a,s
t,á,k,o,t,$,V,NFIN	t,á,k,o,t
t,á,k,o,t,$,V,AGFOC,LGSPEC1	m,a,n,a,n,á,k,o,t
t,á,k,o,t,$,V,PFV,PFOC	t,i,n,á,k,o,t
t,á,k,o,t,$,V,IPFV,PFOC	t,i,n,a,t,á,k,o,t
t,á,k,o,t,$,V,IPFV,AGFOC	n,a,n,a,n,á,k,o,t
t,á,k,o,t,$,V,PFV,AGFOC	n,a,n,á,k,o,t
t,á,k,o,t,$,V,PFOC,LGSPEC1	t,a,t,a,k,u,t,i,n
a,r,k,i,l,a,$,V,PFOC,LGSPEC1	a,a,r,k,i,l,a,h,i,n
a,r,k,i,l,a,$,V,PFV,PFOC	i,n,a,r,k,i,l,a
a,r,k,i,l,a,$,V,AGFOC,LGSPEC1	a,a,r,k,i,l,a
a,r,k,i,l,a,$,V,IPFV,PFOC	i,n,a,a,r,k,i,l,a
a,r,k,i,l,a,$,V,IPFV,AGFOC	u,m,a,a,r,k,i,l,a
a,r,k,i,l,a,$,V,PFV,AGFOC	u,m,a,r,k,i,l,a
a,r,k,i,l,a,$,V,NFIN	a,r,k,i,l,a
i,n,o,m,$,V,AGFOC,LGSPEC1	i,i,n,o,m
i,n,o,m,$,V,NFIN	i,n,o,m
i,n,o,m,$,V,PFOC,LGSPEC1	i,i,n,u,m,i,n
i,n,o,m,$,V,IPFV,AGFOC	u,m,i,i,n,o,m
i,n,o,m,$,V,PFV,PFOC	i,n,i,n,o,m
i,n,o,m,$,V,PFV,AGFOC	u,m,i,n,o,m
i,n,o,m,$,V,IPFV,PFOC	i,n,i,i,n,o,m
a,w,i,t,$,V,AGFOC,LGSPEC1	a,a,w,i,t
a,w,i,t,$,V,PFOC,LGSPEC1	a,a,w,i,t,i,n
a,w,i,t,$,V,IPFV,PFOC	i,n,a,a,w,i,t
a,w,i,t,$,V,PFV,PFOC	i,n,a,w,i,t
a,w,i,t,$,V,PFV,AGFOC	u,m,a,w,i,t
a,w,i,t,$,V,NFIN	a,w,i,t
a,w,i,t,$,V,IPFV,AGFOC	u,m,a,a,w,i,t
b,i,l,i,$,V,IPFV,PFOC	b,i,n,i,b,i,l,i
b,i,l,i,$,V,IPFV,AGFOC	b,u,m,i,b,i,l,i
b,i,l,i,$,V,PFV,PFOC	b,i,n,i,l,i
b,i,l,i,$,V,AGFOC,LGSPEC1	b,i,b,i,l,i
b,i,l,i,$,V,PFOC,LGSPEC1	b,i,b,i,l,h,i,n
b,i,l,i,$,V,NFIN	b,i,l,i
b,i,l,i,$,V,PFV,AGFOC	b,u,m,i,l,i
d,i,g,h,a,y,$,V,NFIN	d,i,g,h,a,y
d,i,g,h,a,y,$,V,AGFOC,LGSPEC1	d,i,d,i,g,h,a,y
d,i,g,h,a,y,$,V,IPFV,AGFOC	d,u,m,i,d,i,g,h,a,y
d,i,g,h,a,y,$,V,PFV,AGFOC	d,u,m,i,g,h,a,y
p,a,s,a,$,V,NFIN	p,a,s,a
p,a,s,a,$,V,PFOC,LGSPEC1	i,p,á,p,a,s,a
p,a,s,a,$,V,PFV,PFOC	i,p,i,n,a,s,a
p,a,s,a,$,V,AGFOC,LGSPEC1	m,a,g,p,a,p,a,s,a
p,a,s,a,$,V,PFV,AGFOC	n,a,g,p,a,s,a
p,a,s,a,$,V,IPFV,PFOC	p,i,n,á,p,a,s,a
p,a,s,a,$,V,IPFV,AGFOC	n,a,g,p,a,p,a,s,a
p,a,s,a,$,V,IPFV,PFOC	i,p,i,n,a,p,a,s,a
a,l,a,g,a,$,V,IPFV,AGFOC	n,a,g,-,a,a,l,a,g,a
a,l,a,g,a,$,V,AGFOC,LGSPEC1	m,a,g,-,a,a,l,a,g,a
a,l,a,g,a,$,V,PFV,PFOC	i,n,a,l,a,g,a,a,n
a,l,a,g,a,$,V,NFIN	a,l,a,g,a
a,l,a,g,a,$,V,IPFV,PFOC	i,n,a,a,l,a,g,a,a,a,n
a,l,a,g,a,$,V,PFV,AGFOC	n,a,g,-,a,l,a,g,a
a,l,a,g,a,$,V,PFOC,LGSPEC1	a,a,l,a,g,a,a,n
l,u,t,ó,',$,V,PFV,AGFOC	n,a,g,l,u,t,ó,'
l,u,t,ó,',$,V,IPFV,AGFOC	n,a,g,l,u,l,u,t,ó,'
l,u,t,ó,',$,V,IPFV,PFOC	n,i,l,u,l,u,t,ó,'
l,u,t,ó,',$,V,PFV,PFOC	n,i,l,u,t,ó,'
l,u,t,ó,',$,V,PFOC,LGSPEC1	l,u,l,u,t,ú,i,n
l,u,t,ó,',$,V,NFIN	l,u,t,ó,'
l,u,t,ó,',$,V,AGFOC,LGSPEC1	m,a,g,l,u,l,u,t,ó,'
l,a,g,a,$,V,IPFV,AGFOC	n,a,g,l,a,l,a,g,a
l,a,g,a,$,V,PFOC,LGSPEC1	i,l,a,l,a,g,a
l,a,g,a,$,V,AGFOC,LGSPEC1	m,a,g,l,a,l,a,g,a
l,a,g,a,$,V,NFIN	l,a,g,a
l,a,g,a,$,V,PFV,PFOC	n,i,l,a,g,a
l,a,g,a,$,V,IPFV,PFOC	n,i,l,a,l,a,g,a
l,a,g,a,$,V,PFV,AGFOC	n,a,g,l,a,g,a
s,u,r,í,',$,V,IPFV,PFOC	s,i,n,u,s,u,r,í,'
s,u,r,í,',$,V,PFOC,LGSPEC1	s,u,s,u,r,í,',i,n
s,u,r,í,',$,V,PFV,AGFOC	n,a,g,s,u,r,í,'
s,u,r,í,',$,V,PFV,PFOC	s,i,n,u,r,í,'
s,u,r,í,',$,V,IPFV,AGFOC	n,a,g,s,u,s,u,r,í,'
s,u,r,í,',$,V,NFIN	s,u,r,í,'
s,u,r,í,',$,V,AGFOC,LGSPEC1	m,a,g,s,u,s,u,r,í,'
w,a,g,i,',$,V,PFV,PFOC	i,p,i,n,a,g,w,a,g,i,'
w,a,g,i,',$,V,IPFV,AGFOC	n,a,g,w,a,w,a,g,i,'
w,a,g,i,',$,V,PFOC,LGSPEC1	i,p,a,p,a,g,w,a,g,i,'
w,a,g,i,',$,V,NFIN	w,a,g,i,'
w,a,g,i,',$,V,AGFOC,LGSPEC1	m,a,g,w,a,w,a,g,i,'
w,a,g,i,',$,V,PFV,AGFOC	n,a,g,w,a,g,i,'
w,a,g,i,',$,V,IPFV,PFOC	i,p,i,n,a,p,a,g,w,a,g,i,'
b,a,l,í,',$,V,PFV,AGFOC	b,u,m,a,l,í,', ,n,a,g,b,a,l,í,'
b,a,l,í,',$,V,AGFOC,LGSPEC1	b,a,b,a,l,í,', ,m,a,g,b,a,b,a,l,í,'
b,a,l,í,',$,V,IPFV,AGFOC	b,u,m,a,b,a,l,í,', ,n,a,g,b,a,b,a,l,í,'
b,a,l,í,',$,V,IPFV,PFOC	b,i,n,a,b,a,l,í,', ,n,a,b,a,b,a,l,í,'
b,a,l,í,',$,V,PFV,PFOC	b,i,n,a,l,í,', ,n,a,b,a,l,í,'
b,a,l,í,',$,V,NFIN	b,a,l,í,'
b,a,l,í,',$,V,PFOC,LGSPEC1	b,a,b,a,l,í,',i,n, ,m,a,b,a,b,a,l,í,'
a,r,a,l,$,V,NFIN	a,r,a,l
a,r,a,l,$,V,IPFV,PFOC	p,i,n,a,g,-,a,a,r,a,l,a,n
a,r,a,l,$,V,PFV,PFOC	p,i,n,a,g,-,a,r,a,l,a,n
a,r,a,l,$,V,PFOC,LGSPEC1	p,a,g,-,a,a,r,a,l,a,n
a,r,a,l,$,V,AGFOC,LGSPEC1	m,a,g,-,a,a,r,a,l
a,r,a,l,$,V,PFV,AGFOC	n,a,g,-,a,r,a,l
a,r,a,l,$,V,IPFV,AGFOC	n,a,g,-,a,a,r,a,l
l,i,n,l,a,n,g,$,V,PFV,PFOC	n,i,l,i,n,l,a,n,g
l,i,n,l,a,n,g,$,V,IPFV,AGFOC	n,a,n,l,i,l,i,n,l,a,n,g
l,i,n,l,a,n,g,$,V,NFIN	l,i,n,l,a,n,g
l,i,n,l,a,n,g,$,V,AGFOC,LGSPEC1	m,a,n,l,i,l,i,n,l,a,n,g
l,i,n,l,a,n,g,$,V,IPFV,PFOC	n,i,l,i,l,i,n,l,a,n,g
l,i,n,l,a,n,g,$,V,PFV,AGFOC	n,a,n,g,l,i,n,l,a,n,g
l,i,n,l,a,n,g,$,V,PFOC,LGSPEC1	l,i,l,i,n,l,a,n,g,i,n
d,i,l,i,g,$,V,AGFOC,LGSPEC1	m,a,g,d,i,d,i,l,i,g
d,i,l,i,g,$,V,IPFV,PFOC	d,i,n,i,d,i,l,i,g,a,n
d,i,l,i,g,$,V,PFV,PFOC	d,i,n,i,l,i,g,a,n
d,i,l,i,g,$,V,IPFV,AGFOC	n,a,g,d,i,d,i,l,i,g
d,i,l,i,g,$,V,PFOC,LGSPEC1	d,i,d,i,l,i,g,a,n
d,i,l,i,g,$,V,NFIN	d,i,l,i,g
d,i,l,i,g,$,V,PFV,AGFOC	n,a,g,d,i,d,i,l,i,g
p,u,n,a,s,$,V,IPFV,AGFOC	n,a,g,p,u,p,u,n,a,s
p,u,n,a,s,$,V,PFV,AGFOC	n,a,g,p,u,n,a,s
p,u,n,a,s,$,V,NFIN	p,u,n,a,s
p,u,n,a,s,$,V,IPFV,PFOC	p,i,n,u,p,u,n,a,s,a,n
p,u,n,a,s,$,V,PFOC,LGSPEC1	p,u,p,u,n,a,s,a,n
p,u,n,a,s,$,V,PFV,PFOC	p,i,n,u,n,a,s,a,n
p,u,n,a,s,$,V,AGFOC,LGSPEC1	m,a,g,p,u,p,u,n,a,s
s,i,b,a,k,$,V,PFOC,LGSPEC1	s,i,s,i,b,a,k,i,n
s,i,b,a,k,$,V,PFV,AGFOC	n,a,g,s,i,b,a,k
s,i,b,a,k,$,V,PFV,PFOC	s,i,n,i,b,a,k
s,i,b,a,k,$,V,IPFV,AGFOC	n,a,g,s,i,s,i,b,a,k
s,i,b,a,k,$,V,NFIN	s,i,b,a,k
s,i,b,a,k,$,V,AGFOC,LGSPEC1	m,a,g,s,i,s,i,b,a,k
s,i,b,a,k,$,V,IPFV,PFOC	s,i,n,i,s,i,b,a,k
b,u,l,o,n,g,$,V,PFV,AGFOC	b,u,m,u,l,o,n,g
b,u,l,o,n,g,$,V,PFOC,LGSPEC1	i,b,u,b,u,l,o,n,g
b,u,l,o,n,g,$,V,IPFV,AGFOC	b,u,m,u,b,u,l,o,n,g
b,u,l,o,n,g,$,V,AGFOC,LGSPEC1	b,u,b,u,l,o,n,g
b,u,l,o,n,g,$,V,NFIN	b,u,l,o,n,g
b,u,l,o,n,g,$,V,IPFV,PFOC	i,b,i,n,u,b,u,l,o,n,g
b,u,l,o,n,g,$,V,PFV,PFOC	i,b,i,n,u,l,o,n,g
s,i,m,a,n,g,o,t,$,V,PFV,PFOC	s,i,n,i,m,a,n,g,u,t,a,n
s,i,m,a,n,g,o,t,$,V,PFV,AGFOC	s,u,m,i,m,a,n,g,o,t
s,i,m,a,n,g,o,t,$,V,PFOC,LGSPEC1	s,i,s,i,m,a,n,g,u,t,a,n
s,i,m,a,n,g,o,t,$,V,AGFOC,LGSPEC1	s,i,s,i,m,a,n,g,o,t
s,i,m,a,n,g,o,t,$,V,IPFV,PFOC	s,i,n,i,s,i,m,a,n,g,u,t,a,n
s,i,m,a,n,g,o,t,$,V,IPFV,AGFOC	s,u,m,i,s,i,m,a,n,g,o,t
s,i,m,a,n,g,o,t,$,V,NFIN	s,i,m,a,n,g,o,t
s,a,y,á,$,V,PFOC,LGSPEC1	i,k,a,k,a,s,a,y,á
s,a,y,á,$,V,AGFOC,LGSPEC1	m,a,g,s,a,s,a,y,á
s,a,y,á,$,V,IPFV,AGFOC	s,u,m,a,s,a,y,á
s,a,y,á,$,V,PFV,PFOC	p,i,n,a,g,s,a,y,á,h,a,n
s,a,y,á,$,V,IPFV,PFOC	i,k,i,n,a,s,a,s,a,y,á
s,a,y,á,$,V,NFIN	s,a,y,á
s,a,y,á,$,V,PFV,AGFOC	s,u,m,a,y,á
s,a,y,á,$,V,PFV,PFOC	p,i,n,a,g,s,a,y,á
s,a,y,á,$,V,PFOC,LGSPEC1	p,a,g,s,a,s,a,y,á,h,a,n
s,a,y,á,$,V,IPFV,PFOC	p,i,n,a,g,s,a,s,a,y,á
t,a,y,ó,',$,V,PFV,AGFOC	n,a,g,t,a,y,ó,'
t,a,y,ó,',$,V,NFIN	t,a,y,ó,'
t,a,y,ó,',$,V,AGFOC,LGSPEC1	m,a,g,t,a,t,a,y,ó,'
t,a,y,ó,',$,V,PFV,PFOC	i,t,i,n,a,y,ó,'
t,a,y,ó,',$,V,PFOC,LGSPEC1	i,t,a,t,a,y,ó,'
t,a,y,ó,',$,V,IPFV,AGFOC	n,a,g,t,a,t,a,y,ó,'
t,a,y,ó,',$,V,IPFV,PFOC	i,t,i,n,a,t,a,y,ó,'
r,e,n,t,a,$,V,AGFOC,LGSPEC1	m,a,g,r,e,r,e,n,t,a
r,e,n,t,a,$,V,NFIN	r,e,n,t,a
r,e,n,t,a,$,V,IPFV,PFOC	n,i,r,e,r,e,n,t,a
r,e,n,t,a,$,V,PFOC,LGSPEC1	r,e,r,e,n,t,a,h,i,n
r,e,n,t,a,$,V,PFV,AGFOC	n,a,g,r,e,n,t,a
r,e,n,t,a,$,V,PFV,PFOC	n,i,r,e,n,t,a
r,e,n,t,a,$,V,IPFV,AGFOC	n,a,g,r,e,r,e,n,t,a
m,u,h,í,',$,V,PFV,PFOC	k,i,n,a,m,u,h,í,',a,n
m,u,h,í,',$,V,PFOC,LGSPEC1	k,a,m,u,m,u,h,í,',a,n
m,u,h,í,',$,V,PFV,AGFOC	n,a,m,u,h,í,'
m,u,h,í,',$,V,NFIN	m,u,h,í,'
m,u,h,í,',$,V,AGFOC,LGSPEC1	m,a,m,u,m,u,h,í,'
m,u,h,í,',$,V,IPFV,PFOC	k,i,n,a,k,a,m,u,h,í,',a,n
m,u,h,í,',$,V,IPFV,AGFOC	n,a,m,u,m,u,h,í,'
g,a,l,i,n,g,$,V,AGFOC,LGSPEC1	m,a,n,g,g,a,g,a,l,i,n,g
g,a,l,i,n,g,$,V,IPFV,AGFOC	n,a,n,g,g,a,g,a,l,i,n,g
g,a,l,i,n,g,$,V,NFIN	g,a,l,i,n,g
g,a,l,i,n,g,$,V,PFV,AGFOC	n,a,n,g,g,a,l,i,n,g
k,a,s,a,l,$,V,AGFOC,LGSPEC1	m,a,g,p,a,p,a,k,a,s,a,l
k,a,s,a,l,$,V,IPFV,PFOC	p,i,n,a,p,a,k,a,s,a,l,a,n
k,a,s,a,l,$,V,IPFV,AGFOC	n,a,g,p,a,p,a,k,a,s,a,l
k,a,s,a,l,$,V,PFOC,LGSPEC1	i,k,a,k,a,s,a,l
k,a,s,a,l,$,V,PFV,AGFOC	n,a,g,p,a,k,a,s,a,l
k,a,s,a,l,$,V,NFIN	k,a,s,a,l
k,a,s,a,l,$,V,PFOC,LGSPEC1	p,a,p,a,k,a,s,a,l,a,n
k,a,s,a,l,$,V,PFV,PFOC	p,i,n,a,k,a,s,a,l,a,n
u,p,a,$,V,PFV,AGFOC	u,m,u,p,a
u,p,a,$,V,PFV,PFOC	i,n,u,p,a,h,a,n
u,p,a,$,V,IPFV,AGFOC	u,m,u,u,p,a
u,p,a,$,V,IPFV,PFOC	i,n,u,u,p,a,h,a,n
u,p,a,$,V,AGFOC,LGSPEC1	u,u,p,a
u,p,a,$,V,PFOC,LGSPEC1	u,u,p,a,h,a,n
u,p,a,$,V,NFIN	u,p,a
k,a,t,a,y,$,V,IPFV,PFOC	k,i,n,a,k,a,t,a,y
k,a,t,a,y,$,V,AGFOC,LGSPEC1	m,a,g,k,a,k,a,t,a,y
k,a,t,a,y,$,V,IPFV,AGFOC	n,a,g,k,a,k,a,t,a,y
k,a,t,a,y,$,V,PFV,PFOC	k,i,n,a,t,a,y
k,a,t,a,y,$,V,PFOC,LGSPEC1	k,a,k,a,t,a,y,i,n
k,a,t,a,y,$,V,PFV,AGFOC	n,a,g,k,a,t,a,y
k,a,t,a,y,$,V,NFIN	k,a,t,a,y
i,n,g,a,y,$,V,PFV,AGFOC	n,a,g,-,i,n,g,a,y
i,n,g,a,y,$,V,IPFV,PFOC	i,n,i,i,n,g,a,y,a,n
i,n,g,a,y,$,V,PFOC,LGSPEC1	i,i,n,g,a,y,a,n
i,n,g,a,y,$,V,NFIN	i,n,g,a,y
i,n,g,a,y,$,V,PFV,PFOC	i,n,i,n,g,a,y,a,n
i,n,g,a,y,$,V,AGFOC,LGSPEC1	m,a,g,-,i,i,n,g,a,y
i,n,g,a,y,$,V,IPFV,AGFOC	n,a,g,-,i,i,n,g,a,y
k,í,t,a,$,V,AGFOC,LGSPEC1	m,a,g,k,i,k,í,t,a
k,í,t,a,$,V,IPFV,AGFOC	n,a,g,k,i,k,í,t,a
k,í,t,a,$,V,IPFV,PFOC	n,a,k,i,k,i,p,a,g,k,í,t,a
k,í,t,a,$,V,NFIN	k,í,t,a
k,í,t,a,$,V,PFV,PFOC	n,a,k,i,p,a,g,k,í,t,a
k,í,t,a,$,V,PFV,AGFOC	n,a,g,k,í,t,a
k,í,t,a,$,V,PFOC,LGSPEC1	m,a,k,i,k,i,p,a,g,k,í,t,a
k,u,h,á,',$,V,PFOC,LGSPEC1	k,u,k,u,n,i,n
k,u,h,á,',$,V,IPFV,AGFOC	k,u,m,u,k,u,h,á,'
k,u,h,á,',$,V,IPFV,PFOC	k,i,n,u,k,u,h,á,'
k,u,h,á,',$,V,AGFOC,LGSPEC1	k,u,k,u,h,á,'
k,u,h,á,',$,V,NFIN	k,u,h,á,'
k,u,h,á,',$,V,PFV,AGFOC	k,u,m,u,h,á,'
k,u,h,á,',$,V,PFV,PFOC	k,i,n,u,h,á,'
p,a,s,a,n,$,V,PFOC,LGSPEC1	p,a,p,a,s,a,n,i,n
p,a,s,a,n,$,V,NFIN	p,a,s,a,n
p,a,s,a,n,$,V,AGFOC,LGSPEC1	m,a,g,p,a,p,a,s,a,n
p,a,s,a,n,$,V,IPFV,AGFOC	n,a,g,p,a,p,a,s,a,n
p,a,s,a,n,$,V,PFV,AGFOC	n,a,g,p,a,s,a,n
p,a,s,a,n,$,V,IPFV,PFOC	p,i,n,a,p,a,s,a,n
p,a,s,a,n,$,V,PFV,PFOC	p,i,n,a,s,a,n
l,a,b,a,g,$,V,IPFV,AGFOC	l,u,m,a,l,a,b,a,g
l,a,b,a,g,$,V,NFIN	l,a,b,a,g
l,a,b,a,g,$,V,IPFV,PFOC	n,i,l,a,l,a,b,a,g
l,a,b,a,g,$,V,PFV,PFOC	n,i,l,a,b,a,g
l,a,b,a,g,$,V,PFOC,LGSPEC1	l,a,l,a,b,a,g,i,n
l,a,b,a,g,$,V,PFV,AGFOC	l,u,m,a,b,a,g
l,a,b,a,g,$,V,AGFOC,LGSPEC1	l,a,l,a,b,a,g
p,u,n,t,á,$,V,PFV,PFOC	p,i,n,u,n,t,á,h,a,n
p,u,n,t,á,$,V,PFV,AGFOC	p,u,m,u,n,t,á
p,u,n,t,á,$,V,IPFV,AGFOC	p,u,m,u,p,u,n,t,á
p,u,n,t,á,$,V,AGFOC,LGSPEC1	p,u,p,u,n,t,á,h,a,n
p,u,n,t,á,$,V,PFOC,LGSPEC1	p,u,p,u,n,t,á,h,a,n
p,u,n,t,á,$,V,IPFV,PFOC	p,i,n,u,p,u,n,t,á,h,a,n
p,u,n,t,á,$,V,NFIN	p,u,n,t,á
h,i,r,a,m,$,V,PFV,AGFOC	h,u,m,i,r,a,m
h,i,r,a,m,$,V,IPFV,PFOC	h,i,n,i,h,i,r,a,m
h,i,r,a,m,$,V,PFV,PFOC	h,i,n,i,r,a,m
h,i,r,a,m,$,V,PFOC,LGSPEC1	h,i,h,i,r,a,m,i,n
h,i,r,a,m,$,V,NFIN	h,i,r,a,m
h,i,r,a,m,$,V,IPFV,AGFOC	h,u,m,i,h,i,r,a,m
h,i,r,a,m,$,V,AGFOC,LGSPEC1	h,i,h,i,r,a,m
b,i,l,i,s,$,V,NFIN	b,i,l,i,s
b,i,l,i,s,$,V,IPFV,AGFOC	b,u,m,i,b,i,l,i,s
b,i,l,i,s,$,V,PFV,AGFOC	b,u,m,i,l,i,s
b,i,l,i,s,$,V,IPFV,PFOC	b,i,n,i,b,i,l,i,s,a,n
b,i,l,i,s,$,V,AGFOC,LGSPEC1	b,i,b,i,l,i,s
b,i,l,i,s,$,V,PFV,PFOC	b,i,l,i,s,a,n
b,i,l,i,s,$,V,PFOC,LGSPEC1	b,i,b,i,l,i,s,a,n
k,u,h,a,$,V,AGFOC,LGSPEC1	k,u,k,u,h,a
k,u,h,a,$,V,NFIN	k,u,h,a
k,u,h,a,$,V,PFV,PFOC	k,i,n,u,h,a
k,u,h,a,$,V,PFV,AGFOC	k,u,m,u,h,a
k,u,h,a,$,V,IPFV,PFOC	k,i,n,u,k,u,h,a
k,u,h,a,$,V,PFOC,LGSPEC1	k,u,k,u,h,a
k,u,h,a,$,V,IPFV,AGFOC	k,u,m,u,k,u,h,a
k,u,h,a,$,V,PFOC,LGSPEC1	k,u,k,u,h,a,i,n
s,u,b,o,',$,V,PFOC,LGSPEC1	i,s,u,s,u,b,o,'
s,u,b,o,',$,V,PFV,PFOC	s,i,n,u,b,o,'
s,u,b,o,',$,V,AGFOC,LGSPEC1	m,a,g,s,u,s,u,b,o,'
s,u,b,o,',$,V,PFV,AGFOC	n,a,g,s,u,b,o,'
s,u,b,o,',$,V,IPFV,PFOC	s,i,n,u,s,u,b,o,'
s,u,b,o,',$,V,NFIN	s,u,b,o,'
s,u,b,o,',$,V,IPFV,AGFOC	n,a,g,s,u,s,u,b,o,'
m,a,k,i,n,i,l,y,a,$,V,IPFV,AGFOC	n,a,g,m,a,m,a,k,i,n,i,l,y,a
m,a,k,i,n,i,l,y,a,$,V,AGFOC,LGSPEC1	m,a,g,m,a,m,a,k,i,n,i,l,y,a
m,a,k,i,n,i,l,y,a,$,V,PFV,AGFOC	n,a,g,m,a,k,i,n,i,l,y,a
m,a,k,i,n,i,l,y,a,$,V,IPFV,PFOC	m,i,n,a,m,a,k,i,n,i,l,y,a
m,a,k,i,n,i,l,y,a,$,V,NFIN	m,a,k,i,n,i,l,y,a
m,a,k,i,n,i,l,y,a,$,V,PFOC,LGSPEC1	m,a,m,a,k,i,n,i,l,y,a,h,i,n
m,a,k,i,n,i,l,y,a,$,V,PFV,PFOC	m,i,n,a,k,i,n,i,l,y,a
t,a,p,o,n,$,V,PFV,PFOC	t,i,n,a,p,o,n
t,a,p,o,n,$,V,PFV,AGFOC	n,a,g,t,a,p,o,n
t,a,p,o,n,$,V,IPFV,AGFOC	n,a,g,t,a,t,a,p,o,n
t,a,p,o,n,$,V,NFIN	t,a,p,o,n
t,a,p,o,n,$,V,AGFOC,LGSPEC1	m,a,g,t,a,t,a,p,o,n
t,a,p,o,n,$,V,IPFV,PFOC	t,i,n,a,t,a,p,o,n
t,a,p,o,n,$,V,PFOC,LGSPEC1	i,t,a,t,a,p,o,n
s,a,m,b,a,$,V,AGFOC,LGSPEC1	m,a,g,s,a,s,a,m,b,a
s,a,m,b,a,$,V,PFV,PFOC	s,i,n,a,m,b,a
s,a,m,b,a,$,V,PFOC,LGSPEC1	s,a,s,a,m,b,a,h,i,n
s,a,m,b,a,$,V,NFIN	s,a,m,b,a
s,a,m,b,a,$,V,IPFV,PFOC	s,i,n,a,s,a,m,b,a
s,a,m,b,a,$,V,PFV,AGFOC	n,a,g,s,a,m,b,a
s,a,m,b,a,$,V,IPFV,AGFOC	n,a,g,s,a,s,a,m,b,a
g,a,m,i,t,$,V,IPFV,AGFOC	g,u,m,a,g,a,m,i,t
g,a,m,i,t,$,V,PFOC,LGSPEC1	g,a,g,a,m,i,t,i,n
g,a,m,i,t,$,V,IPFV,PFOC	g,i,n,a,g,a,m,i,t
g,a,m,i,t,$,V,PFV,PFOC	g,i,n,a,m,i,t
g,a,m,i,t,$,V,NFIN	g,a,m,i,t
g,a,m,i,t,$,V,AGFOC,LGSPEC1	g,a,g,a,m,i,t
g,a,m,i,t,$,V,PFV,AGFOC	g,u,m,a,m,i,t
a,l,í,s,$,V,AGFOC,LGSPEC1	a,a,l,í,s
a,l,í,s,$,V,IPFV,AGFOC	u,m,a,a,l,í,s
a,l,í,s,$,V,NFIN	a,l,í,s
a,l,í,s,$,V,PFV,AGFOC	u,m,a,l,í,s
d,a,m,a,$,V,PFOC,LGSPEC1	d,a,d,a,m,h,i,n
d,a,m,a,$,V,NFIN	d,a,m,a
d,a,m,a,$,V,AGFOC,LGSPEC1	d,a,d,a,m,a
d,a,m,a,$,V,IPFV,PFOC	d,i,n,a,d,a,m,a
d,a,m,a,$,V,PFV,PFOC	d,i,n,a,m,a
d,a,m,a,$,V,PFV,AGFOC	d,u,m,a,m,a
d,a,m,a,$,V,IPFV,AGFOC	d,u,m,a,r,a,m,a
p,u,n,i,t,$,V,PFOC,LGSPEC1	m,a,p,u,p,u,n,i,t,p,u, ,p,u,p,u,n,i,t,i,n
p,u,n,i,t,$,V,PFV,PFOC	n,a,p,u,n,i,t, ,p,i,n,u,n,i,t
p,u,n,i,t,$,V,IPFV,AGFOC	n,a,g,p,u,p,u,n,i,t, ,p,u,m,u,p,u,n,i,t
p,u,n,i,t,$,V,IPFV,PFOC	n,a,p,u,p,u,n,i,t, ,p,i,n,u,p,u,n,i,t
p,u,n,i,t,$,V,AGFOC,LGSPEC1	m,a,g,p,u,p,u,n,i,t, ,p,u,p,u,n,i,t
p,u,n,i,t,$,V,NFIN	p,u,n,i,t
p,u,n,i,t,$,V,PFV,AGFOC	n,a,g,p,u,n,i,t, ,p,u,m,u,n,i,t
a,l,a,l,a,$,V,IPFV,AGFOC	n,a,a,a,l,a,l,a
a,l,a,l,a,$,V,PFV,AGFOC	n,a,g,-,a,l,a,l,a
a,l,a,l,a,$,V,AGFOC,LGSPEC1	m,a,a,a,l,a,l,a
a,l,a,l,a,$,V,IPFV,PFOC	i,n,a,a,l,a,l,a
a,l,a,l,a,$,V,PFV,PFOC	i,n,a,l,a,l,a
a,l,a,l,a,$,V,NFIN	a,l,a,l,a
a,l,a,l,a,$,V,PFOC,LGSPEC1	a,a,l,a,l,a,h,a,n,i,n
a,l,a,l,a,$,V,PFOC,LGSPEC1	a,a,l,a,h,a,n,i,n
a,l,a,l,a,$,V,AGFOC,LGSPEC1	m,a,g,-,a,a,l,a,l,a
p,u,g,o,t,$,V,PFV,AGFOC	n,a,g,p,u,g,o,t
p,u,g,o,t,$,V,PFV,PFOC	p,i,n,u,g,o,t
p,u,g,o,t,$,V,IPFV,PFOC	p,i,n,u,p,u,g,o,t
p,u,g,o,t,$,V,PFOC,LGSPEC1	p,u,p,u,g,u,t,a,n
p,u,g,o,t,$,V,IPFV,AGFOC	n,a,g,p,u,p,u,g,o,t
p,u,g,o,t,$,V,AGFOC,LGSPEC1	m,a,g,p,u,p,u,g,o,t
p,u,g,o,t,$,V,NFIN	p,u,g,o,t
a,y,a,w,$,V,NFIN	a,y,a,w
a,y,a,w,$,V,PFV,AGFOC	u,m,a,y,a,w
a,y,a,w,$,V,IPFV,PFOC	i,n,a,a,y,a,w,a,n
a,y,a,w,$,V,PFOC,LGSPEC1	a,a,y,a,w,a,n
a,y,a,w,$,V,AGFOC,LGSPEC1	a,a,y,a,w
a,y,a,w,$,V,IPFV,AGFOC	u,m,a,a,y,a,w
a,y,a,w,$,V,PFV,PFOC	i,n,a,y,a,w,a,n
p,a,n,s,i,n,$,V,IPFV,AGFOC	n,a,p,a,p,a,n,s,i,n
p,a,n,s,i,n,$,V,PFOC,LGSPEC1	p,a,p,a,n,s,i,n,i,n
p,a,n,s,i,n,$,V,PFV,AGFOC	n,a,p,a,n,s,i,n
p,a,n,s,i,n,$,V,NFIN	p,a,n,s,i,n
p,a,n,s,i,n,$,V,AGFOC,LGSPEC1	m,a,p,a,p,a,n,s,i,n
p,a,n,s,i,n,$,V,IPFV,PFOC	p,i,n,a,p,a,n,s,i,n
p,a,n,s,i,n,$,V,PFV,PFOC	p,i,n,a,n,s,i,n
k,i,l,a,l,a,$,V,PFOC,LGSPEC1	i,p,a,p,a,k,i,l,a,l,a
k,i,l,a,l,a,$,V,IPFV,AGFOC	n,a,k,i,k,i,p,a,g,-, ,k,i,l,a,l,a
k,i,l,a,l,a,$,V,PFV,PFOC	p,i,n,a,k,i,l,a,l,a
k,i,l,a,l,a,$,V,IPFV,PFOC	i,p,i,n,a,k,i,k,i,l,a,l,a
k,i,l,a,l,a,$,V,NFIN	k,i,l,a,l,a
k,i,l,a,l,a,$,V,AGFOC,LGSPEC1	m,a,k,i,k,i,p,a,g,-, ,k,i,l,a,l,a
k,i,l,a,l,a,$,V,PFV,AGFOC	n,a,k,i,p,a,g,-, ,k,i,l,a,l,a
k,i,l,a,l,a,$,V,PFV,AGFOC	n,a,g,p,a,k,i,l,a,l,a
k,i,l,a,l,a,$,V,AGFOC,LGSPEC1	m,a,g,p,a,p,a,k,i,l,a,l,a
t,á,p,o,s,$,V,AGFOC,LGSPEC1	m,a,g,t,a,t,á,p,o,s
t,á,p,o,s,$,V,NFIN	t,á,p,o,s
t,á,p,o,s,$,V,PFV,AGFOC	n,a,g,t,á,p,o,s
t,á,p,o,s,$,V,IPFV,AGFOC	n,a,g,t,a,t,á,p,o,s
h,i,n,g,a,$,V,PFV,AGFOC	h,u,m,i,n,g,a
h,i,n,g,a,$,V,AGFOC,LGSPEC1	h,i,h,i,n,g,a
h,i,n,g,a,$,V,NFIN	h,i,n,g,a
h,i,n,g,a,$,V,IPFV,AGFOC	h,u,m,i,h,i,n,g,a
s,u,n,o,n,g,$,V,PFV,AGFOC	n,a,g,s,u,n,o,n,g
s,u,n,o,n,g,$,V,AGFOC,LGSPEC1	m,a,g,s,u,s,u,n,o,n,g
s,u,n,o,n,g,$,V,PFV,PFOC	s,i,n,u,n,o,n,g
s,u,n,o,n,g,$,V,NFIN	s,u,n,o,n,g
s,u,n,o,n,g,$,V,IPFV,PFOC	s,i,n,u,s,u,n,o,n,g
s,u,n,o,n,g,$,V,IPFV,AGFOC	n,a,g,s,u,s,u,n,o,n,g
s,u,n,o,n,g,$,V,PFOC,LGSPEC1	s,u,s,u,n,u,n,g,i,n
b,e,n,t,a,$,V,IPFV,AGFOC	n,a,g,b,e,b,e,n,t,a
b,e,n,t,a,$,V,IPFV,PFOC	i,b,i,n,e,b,e,n,t,a
b,e,n,t,a,$,V,PFOC,LGSPEC1	i,b,e,b,e,n,t,a
b,e,n,t,a,$,V,NFIN	b,e,n,t,a
b,e,n,t,a,$,V,AGFOC,LGSPEC1	m,a,g,b,e,b,e,n,t,a
b,e,n,t,a,$,V,PFV,PFOC	i,b,i,n,e,n,t,a
b,e,n,t,a,$,V,PFV,AGFOC	n,a,g,b,e,n,t,a
p,a,s,o,k,$,V,PFV,AGFOC	n,a,g,p,a,s,o,k
p,a,s,o,k,$,V,IPFV,PFOC	i,p,i,n,a,p,a,s,o,k
p,a,s,o,k,$,V,PFOC,LGSPEC1	i,p,a,p,a,s,o,k
p,a,s,o,k,$,V,NFIN	p,a,s,o,k
p,a,s,o,k,$,V,PFV,PFOC	i,p,i,n,a,s,o,k
p,a,s,o,k,$,V,IPFV,AGFOC	p,u,m,a,p,a,s,o,k
p,a,s,o,k,$,V,AGFOC,LGSPEC1	p,a,p,a,s,o,k
p,a,s,o,k,$,V,PFV,PFOC	p,i,n,a,s,o,k
t,u,r,o,',$,V,IPFV,PFOC	t,i,n,u,t,u,r,o,'
t,u,r,o,',$,V,AGFOC,LGSPEC1	m,a,g,t,u,t,u,r,o,'
t,u,r,o,',$,V,IPFV,AGFOC	n,a,g,t,u,t,u,r,o,'
t,u,r,o,',$,V,NFIN	t,u,r,o,'
t,u,r,o,',$,V,PFV,PFOC	t,i,n,u,r,o,'
t,u,r,o,',$,V,PFV,AGFOC	n,a,g,t,u,r,o,'
t,u,r,o,',$,V,PFOC,LGSPEC1	i,t,u,t,u,r,o,'
l,a,k,i,$,V,NFIN	l,a,k,i
l,a,k,i,$,V,PFOC,LGSPEC1	i,l,a,l,a,k,i
l,a,k,i,$,V,IPFV,PFOC	n,i,l,a,l,a,k,i,h,a,n
l,a,k,i,$,V,AGFOC,LGSPEC1	l,á,l,a,k,i
l,a,k,i,$,V,IPFV,AGFOC	n,a,g,p,a,p,a,l,a,k,i
l,a,k,i,$,V,PFV,AGFOC	l,u,m,a,k,i
l,a,k,i,$,V,PFV,PFOC	i,n,i,l,a,k,i
l,a,k,i,$,V,PFOC,LGSPEC1	p,a,p,a,l,a,k,i,h,i,n
l,a,k,i,$,V,PFV,PFOC	p,i,n,a,l,a,k,i
l,a,k,i,$,V,IPFV,PFOC	i,n,i,l,a,l,a,k,i
t,a,n,g,g,a,p,$,V,IPFV,AGFOC	t,u,m,a,t,a,n,g,g,a,p
t,a,n,g,g,a,p,$,V,PFOC,LGSPEC1	t,a,t,a,n,g,g,a,p,i,n
t,a,n,g,g,a,p,$,V,PFV,AGFOC	t,u,m,a,n,g,g,a,p
t,a,n,g,g,a,p,$,V,IPFV,PFOC	t,i,n,a,t,a,n,g,g,a,p
t,a,n,g,g,a,p,$,V,NFIN	t,a,n,g,g,a,p
t,a,n,g,g,a,p,$,V,PFV,PFOC	t,i,n,a,n,g,g,a,p
t,a,n,g,g,a,p,$,V,AGFOC,LGSPEC1	t,a,t,a,n,g,g,a,p
m,a,s,a,h,e,$,V,IPFV,PFOC	m,i,n,a,m,a,s,a,h,e
m,a,s,a,h,e,$,V,AGFOC,LGSPEC1	m,a,g,m,a,m,a,s,a,h,e
m,a,s,a,h,e,$,V,PFV,PFOC	m,i,n,a,s,a,h,e
m,a,s,a,h,e,$,V,NFIN	m,a,s,a,h,e
m,a,s,a,h,e,$,V,IPFV,AGFOC	n,a,g,m,a,m,a,s,a,h,e
m,a,s,a,h,e,$,V,PFOC,LGSPEC1	m,a,m,a,s,a,h,i,i,n
m,a,s,a,h,e,$,V,PFV,AGFOC	n,a,g,m,a,s,a,h,e
s,u,k,a,t,$,V,PFV,PFOC	s,i,n,u,k,a,t
s,u,k,a,t,$,V,AGFOC,LGSPEC1	m,a,g,s,u,s,u,k,a,t
s,u,k,a,t,$,V,IPFV,AGFOC	n,a,g,s,u,s,u,k,a,t
s,u,k,a,t,$,V,PFOC,LGSPEC1	s,u,s,u,k,a,t,i,n
s,u,k,a,t,$,V,IPFV,PFOC	s,i,n,u,s,u,k,a,t
s,u,k,a,t,$,V,NFIN	s,u,k,a,t
s,u,k,a,t,$,V,PFV,AGFOC	n,a,g,s,u,k,a,t
p,u,n,ó,',$,V,IPFV,AGFOC	n,a,g,p,u,p,u,n,ó,'
p,u,n,ó,',$,V,PFV,AGFOC	n,a,g,p,u,n,ó,'
p,u,n,ó,',$,V,IPFV,PFOC	p,i,n,u,p,u,n,ó,'
p,u,n,ó,',$,V,NFIN	p,u,n,ó,'
p,u,n,ó,',$,V,AGFOC,LGSPEC1	m,a,g,p,u,p,u,n,ó,'
p,u,n,ó,',$,V,PFV,PFOC	p,i,n,u,n,ó,'
p,u,n,ó,',$,V,PFOC,LGSPEC1	p,ú,p,u,n,u,i,n
s,u,k,l,a,m,$,V,PFOC,LGSPEC1	i,s,u,s,u,k,l,a,m
s,u,k,l,a,m,$,V,PFV,AGFOC	n,a,s,u,k,l,a,m
s,u,k,l,a,m,$,V,NFIN	s,u,k,l,a,m
s,u,k,l,a,m,$,V,AGFOC,LGSPEC1	m,a,s,u,s,u,k,l,a,m
s,u,k,l,a,m,$,V,IPFV,AGFOC	n,a,s,u,s,u,k,l,a,m
s,u,k,l,a,m,$,V,IPFV,PFOC	i,s,i,n,u,s,u,k,l,a,m
s,u,k,l,a,m,$,V,PFV,PFOC	i,s,i,n,u,k,l,a,m
g,u,p,i,t,$,V,IPFV,PFOC	g,i,n,u,g,u,p,i,t,a,n
g,u,p,i,t,$,V,PFV,PFOC	g,i,n,u,p,i,t,a,n
g,u,p,i,t,$,V,IPFV,AGFOC	n,a,g,p,a,p,a,g,u,p,i,t
g,u,p,i,t,$,V,NFIN	g,u,p,i,t
g,u,p,i,t,$,V,AGFOC,LGSPEC1	m,a,g,p,a,p,a,g,u,p,i,t
g,u,p,i,t,$,V,PFOC,LGSPEC1	g,u,g,u,p,i,t,i,n
g,u,p,i,t,$,V,PFV,AGFOC	n,a,g,p,a,g,u,p,i,t
g,u,p,i,t,$,V,AGFOC,LGSPEC1	m,a,g,g,u,g,u,p,i,t
g,u,p,i,t,$,V,PFV,AGFOC	n,a,g,g,u,p,i,t
g,u,p,i,t,$,V,PFV,PFOC	g,i,n,u,p,i,t
g,u,p,i,t,$,V,IPFV,PFOC	g,i,n,u,g,u,p,i,t
b,a,n,g,o,n,$,V,IPFV,PFOC	b,i,n,a,b,a,n,g,o,n
b,a,n,g,o,n,$,V,NFIN	b,a,n,g,o,n
b,a,n,g,o,n,$,V,PFV,AGFOC	b,u,m,a,n,g,o,n
b,a,n,g,o,n,$,V,IPFV,AGFOC	b,u,m,a,b,a,n,g,o,n
b,a,n,g,o,n,$,V,AGFOC,LGSPEC1	b,a,b,a,n,g,o,n
b,a,n,g,o,n,$,V,PFV,PFOC	b,i,n,a,n,g,o,n
b,a,n,g,o,n,$,V,PFOC,LGSPEC1	i,b,a,b,a,n,g,o,n
g,a,y,a,t,$,V,NFIN	g,a,y,a,t
g,a,y,a,t,$,V,PFOC,LGSPEC1	g,a,g,a,y,a,t,i,n
g,a,y,a,t,$,V,AGFOC,LGSPEC1	m,a,g,g,a,g,a,y,a,t
g,a,y,a,t,$,V,IPFV,AGFOC	n,a,g,g,a,g,a,y,a,t
g,a,y,a,t,$,V,PFV,AGFOC	n,a,g,g,a,y,a,t
g,a,y,a,t,$,V,PFV,PFOC	g,i,n,a,y,a,t
g,a,y,a,t,$,V,IPFV,PFOC	g,i,n,a,g,a,y,a,t
h,á,l,i,k,$,V,PFV,PFOC	h,i,n,á,l,i,k,a,n
h,á,l,i,k,$,V,PFV,AGFOC	h,u,m,á,l,i,k
h,á,l,i,k,$,V,IPFV,AGFOC	h,u,m,a,h,á,l,i,k
h,á,l,i,k,$,V,NFIN	h,á,l,i,k
h,á,l,i,k,$,V,IPFV,PFOC	h,i,n,a,h,á,l,i,k,a,n
h,á,l,i,k,$,V,AGFOC,LGSPEC1	h,a,h,á,l,i,k
h,á,l,i,k,$,V,PFOC,LGSPEC1	h,a,h,á,l,i,k,a,n
a,l,i,s,$,V,IPFV,AGFOC	n,a,g,p,a,p,a,a,l,i,s
a,l,i,s,$,V,PFV,PFOC	p,i,n,a,a,l,i,s
a,l,i,s,$,V,PFV,AGFOC	n,a,g,p,a,a,l,i,s
a,l,i,s,$,V,IPFV,PFOC	i,n,a,a,l,i,s
a,l,i,s,$,V,PFOC,LGSPEC1	p,a,p,a,a,l,i,s,i,n
a,l,i,s,$,V,AGFOC,LGSPEC1	m,a,g,p,a,p,a,a,l,i,s
a,l,i,s,$,V,NFIN	a,l,i,s
a,l,i,s,$,V,AGFOC,LGSPEC1	a,a,l,i,s
b,a,l,i,k,$,V,IPFV,AGFOC	n,a,g,b,a,b,a,l,i,k
b,a,l,i,k,$,V,PFV,AGFOC	b,u,m,a,l,i,k
b,a,l,i,k,$,V,PFV,PFOC	i,b,i,n,a,l,i,k
b,a,l,i,k,$,V,PFOC,LGSPEC1	b,a,b,a,l,i,k,a,n
b,a,l,i,k,$,V,AGFOC,LGSPEC1	m,a,g,b,a,b,a,l,i,k
b,a,l,i,k,$,V,IPFV,PFOC	b,i,n,a,b,a,l,i,k,a,n
b,a,l,i,k,$,V,NFIN	b,a,l,i,k
b,a,l,i,k,$,V,PFV,PFOC	b,i,n,a,l,i,k,a,n
l,i,m,o,t,$,V,PFV,PFOC	n,i,l,i,m,o,t
l,i,m,o,t,$,V,NFIN	l,i,m,o,t
l,i,m,o,t,$,V,PFV,AGFOC	n,a,k,a,l,i,m,o,t
l,i,m,o,t,$,V,AGFOC,LGSPEC1	l,i,l,i,m,o,t
l,i,m,o,t,$,V,IPFV,PFOC	n,i,l,i,l,i,m,o,t
l,i,m,o,t,$,V,PFOC,LGSPEC1	m,a,l,i,l,i,t,u,m,a,n
l,i,m,o,t,$,V,IPFV,AGFOC	l,u,m,i,l,i,m,o,t
l,i,m,o,t,$,V,IPFV,PFOC	n,a,k,a,k,a,l,i,m,u,t,a,n
l,i,m,o,t,$,V,IPFV,AGFOC	n,a,k,a,k,a,l,i,m,o,t
l,i,m,o,t,$,V,PFOC,LGSPEC1	l,i,l,i,m,u,t,i,n
t,i,m,b,a,n,g,$,V,PFV,AGFOC	n,a,g,t,i,m,b,a,n,g
t,i,m,b,a,n,g,$,V,PFOC,LGSPEC1	t,i,t,i,m,b,a,n,g,i,n
t,i,m,b,a,n,g,$,V,IPFV,PFOC	t,i,n,i,t,i,m,b,a,n,g
t,i,m,b,a,n,g,$,V,NFIN	t,i,m,b,a,n,g
t,i,m,b,a,n,g,$,V,PFV,PFOC	t,i,n,i,m,b,a,n,g
t,i,m,b,a,n,g,$,V,IPFV,AGFOC	n,a,g,t,i,t,i,m,b,a,n,g
t,i,m,b,a,n,g,$,V,AGFOC,LGSPEC1	m,a,g,t,i,t,i,m,b,a,n,g
a,l,a,m,$,V,PFOC,LGSPEC1	a,a,l,a,m,i,n
a,l,a,m,$,V,NFIN	a,l,a,m
a,l,a,m,$,V,IPFV,PFOC	i,n,a,a,l,a,m
a,l,a,m,$,V,PFV,PFOC	i,n,a,l,a,m
t,a,h,o,l,$,V,IPFV,PFOC	t,i,n,a,t,a,h,u,l,a,n
t,a,h,o,l,$,V,IPFV,AGFOC	t,u,m,a,t,a,h,o,l
t,a,h,o,l,$,V,NFIN	t,a,h,o,l
t,a,h,o,l,$,V,PFV,PFOC	t,i,n,a,h,u,l,a,n
t,a,h,o,l,$,V,PFV,AGFOC	t,u,m,a,h,o,l
t,a,h,o,l,$,V,PFOC,LGSPEC1	t,a,t,a,h,u,l,a,n
t,a,h,o,l,$,V,AGFOC,LGSPEC1	t,a,t,a,h,o,l
k,a,b,i,t,$,V,PFV,PFOC	k,i,n,a,b,i,t
k,a,b,i,t,$,V,IPFV,PFOC	k,i,n,a,k,a,b,i,t
k,a,b,i,t,$,V,PFOC,LGSPEC1	i,k,a,k,a,b,i,t
k,a,b,i,t,$,V,IPFV,AGFOC	n,a,g,k,a,k,a,b,i,t
k,a,b,i,t,$,V,AGFOC,LGSPEC1	m,a,g,k,a,k,a,b,i,t
k,a,b,i,t,$,V,NFIN	k,a,b,i,t
k,a,b,i,t,$,V,PFV,AGFOC	n,a,g,k,a,b,i,t
s,u,o,t,$,V,IPFV,AGFOC	n,a,g,s,u,s,u,o,t
s,u,o,t,$,V,PFOC,LGSPEC1	s,u,s,u,u,t,i,n
s,u,o,t,$,V,AGFOC,LGSPEC1	m,a,g,s,u,s,u,o,t
s,u,o,t,$,V,PFV,AGFOC	n,a,g,s,u,o,t
s,u,o,t,$,V,PFV,PFOC	s,i,n,u,o,t
s,u,o,t,$,V,NFIN	s,u,o,t
s,u,o,t,$,V,IPFV,PFOC	s,i,n,u,s,u,o,t
o,o,$,V,PFV,AGFOC	u,m,o,o
o,o,$,V,IPFV,PFOC	i,n,o,o,o,h,a,n
o,o,$,V,NFIN	o,o
o,o,$,V,PFV,PFOC	i,n,o,o,h,a,n
o,o,$,V,PFOC,LGSPEC1	o,o,o,h,a,n
o,o,$,V,IPFV,AGFOC	u,m,o,o,o
o,o,$,V,AGFOC,LGSPEC1	o,o,o
t,a,n,a,n,$,V,AGFOC,LGSPEC1	m,a,g,t,a,t,a,n,a,n
t,a,n,a,n,$,V,IPFV,PFOC	t,i,n,a,t,a,n,a,n
t,a,n,a,n,$,V,PFOC,LGSPEC1	i,t,a,t,a,n,a,n
t,a,n,a,n,$,V,NFIN	t,a,n,a,n
t,a,n,a,n,$,V,PFV,PFOC	t,i,n,a,n,a,n
t,a,n,a,n,$,V,PFV,AGFOC	n,a,g,t,a,n,a,n
t,a,n,a,n,$,V,IPFV,AGFOC	n,a,g,t,a,t,a,n,a,n
t,a,h,i,m,i,k,$,V,PFOC,LGSPEC1	i,t,a,t,a,h,i,m,i,k
t,a,h,i,m,i,k,$,V,IPFV,AGFOC	t,u,m,a,t,a,h,i,m,i,k
t,a,h,i,m,i,k,$,V,PFV,PFOC	t,i,n,a,h,i,m,i,k
t,a,h,i,m,i,k,$,V,PFV,AGFOC	t,u,m,a,h,i,m,i,k
t,a,h,i,m,i,k,$,V,NFIN	t,a,h,i,m,i,k
t,a,h,i,m,i,k,$,V,AGFOC,LGSPEC1	t,a,t,a,h,i,m,i,k
t,a,h,i,m,i,k,$,V,IPFV,PFOC	t,i,n,a,t,a,h,i,m,i,k
h,i,n,t,a,y,$,V,PFOC,LGSPEC1	h,i,h,i,n,t,a,y,i,n
h,i,n,t,a,y,$,V,IPFV,PFOC	h,i,n,i,h,i,n,t,a,y
h,i,n,t,a,y,$,V,PFV,AGFOC	n,a,g,h,i,n,t,a,y
h,i,n,t,a,y,$,V,NFIN	h,i,n,t,a,y
h,i,n,t,a,y,$,V,PFV,PFOC	h,i,n,i,n,t,a,y
h,i,n,t,a,y,$,V,IPFV,AGFOC	n,a,g,h,i,h,i,n,t,a,y
h,i,n,t,a,y,$,V,AGFOC,LGSPEC1	m,a,g,h,i,h,i,n,t,a,y
h,i,n,t,o,',$,V,NFIN	h,i,n,t,o,'
h,i,n,t,o,',$,V,IPFV,PFOC	h,i,n,i,h,i,n,t,u,a,n
h,i,n,t,o,',$,V,AGFOC,LGSPEC1	h,i,h,i,n,t,o,'
h,i,n,t,o,',$,V,PFOC,LGSPEC1	h,i,h,i,n,t,u,a,n
h,i,n,t,o,',$,V,PFV,PFOC	h,i,n,i,n,t,u,a,n
h,i,n,t,o,',$,V,PFV,AGFOC	h,u,m,i,n,t,o,'
h,i,n,t,o,',$,V,IPFV,AGFOC	h,u,m,i,h,i,n,t,o,'
t,i,r,a,$,V,NFIN	t,i,r,a
t,i,r,a,$,V,AGFOC,LGSPEC1	t,i,t,i,r,a
t,i,r,a,$,V,IPFV,PFOC	t,i,n,i,t,i,r,a
t,i,r,a,$,V,PFV,AGFOC	t,u,m,i,r,a
t,i,r,a,$,V,PFV,PFOC	t,i,n,i,r,a
t,i,r,a,$,V,PFOC,LGSPEC1	t,i,t,i,r,a,h,i,n
t,i,r,a,$,V,IPFV,AGFOC	t,u,m,i,t,i,r,a
u,t,a,n,g,$,V,PFOC,LGSPEC1	u,u,t,a,n,g,a,n
u,t,a,n,g,$,V,PFV,AGFOC	u,m,u,t,a,n,g
u,t,a,n,g,$,V,IPFV,AGFOC	u,m,u,u,t,a,n,g
u,t,a,n,g,$,V,PFV,PFOC	i,n,u,t,a,n,g,a,n
u,t,a,n,g,$,V,AGFOC,LGSPEC1	u,u,t,a,n,g
u,t,a,n,g,$,V,IPFV,PFOC	i,n,u,u,t,a,n,g
u,t,a,n,g,$,V,NFIN	u,t,a,n,g
u,t,a,n,g,$,V,IPFV,PFOC	i,n,u,u,t,a,n,g,a,n
u,t,a,n,g,$,V,PFV,PFOC	i,n,u,t,a,n,g
g,u,l,o,n,g,$,V,AGFOC,LGSPEC1	g,u,g,u,l,o,n,g
g,u,l,o,n,g,$,V,PFV,PFOC	g,i,n,u,l,o,n,g
g,u,l,o,n,g,$,V,IPFV,AGFOC	g,u,m,u,g,u,l,o,n,g
g,u,l,o,n,g,$,V,IPFV,PFOC	g,i,n,u,g,u,l,o,n,g
g,u,l,o,n,g,$,V,PFV,AGFOC	g,u,m,u,l,o,n,g
g,u,l,o,n,g,$,V,PFOC,LGSPEC1	i,g,u,g,u,l,o,n,g
g,u,l,o,n,g,$,V,NFIN	g,u,l,o,n,g
p,a,l,i,t,$,V,AGFOC,LGSPEC1	m,a,g,p,a,p,a,l,i,t
p,a,l,i,t,$,V,IPFV,AGFOC	n,a,g,p,a,p,a,l,i,t
p,a,l,i,t,$,V,PFV,AGFOC	n,a,g,p,a,l,i,t
p,a,l,i,t,$,V,PFV,PFOC	p,i,n,a,l,i,t,a,n
p,a,l,i,t,$,V,PFOC,LGSPEC1	p,a,p,a,l,i,t,a,n
p,a,l,i,t,$,V,NFIN	p,a,l,i,t
p,a,l,i,t,$,V,IPFV,PFOC	p,i,n,a,p,a,l,i,t,a,n
s,u,k,ó,',$,V,NFIN	s,u,k,ó,'
s,u,k,ó,',$,V,PFV,PFOC	i,s,i,n,u,k,ó,'
s,u,k,ó,',$,V,AGFOC,LGSPEC1	s,u,s,u,k,ó,'
s,u,k,ó,',$,V,IPFV,PFOC	i,s,i,n,u,s,u,k,ó,'
s,u,k,ó,',$,V,PFV,AGFOC	s,u,m,u,k,ó,'
s,u,k,ó,',$,V,IPFV,AGFOC	s,u,m,u,s,u,k,ó,'
s,u,k,ó,',$,V,PFOC,LGSPEC1	i,s,u,s,u,k,ó,'
h,a,g,o,d,$,V,AGFOC,LGSPEC1	m,a,g,h,a,h,a,g,o,d
h,a,g,o,d,$,V,IPFV,PFOC	h,i,n,a,h,a,g,o,d
h,a,g,o,d,$,V,PFV,PFOC	h,i,n,a,g,o,d
h,a,g,o,d,$,V,NFIN	h,a,g,o,d
h,a,g,o,d,$,V,PFV,AGFOC	n,a,g,h,a,g,o,d
h,a,g,o,d,$,V,IPFV,AGFOC	n,a,g,h,a,h,a,g,o,d
h,a,g,o,d,$,V,PFOC,LGSPEC1	h,a,h,a,g,u,r,i,n
n,a,k,a,w,$,V,PFV,AGFOC	n,a,g,n,a,k,a,w
n,a,k,a,w,$,V,NFIN	n,a,k,a,w
n,a,k,a,w,$,V,AGFOC,LGSPEC1	m,a,g,n,a,n,a,k,a,w
n,a,k,a,w,$,V,PFOC,LGSPEC1	n,a,n,a,k,a,w,i,n
n,a,k,a,w,$,V,IPFV,AGFOC	n,a,g,n,a,n,a,k,a,w
n,a,k,a,w,$,V,IPFV,PFOC	n,i,n,a,n,a,k,a,w
n,a,k,a,w,$,V,PFV,PFOC	n,i,n,a,k,a,w
k,a,i,n,$,V,PFV,PFOC	p,i,n,a,k,a,i,n
k,a,i,n,$,V,IPFV,PFOC	k,i,n,a,k,a,i,n
k,a,i,n,$,V,AGFOC,LGSPEC1	m,a,g,p,a,p,a,k,a,i,n
k,a,i,n,$,V,IPFV,AGFOC	k,u,m,a,k,a,i,n
k,a,i,n,$,V,NFIN	k,a,i,n
k,a,i,n,$,V,PFOC,LGSPEC1	k,a,k,a,i,n,i,n
k,a,i,n,$,V,IPFV,AGFOC	n,a,g,p,a,p,a,k,a,i,n
k,a,i,n,$,V,PFV,PFOC	k,i,n,a,i,n
k,a,i,n,$,V,PFV,AGFOC	n,a,g,p,a,k,a,i,n
k,a,i,n,$,V,PFOC,LGSPEC1	p,a,p,a,k,a,i,n,i,n
b,o,t,o,$,V,IPFV,AGFOC	b,u,m,o,b,o,t,o
b,o,t,o,$,V,PFV,PFOC	i,b,i,n,o,t,o
b,o,t,o,$,V,PFV,AGFOC	b,u,m,o,t,o
b,o,t,o,$,V,PFOC,LGSPEC1	i,b,o,b,o,t,o
b,o,t,o,$,V,AGFOC,LGSPEC1	b,o,b,o,t,o
b,o,t,o,$,V,IPFV,PFOC	i,b,i,n,o,b,o,t,o
b,o,t,o,$,V,NFIN	b,o,t,o
l,u,n,o,k,$,V,PFV,AGFOC	l,u,m,u,n,o,k
l,u,n,o,k,$,V,PFOC,LGSPEC1	l,u,l,u,n,u,k,i,n
l,u,n,o,k,$,V,IPFV,AGFOC	l,u,m,u,l,u,n,o,k
l,u,n,o,k,$,V,PFV,PFOC	n,i,l,u,n,o,k
l,u,n,o,k,$,V,NFIN	l,u,n,o,k
l,u,n,o,k,$,V,IPFV,PFOC	n,i,l,u,l,u,n,o,k
l,u,n,o,k,$,V,AGFOC,LGSPEC1	l,u,l,u,n,o,k
s,i,n,u,n,g,a,l,i,n,g,$,V,IPFV,PFOC	s,i,n,i,s,i,n,u,-, ,n,g,a,l,i,n,g,a,n
s,i,n,u,n,g,a,l,i,n,g,$,V,IPFV,AGFOC	n,a,g,-, ,s,i,s,i,n,u,n,g,a,l,i,n,g
s,i,n,u,n,g,a,l,i,n,g,$,V,PFV,PFOC	s,i,n,u,-, ,n,g,a,l,i,n,g,a,n
s,i,n,u,n,g,a,l,i,n,g,$,V,AGFOC,LGSPEC1	m,a,g,-, ,s,i,s,i,n,u,n,g,a,l,i,n,g
s,i,n,u,n,g,a,l,i,n,g,$,V,NFIN	s,i,n,u,n,g,a,l,i,n,g
s,i,n,u,n,g,a,l,i,n,g,$,V,PFV,AGFOC	n,a,g,-, ,s,i,n,u,n,g,a,l,i,n,g
s,i,n,u,n,g,a,l,i,n,g,$,V,PFOC,LGSPEC1	s,i,s,i,n,u,-, ,n,g,a,l,i,n,g,a,n
s,u,b,o,k,$,V,PFV,PFOC	s,i,n,u,b,o,k
s,u,b,o,k,$,V,AGFOC,LGSPEC1	s,u,s,u,b,o,k
s,u,b,o,k,$,V,PFV,AGFOC	s,u,m,u,b,o,k
s,u,b,o,k,$,V,IPFV,PFOC	s,i,n,u,s,u,b,o,k
s,u,b,o,k,$,V,NFIN	s,u,b,o,k
s,u,b,o,k,$,V,IPFV,AGFOC	s,u,m,u,s,u,b,o,k
s,u,b,o,k,$,V,PFOC,LGSPEC1	s,u,s,u,b,u,k,i,n
s,e,n,y,a,s,$,V,PFOC,LGSPEC1	s,e,s,e,n,y,a,s,a,n
s,e,n,y,a,s,$,V,AGFOC,LGSPEC1	s,e,s,e,n,y,a,s
s,e,n,y,a,s,$,V,IPFV,AGFOC	s,u,m,e,s,e,n,y,a,s
s,e,n,y,a,s,$,V,NFIN	s,e,n,y,a,s
s,e,n,y,a,s,$,V,IPFV,PFOC	s,i,n,e,s,e,n,y,a,s,a,n
s,e,n,y,a,s,$,V,PFV,PFOC	s,i,n,e,n,y,a,s,a,n
s,e,n,y,a,s,$,V,PFV,AGFOC	s,u,m,e,n,y,a,s
h,u,l,i,$,V,PFV,PFOC	h,i,n,u,l,i
h,u,l,i,$,V,PFOC,LGSPEC1	h,u,h,u,l,i,h,i,n
h,u,l,i,$,V,IPFV,AGFOC	h,u,m,u,h,u,l,i
h,u,l,i,$,V,NFIN	h,u,l,i
h,u,l,i,$,V,AGFOC,LGSPEC1	h,u,h,u,l,i
h,u,l,i,$,V,IPFV,PFOC	h,i,n,u,h,u,l,i
h,u,l,i,$,V,PFV,AGFOC	h,u,m,u,l,i
k,u,m,u,s,t,a,$,V,PFOC,LGSPEC1	k,u,k,u,m,u,s,t,a,h,i,n
k,u,m,u,s,t,a,$,V,IPFV,PFOC	k,i,n,u,k,u,m,u,s,t,a
k,u,m,u,s,t,a,$,V,NFIN	k,u,m,u,s,t,a
k,u,m,u,s,t,a,$,V,AGFOC,LGSPEC1	m,a,n,g,u,n,g,u,m,u,s,t,a
k,u,m,u,s,t,a,$,V,PFV,AGFOC	n,a,n,g,u,m,u,s,t,a
k,u,m,u,s,t,a,$,V,PFV,PFOC	k,i,n,u,m,u,s,t,a
k,u,m,u,s,t,a,$,V,IPFV,AGFOC	n,a,n,g,u,n,g,u,m,u,s,t,a
l,a,y,ó,',$,V,IPFV,AGFOC	l,u,m,a,l,a,y,ó,'
l,a,y,ó,',$,V,IPFV,PFOC	n,i,l,a,l,a,y,u,a,n
l,a,y,ó,',$,V,PFV,AGFOC	l,u,m,a,y,ó,'
l,a,y,ó,',$,V,PFOC,LGSPEC1	l,a,l,a,y,u,a,n
l,a,y,ó,',$,V,AGFOC,LGSPEC1	l,a,l,a,y,ó,'
l,a,y,ó,',$,V,PFV,PFOC	n,i,l,a,y,u,a,n
l,a,y,ó,',$,V,NFIN	l,a,y,ó,'
s,u,n,d,ó,',$,V,PFOC,LGSPEC1	s,u,s,u,n,d,ú,i,n
s,u,n,d,ó,',$,V,IPFV,PFOC	s,i,n,u,s,u,n,d,ó,'
s,u,n,d,ó,',$,V,IPFV,AGFOC	n,a,g,s,u,s,u,n,d,ó,'
s,u,n,d,ó,',$,V,AGFOC,LGSPEC1	m,a,g,s,u,s,u,n,d,ó,'
s,u,n,d,ó,',$,V,PFV,PFOC	s,i,n,u,n,d,ó,'
s,u,n,d,ó,',$,V,PFV,AGFOC	n,a,g,s,u,n,d,ó,'
s,u,n,d,ó,',$,V,NFIN	s,u,n,d,ó,'
d,u,s,a,$,V,PFOC,LGSPEC1	p,a,g,d,u,d,u,s,a,h,a,n
d,u,s,a,$,V,AGFOC,LGSPEC1	m,a,g,d,u,s,a
d,u,s,a,$,V,IPFV,PFOC	i,p,i,n,a,g,d,u,d,u,s,a
d,u,s,a,$,V,PFV,AGFOC	n,a,g,d,u,s,a
d,u,s,a,$,V,NFIN	d,u,s,a
d,u,s,a,$,V,PFV,PFOC	i,p,i,n,a,g,d,u,s,a
d,u,s,a,$,V,IPFV,AGFOC	n,a,g,d,u,d,u,s,a
d,a,l,a,w,$,V,IPFV,AGFOC	d,u,m,a,d,a,l,a,w
d,a,l,a,w,$,V,IPFV,PFOC	d,i,n,a,d,a,l,a,w
d,a,l,a,w,$,V,PFV,AGFOC	d,u,m,a,l,a,w
d,a,l,a,w,$,V,AGFOC,LGSPEC1	d,a,d,a,l,a,w
d,a,l,a,w,$,V,PFV,PFOC	d,i,n,a,l,a,w
d,a,l,a,w,$,V,NFIN	d,a,l,a,w
d,a,l,a,w,$,V,PFOC,LGSPEC1	d,a,d,a,l,a,w,i,n
m,a,n,g,h,a,',$,V,IPFV,PFOC	n,a,m,a,m,a,n,g,h,a,a,n
m,a,n,g,h,a,',$,V,PFV,PFOC	n,a,m,a,n,g,h,a,a,n
m,a,n,g,h,a,',$,V,PFV,AGFOC	n,a,m,a,n,g,h,a,'
m,a,n,g,h,a,',$,V,IPFV,AGFOC	n,a,m,a,m,a,n,g,h,a,'
m,a,n,g,h,a,',$,V,NFIN	m,a,n,g,h,a,'
m,a,n,g,h,a,',$,V,AGFOC,LGSPEC1	m,a,m,a,m,a,n,g,h,a,'
m,a,n,g,h,a,',$,V,PFOC,LGSPEC1	m,a,m,a,m,a,n,g,h,a,a,n
i,n,i,t,$,V,PFV,AGFOC	n,a,g,-,i,n,i,t
i,n,i,t,$,V,AGFOC,LGSPEC1	m,a,g,-,i,i,n,i,t
i,n,i,t,$,V,PFOC,LGSPEC1	i,i,n,i,t,i,n
i,n,i,t,$,V,NFIN	i,n,i,t
i,n,i,t,$,V,PFV,PFOC	i,n,i,n,i,t
i,n,i,t,$,V,IPFV,PFOC	i,n,i,i,n,i,t
i,n,i,t,$,V,IPFV,AGFOC	n,a,g,-,i,i,n,i,t
t,u,l,o,y,$,V,PFOC,LGSPEC1	i,t,u,t,u,l,o,y
t,u,l,o,y,$,V,IPFV,PFOC	i,t,i,n,u,t,u,l,o,y
t,u,l,o,y,$,V,NFIN	t,u,l,o,y
t,u,l,o,y,$,V,PFV,PFOC	i,t,i,n,u,l,o,y
t,u,l,o,y,$,V,IPFV,AGFOC	t,u,m,u,t,u,l,o,y
t,u,l,o,y,$,V,PFV,PFOC	t,i,n,u,l,u,y,a,n
t,u,l,o,y,$,V,AGFOC,LGSPEC1	t,u,t,u,l,o,y
t,u,l,o,y,$,V,PFV,AGFOC	t,u,m,u,l,o,y
s,i,l,i,p,$,V,NFIN	s,i,l,i,p
s,i,l,i,p,$,V,IPFV,PFOC	s,i,n,i,s,i,l,i,p
s,i,l,i,p,$,V,PFV,PFOC	s,i,n,i,l,i,p
s,i,l,i,p,$,V,PFV,AGFOC	s,u,m,i,l,i,p
s,i,l,i,p,$,V,IPFV,AGFOC	s,u,m,i,s,i,l,i,p
s,i,l,i,p,$,V,AGFOC,LGSPEC1	s,i,s,i,l,i,p
s,i,l,i,p,$,V,PFOC,LGSPEC1	s,i,s,i,l,i,p,i,n
l,a,g,n,a,t,$,V,PFV,PFOC	n,i,l,a,g,n,a,t
l,a,g,n,a,t,$,V,NFIN	l,a,g,n,a,t
l,a,g,n,a,t,$,V,IPFV,PFOC	n,i,l,a,l,a,g,n,a,t
l,a,g,n,a,t,$,V,PFOC,LGSPEC1	l,a,l,a,g,n,a,t,i,n
k,a,m,a,y,$,V,PFV,PFOC	k,i,n,a,m,a,y,a,n
k,a,m,a,y,$,V,AGFOC,LGSPEC1	m,a,g,k,a,k,a,m,a,y,a,n
k,a,m,a,y,$,V,IPFV,AGFOC	n,a,g,k,a,k,a,m,a,y
k,a,m,a,y,$,V,IPFV,PFOC	k,i,n,a,k,a,m,a,y,a,n
k,a,m,a,y,$,V,PFOC,LGSPEC1	k,a,k,a,m,a,y,a,n
k,a,m,a,y,$,V,NFIN	k,a,m,a,y
k,a,m,a,y,$,V,PFV,AGFOC	n,a,g,k,a,m,a,y
k,a,m,a,y,$,V,IPFV,AGFOC	n,a,g,k,a,k,a,m,a,y,a,n
b,i,l,a,n,g,$,V,PFV,PFOC	b,i,n,i,l,a,n,g
b,i,l,a,n,g,$,V,IPFV,PFOC	b,i,n,i,b,i,l,a,n,g
b,i,l,a,n,g,$,V,PFV,AGFOC	b,u,m,i,l,a,n,g
b,i,l,a,n,g,$,V,PFOC,LGSPEC1	b,i,b,i,l,a,n,g,i,n
b,i,l,a,n,g,$,V,AGFOC,LGSPEC1	b,i,b,i,l,a,n,g
b,i,l,a,n,g,$,V,NFIN	b,i,l,a,n,g
b,i,l,a,n,g,$,V,IPFV,AGFOC	b,u,m,i,b,i,l,a,n,g
l,a,b,á,$,V,PFV,PFOC	n,i,l,a,b,h,a,n
l,a,b,á,$,V,NFIN	l,a,b,á
l,a,b,á,$,V,AGFOC,LGSPEC1	m,a,g,l,a,l,a,b,á
l,a,b,á,$,V,IPFV,AGFOC	n,a,g,l,a,l,a,b,á
l,a,b,á,$,V,PFOC,LGSPEC1	l,a,l,a,b,h,a,n
l,a,b,á,$,V,PFV,AGFOC	n,a,g,l,a,b,á
l,a,b,á,$,V,IPFV,PFOC	n,i,l,a,l,a,b,h,a,n
á,b,o,t,$,V,IPFV,AGFOC	n,a,g,-,a,á,b,o,t
á,b,o,t,$,V,PFV,PFOC	i,n,a,b,o,t
á,b,o,t,$,V,NFIN	á,b,o,t
á,b,o,t,$,V,IPFV,PFOC	i,n,a,á,b,o,t
á,b,o,t,$,V,PFV,AGFOC	n,a,g,-,á,b,o,t
á,b,o,t,$,V,PFOC,LGSPEC1	i,a,á,b,o,t
á,b,o,t,$,V,AGFOC,LGSPEC1	m,a,g,-,a,á,b,o,t
á,b,o,t,$,V,PFV,PFOC	i,n,á,b,o,t
s,i,r,á,',$,V,AGFOC,LGSPEC1	s,i,s,i,r,á,'
s,i,r,á,',$,V,PFV,AGFOC	s,u,m,i,r,á,'
s,i,r,á,',$,V,PFV,PFOC	s,i,n,i,r,á,'
s,i,r,á,',$,V,IPFV,AGFOC	n,a,g,s,i,s,i,r,á,'
s,i,r,á,',$,V,IPFV,PFOC	n,a,s,i,s,i,r,á,'
s,i,r,á,',$,V,PFOC,LGSPEC1	s,i,s,i,r,á,',a,n
s,i,r,á,',$,V,NFIN	s,i,r,á,'
s,i,r,á,',$,V,PFOC,LGSPEC1	m,a,s,i,s,i,r,á,'
s,i,r,á,',$,V,IPFV,PFOC	s,i,n,i,s,i,r,á,',a,n
m,a,h,a,l,$,V,IPFV,PFOC	m,i,n,a,m,a,h,a,l
m,a,h,a,l,$,V,NFIN	m,a,h,a,l
m,a,h,a,l,$,V,PFOC,LGSPEC1	m,a,m,a,h,a,l,i,n
m,a,h,a,l,$,V,PFV,AGFOC	n,a,g,m,a,h,a,l
m,a,h,a,l,$,V,PFV,PFOC	m,i,n,a,h,a,l
m,a,h,a,l,$,V,IPFV,AGFOC	n,a,g,m,a,m,a,h,a,l
m,a,h,a,l,$,V,AGFOC,LGSPEC1	m,a,g,m,a,m,a,h,a,l
d,a,l,á,$,V,IPFV,AGFOC	n,a,g,d,a,d,a,l,á
d,a,l,á,$,V,AGFOC,LGSPEC1	m,a,g,d,a,d,a,l,á
d,a,l,á,$,V,PFV,AGFOC	n,a,g,d,a,l,á
d,a,l,á,$,V,IPFV,PFOC	d,i,n,a,d,a,l,á
d,a,l,á,$,V,PFOC,LGSPEC1	d,a,d,á,l,h,i,n
d,a,l,á,$,V,PFV,PFOC	d,i,n,a,l,á
d,a,l,á,$,V,NFIN	d,a,l,á
b,a,t,i,',$,V,PFV,AGFOC	b,u,m,a,t,i,'
b,a,t,i,',$,V,AGFOC,LGSPEC1	b,a,b,a,t,i,'
b,a,t,i,',$,V,NFIN	b,a,t,i,'
b,a,t,i,',$,V,IPFV,AGFOC	b,u,m,a,b,a,t,i,'
b,a,t,i,',$,V,IPFV,PFOC	b,i,n,a,b,a,t,i,'
b,a,t,i,',$,V,PFV,PFOC	b,i,n,a,t,i,'
b,a,t,i,',$,V,PFOC,LGSPEC1	b,a,b,a,t,i,',i,n
t,a,p,o,s,$,V,PFOC,LGSPEC1	t,a,t,a,p,u,s,i,n
t,a,p,o,s,$,V,PFV,PFOC	t,i,n,a,p,o,s
t,a,p,o,s,$,V,IPFV,PFOC	t,i,n,a,t,a,p,o,s
t,a,p,o,s,$,V,NFIN	t,a,p,o,s
s,u,g,a,l,$,V,PFV,PFOC	s,i,n,u,g,a,l
s,u,g,a,l,$,V,AGFOC,LGSPEC1	m,a,g,s,u,s,u,g,a,l
s,u,g,a,l,$,V,PFV,AGFOC	n,a,g,s,u,g,a,l
s,u,g,a,l,$,V,IPFV,PFOC	s,i,n,u,s,u,g,a,l
s,u,g,a,l,$,V,IPFV,AGFOC	n,a,g,s,u,s,u,g,a,l
s,u,g,a,l,$,V,PFOC,LGSPEC1	i,s,u,s,u,g,a,l
s,u,g,a,l,$,V,NFIN	s,u,g,a,l
s,a,n,l,á,',$,V,IPFV,PFOC	s,i,n,a,s,a,n,l,á,'
s,a,n,l,á,',$,V,IPFV,AGFOC	n,a,g,s,a,s,a,n,l,á,'
s,a,n,l,á,',$,V,PFV,PFOC	s,i,n,a,n,l,á,'
s,a,n,l,á,',$,V,PFOC,LGSPEC1	i,s,a,s,a,n,l,á,'
s,a,n,l,á,',$,V,NFIN	s,a,n,l,á,'
s,a,n,l,á,',$,V,AGFOC,LGSPEC1	m,a,g,s,a,s,a,n,l,á,'
s,a,n,l,á,',$,V,PFV,AGFOC	n,a,g,s,a,n,l,á,'
l,i,p,a,t,$,V,NFIN	l,i,p,a,t
l,i,p,a,t,$,V,IPFV,AGFOC	n,a,g,l,i,l,i,p,a,t
l,i,p,a,t,$,V,PFV,PFOC	n,i,l,i,p,a,t,a,n
l,i,p,a,t,$,V,PFOC,LGSPEC1	l,i,l,i,p,a,t,a,n
l,i,p,a,t,$,V,PFV,AGFOC	l,u,m,i,p,a,t
l,i,p,a,t,$,V,AGFOC,LGSPEC1	m,a,g,l,i,l,i,p,a,t
l,i,p,a,t,$,V,IPFV,PFOC	n,i,l,i,l,i,p,a,t,a,n
l,i,p,a,t,$,V,PFV,AGFOC	n,a,g,l,i,p,a,t
l,i,p,a,t,$,V,AGFOC,LGSPEC1	l,i,l,i,p,a,t
l,i,p,a,t,$,V,PFV,PFOC	n,i,l,i,p,a,t
d,a,t,i,n,g,$,V,PFV,PFOC	d,i,n,a,t,n,a,n
d,a,t,i,n,g,$,V,AGFOC,LGSPEC1	d,a,r,a,t,i,n,g
d,a,t,i,n,g,$,V,IPFV,AGFOC	d,u,m,a,r,a,t,i,n,g
d,a,t,i,n,g,$,V,IPFV,PFOC	d,i,n,a,r,a,t,n,a,n
d,a,t,i,n,g,$,V,NFIN	d,a,t,i,n,g
d,a,t,i,n,g,$,V,PFV,AGFOC	d,u,m,a,t,i,n,g
d,a,t,i,n,g,$,V,PFOC,LGSPEC1	d,a,r,a,t,n,a,n
b,á,b,a,',$,V,PFV,PFOC	i,b,i,n,á,b,a,'
b,á,b,a,',$,V,PFOC,LGSPEC1	i,b,a,b,á,b,a,'
b,á,b,a,',$,V,PFV,AGFOC	n,a,g,b,á,b,a,'
b,á,b,a,',$,V,IPFV,AGFOC	n,a,g,b,a,b,á,b,a,'
b,á,b,a,',$,V,IPFV,PFOC	i,b,i,n,a,b,á,b,a,'
b,á,b,a,',$,V,NFIN	b,á,b,a,'
b,á,b,a,',$,V,AGFOC,LGSPEC1	m,a,g,b,a,b,á,b,a,'
t,i,n,d,a,$,V,PFV,AGFOC	n,a,g,t,i,n,d,a
t,i,n,d,a,$,V,PFOC,LGSPEC1	i,t,i,t,i,n,d,a
t,i,n,d,a,$,V,AGFOC,LGSPEC1	m,a,g,t,i,t,i,n,d,a
t,i,n,d,a,$,V,IPFV,AGFOC	n,a,g,t,i,t,i,n,d,a
t,i,n,d,a,$,V,NFIN	t,i,n,d,a
t,i,n,d,a,$,V,IPFV,PFOC	i,t,i,n,i,t,i,n,d,a
t,i,n,d,a,$,V,PFV,PFOC	i,t,i,n,i,n,d,a
u,p,o,',$,V,IPFV,AGFOC	u,m,u,u,p,o,'
u,p,o,',$,V,PFV,AGFOC	u,m,u,p,o,'
u,p,o,',$,V,PFOC,LGSPEC1	u,u,p,u,a,n
u,p,o,',$,V,IPFV,PFOC	i,n,u,u,p,u,a,n
u,p,o,',$,V,PFV,PFOC	i,n,u,p,u,a,n
u,p,o,',$,V,AGFOC,LGSPEC1	u,u,p,o,'
u,p,o,',$,V,NFIN	u,p,o,'
s,i,p,o,l,$,V,PFV,AGFOC	s,u,m,i,p,o,l
s,i,p,o,l,$,V,PFOC,LGSPEC1	s,i,s,i,p,u,l,a,n
s,i,p,o,l,$,V,IPFV,AGFOC	s,u,m,i,s,i,p,o,l
s,i,p,o,l,$,V,NFIN	s,i,p,o,l
s,i,p,o,l,$,V,IPFV,PFOC	s,i,n,i,s,i,p,u,l,a,n
s,i,p,o,l,$,V,AGFOC,LGSPEC1	s,i,s,i,p,o,l
s,i,p,o,l,$,V,PFV,PFOC	s,i,n,i,p,u,l,a,n
p,u,k,p,o,k,$,V,IPFV,AGFOC	n,a,m,u,m,u,k,p,o,k
p,u,k,p,o,k,$,V,NFIN	p,u,k,p,o,k
p,u,k,p,o,k,$,V,IPFV,PFOC	p,i,n,u,p,u,k,p,o,k
p,u,k,p,o,k,$,V,PFV,PFOC	p,i,n,u,k,p,o,k
p,u,k,p,o,k,$,V,AGFOC,LGSPEC1	m,a,m,u,m,u,k,p,o,k
p,u,k,p,o,k,$,V,PFOC,LGSPEC1	p,u,p,u,k,p,u,k,i,n
p,u,k,p,o,k,$,V,PFV,AGFOC	n,a,m,u,k,p,o,k
g,á,l,i,n,g,$,V,PFOC,LGSPEC1	i,g,a,g,á,l,i,n,g
g,á,l,i,n,g,$,V,PFV,PFOC	i,g,i,n,á,l,i,n,g
g,á,l,i,n,g,$,V,NFIN	g,á,l,i,n,g
g,á,l,i,n,g,$,V,PFV,AGFOC	g,u,m,á,l,i,n,g
g,á,l,i,n,g,$,V,AGFOC,LGSPEC1	g,a,g,á,l,i,n,g
g,á,l,i,n,g,$,V,IPFV,AGFOC	g,u,m,a,g,á,l,i,n,g
g,á,l,i,n,g,$,V,IPFV,PFOC	i,g,i,n,a,g,á,l,i,n,g
p,a,t,a,y,$,V,AGFOC,LGSPEC1	m,a,g,p,a,p,a,t,a,y
p,a,t,a,y,$,V,NFIN	p,a,t,a,y
p,a,t,a,y,$,V,IPFV,AGFOC	n,a,g,p,a,p,a,t,a,y
p,a,t,a,y,$,V,PFV,AGFOC	n,a,m,a,t,a,y
p,a,t,a,y,$,V,PFV,PFOC	p,i,n,a,t,a,y
p,a,t,a,y,$,V,IPFV,PFOC	p,i,n,a,p,a,t,a,y
p,a,t,a,y,$,V,AGFOC,LGSPEC1	m,a,m,a,m,a,t,a,y
p,a,t,a,y,$,V,PFOC,LGSPEC1	p,a,p,a,t,a,y,i,n
i,s,d,á,',$,V,NFIN	i,s,d,á,'
i,s,d,á,',$,V,AGFOC,LGSPEC1	m,a,n,g,i,s,d,á,'
i,s,d,á,',$,V,IPFV,AGFOC	n,a,n,g,i,n,g,i,s,d,á,'
i,s,d,á,',$,V,PFV,AGFOC	n,a,n,g,i,s,d,á,'
b,a,s,a,$,V,PFOC,LGSPEC1	b,a,b,a,s,a,h,a,n
b,a,s,a,$,V,IPFV,PFOC	b,i,n,a,b,a,s,a
b,a,s,a,$,V,PFV,PFOC	b,i,n,a,s,a,h,a,n
b,a,s,a,$,V,PFV,AGFOC	n,a,g,b,á,s,a, ,b,u,m,a,s,a
b,a,s,a,$,V,AGFOC,LGSPEC1	m,a,g,b,a,b,á,s,a, ,b,a,b,a,s,a
b,a,s,a,$,V,NFIN	b,a,s,a
b,a,s,a,$,V,IPFV,AGFOC	n,a,g,b,a,b,á,s,a, ,b,u,m,a,b,a,s,a
b,a,s,a,$,V,IPFV,PFOC	b,i,n,a,b,a,s,a,h,a,n
l,a,k,a,d,$,V,PFV,PFOC	n,i,l,a,k,a,d
l,a,k,a,d,$,V,IPFV,PFOC	n,i,l,a,l,a,k,a,d
l,a,k,a,d,$,V,IPFV,AGFOC	n,a,g,l,a,l,a,k,a,d
l,a,k,a,d,$,V,PFOC,LGSPEC1	l,a,l,a,k,a,r,i,n
l,a,k,a,d,$,V,PFV,AGFOC	n,a,g,l,a,k,a,d
l,a,k,a,d,$,V,AGFOC,LGSPEC1	m,a,g,l,a,l,a,k,a,d
l,a,k,a,d,$,V,NFIN	l,a,k,a,d
a,b,u,s,o,$,V,PFOC,LGSPEC1	a,a,b,u,s,u,h,i,n
a,b,u,s,o,$,V,PFV,PFOC	i,n,a,b,u,s,o
a,b,u,s,o,$,V,AGFOC,LGSPEC1	a,a,b,u,s,o
a,b,u,s,o,$,V,IPFV,PFOC	i,n,a,a,b,u,s,o
a,b,u,s,o,$,V,IPFV,AGFOC	u,m,a,a,b,u,s,o
a,b,u,s,o,$,V,NFIN	a,b,u,s,o
a,b,u,s,o,$,V,PFV,AGFOC	u,m,a,b,u,s,o
l,i,p,a,d,$,V,IPFV,AGFOC	l,u,m,i,l,i,p,a,d
l,i,p,a,d,$,V,PFV,AGFOC	l,u,m,i,p,a,d
l,i,p,a,d,$,V,PFOC,LGSPEC1	l,i,l,i,p,a,r,i,n
l,i,p,a,d,$,V,NFIN	l,i,p,a,d
l,i,p,a,d,$,V,AGFOC,LGSPEC1	l,i,l,i,p,a,d
l,i,p,a,d,$,V,PFV,PFOC	n,i,l,i,p,a,d
l,i,p,a,d,$,V,IPFV,PFOC	n,i,l,i,l,i,p,a,d
p,u,n,t,a,$,V,NFIN	p,u,n,t,a
p,u,n,t,a,$,V,AGFOC,LGSPEC1	p,u,p,u,n,t,a
p,u,n,t,a,$,V,PFV,PFOC	p,i,n,u,n,t,a,h,a,n
p,u,n,t,a,$,V,PFOC,LGSPEC1	p,u,p,u,n,t,a,h,a,n
p,u,n,t,a,$,V,IPFV,PFOC	p,i,n,u,p,u,n,t,a,h,a,n
p,u,n,t,a,$,V,PFV,AGFOC	p,u,m,u,n,t,a
p,u,n,t,a,$,V,IPFV,AGFOC	p,u,m,u,p,u,n,t,a
s,a,l,i,$,V,NFIN	s,a,l,i
s,a,l,i,$,V,PFOC,LGSPEC1	s,a,s,a,l,i,h,a,n
s,a,l,i,$,V,PFV,AGFOC	s,u,m,a,l,i
s,a,l,i,$,V,PFV,PFOC	s,i,n,a,l,i,h,a,n
s,a,l,i,$,V,IPFV,PFOC	s,i,n,a,s,a,l,i
s,a,l,i,$,V,AGFOC,LGSPEC1	s,a,s,a,l,i
s,a,l,i,$,V,IPFV,AGFOC	s,u,m,a,s,a,l,i
s,a,l,i,$,V,PFV,PFOC	s,i,n,a,l,i
b,a,b,a,l,a,',$,V,PFOC,LGSPEC1	b,a,b,a,l,a,a,n
b,a,b,a,l,a,',$,V,IPFV,PFOC	b,i,n,a,b,a,l,a,a,n
b,a,b,a,l,a,',$,V,PFV,PFOC	b,i,n,a,l,a,a,n
b,a,b,a,l,a,',$,V,NFIN	b,a,b,a,l,a,'
b,a,b,a,l,a,',$,V,IPFV,AGFOC	n,a,g,b,a,b,a,b,a,l,a,'
b,a,b,a,l,a,',$,V,AGFOC,LGSPEC1	m,a,g,b,a,b,a,b,a,l,a,'
b,a,b,a,l,a,',$,V,PFV,AGFOC	n,a,g,b,a,b,a,l,a,'
b,u,k,a,s,$,V,PFV,AGFOC	n,a,g,b,u,k,a,s
b,u,k,a,s,$,V,PFOC,LGSPEC1	b,u,b,u,k,s,a,n
b,u,k,a,s,$,V,NFIN	b,u,k,a,s
b,u,k,a,s,$,V,PFV,PFOC	b,i,n,u,k,s,a,n
b,u,k,a,s,$,V,IPFV,AGFOC	n,a,g,b,u,b,u,k,a,s
b,u,k,a,s,$,V,AGFOC,LGSPEC1	m,a,g,b,u,b,u,k,a,s
b,u,k,a,s,$,V,IPFV,PFOC	b,i,n,u,b,u,k,s,a,n
s,u,ó,t,$,V,IPFV,PFOC	s,i,n,u,s,u,ó,t,a,n
s,u,ó,t,$,V,IPFV,AGFOC	s,u,m,u,s,u,ó,t
s,u,ó,t,$,V,PFV,AGFOC	s,u,m,u,ó,t
s,u,ó,t,$,V,PFV,PFOC	s,i,n,u,ó,t,a,n
s,u,ó,t,$,V,PFOC,LGSPEC1	s,u,s,u,ó,t,a,n
s,u,ó,t,$,V,AGFOC,LGSPEC1	s,u,s,u,ó,t
s,u,ó,t,$,V,NFIN	s,u,ó,t
b,ú,k,a,s,$,V,PFV,AGFOC	n,a,g,b,ú,k,a,s
b,ú,k,a,s,$,V,PFOC,LGSPEC1	b,u,b,u,k,s,a,n
b,ú,k,a,s,$,V,AGFOC,LGSPEC1	m,a,g,b,u,b,ú,k,a,s
b,ú,k,a,s,$,V,IPFV,PFOC	b,i,n,u,b,u,k,s,a,n
b,ú,k,a,s,$,V,PFV,PFOC	b,i,n,u,k,s,a,n
b,ú,k,a,s,$,V,NFIN	b,ú,k,a,s
b,ú,k,a,s,$,V,IPFV,AGFOC	b,u,m,u,b,ú,k,a,s
b,ú,k,a,s,$,V,IPFV,AGFOC	n,a,g,b,u,b,ú,k,a,s
h,a,b,l,a,$,V,NFIN	h,a,b,l,a
h,a,b,l,a,$,V,AGFOC,LGSPEC1	m,a,g,h,a,h,a,b,l,a
h,a,b,l,a,$,V,IPFV,AGFOC	n,a,g,h,a,h,a,b,l,a
h,a,b,l,a,$,V,PFOC,LGSPEC1	i,h,a,h,a,b,l,a
h,a,b,l,a,$,V,PFV,PFOC	h,i,n,a,b,l,a
h,a,b,l,a,$,V,IPFV,PFOC	h,i,n,a,h,a,b,l,a
h,a,b,l,a,$,V,PFV,AGFOC	n,a,g,h,a,b,l,a
d,a,s,a,l,$,V,IPFV,AGFOC	n,a,g,d,a,d,a,s,a,l
d,a,s,a,l,$,V,PFV,PFOC	d,i,n,a,s,a,l
d,a,s,a,l,$,V,PFOC,LGSPEC1	i,d,a,d,a,s,a,l
d,a,s,a,l,$,V,AGFOC,LGSPEC1	m,a,g,d,a,d,a,s,a,l
d,a,s,a,l,$,V,IPFV,PFOC	d,i,n,a,d,a,s,a,l
d,a,s,a,l,$,V,PFV,AGFOC	n,a,g,d,a,s,a,l
d,a,s,a,l,$,V,NFIN	d,a,s,a,l
p,i,l,i,',$,V,IPFV,AGFOC	p,u,m,i,p,i,l,i,'
p,i,l,i,',$,V,NFIN	p,i,l,i,'
p,i,l,i,',$,V,IPFV,PFOC	p,i,n,i,p,i,l,i,'
p,i,l,i,',$,V,AGFOC,LGSPEC1	p,i,p,i,l,i,'
p,i,l,i,',$,V,PFV,AGFOC	p,u,m,i,l,i,'
p,i,l,i,',$,V,PFOC,LGSPEC1	p,i,p,i,l,i,i,n
p,i,l,i,',$,V,PFV,PFOC	p,i,n,i,l,i,'
s,a,u,l,i,',$,V,NFIN	s,a,u,l,i,'
s,a,u,l,i,',$,V,AGFOC,LGSPEC1	m,a,g,s,a,s,a,u,l,i,'
s,a,u,l,i,',$,V,IPFV,PFOC	i,s,i,n,a,s,a,u,l,i,'
s,a,u,l,i,',$,V,PFV,AGFOC	n,a,g,s,a,u,l,i,'
s,a,u,l,i,',$,V,PFV,PFOC	i,s,i,n,a,u,l,i,'
s,a,u,l,i,',$,V,IPFV,AGFOC	n,a,g,s,a,s,a,u,l,i,'
s,a,u,l,i,',$,V,PFOC,LGSPEC1	i,s,a,s,a,u,l,i,'
u,m,p,i,s,a,$,V,PFV,AGFOC	n,a,g,-,u,m,p,i,s,a
u,m,p,i,s,a,$,V,PFOC,LGSPEC1	u,u,m,p,i,s,a,h,a,n
u,m,p,i,s,a,$,V,PFV,PFOC	i,n,u,m,p,i,s,a,h,a,n
u,m,p,i,s,a,$,V,IPFV,AGFOC	n,a,g,-,u,u,m,p,i,s,a
u,m,p,i,s,a,$,V,IPFV,PFOC	i,n,u,u,m,p,i,s,a,h,a,n
u,m,p,i,s,a,$,V,NFIN	u,m,p,i,s,a
u,m,p,i,s,a,$,V,AGFOC,LGSPEC1	m,a,g,-,u,u,m,p,i,s,a
l,á,b,a,s,$,V,PFOC,LGSPEC1	l,a,l,á,b,a,s,a,n
l,á,b,a,s,$,V,IPFV,AGFOC	l,u,m,a,l,á,b,a,s
l,á,b,a,s,$,V,PFV,PFOC	n,i,l,á,b,a,s,a,n
l,á,b,a,s,$,V,NFIN	l,á,b,a,s
l,á,b,a,s,$,V,PFV,AGFOC	l,u,m,á,b,a,s
l,á,b,a,s,$,V,IPFV,PFOC	n,i,l,a,l,á,b,a,s,a,n
l,á,b,a,s,$,V,AGFOC,LGSPEC1	l,a,l,á,b,a,s
l,a,b,a,n,$,V,PFV,AGFOC	l,u,m,a,b,a,n
l,a,b,a,n,$,V,PFV,PFOC	n,i,l,a,b,a,n,a,n
l,a,b,a,n,$,V,IPFV,PFOC	n,i,l,a,l,a,b,a,n,a,n
l,a,b,a,n,$,V,PFOC,LGSPEC1	l,a,l,a,b,a,n,a,n
l,a,b,a,n,$,V,IPFV,AGFOC	l,u,m,a,l,a,b,a,n
l,a,b,a,n,$,V,AGFOC,LGSPEC1	l,a,l,a,b,a,n
l,a,b,a,n,$,V,NFIN	l,a,b,a,n
l,a,k,b,a,y,$,V,PFOC,LGSPEC1	l,a,l,a,k,b,a,y,i,n
l,a,k,b,a,y,$,V,PFV,AGFOC	n,a,g,l,a,k,b,a,y
l,a,k,b,a,y,$,V,AGFOC,LGSPEC1	m,a,g,l,a,l,a,k,b,a,y
l,a,k,b,a,y,$,V,IPFV,AGFOC	n,a,g,l,a,l,a,k,b,a,y
l,a,k,b,a,y,$,V,PFV,PFOC	n,i,l,a,k,b,a,y
l,a,k,b,a,y,$,V,IPFV,PFOC	n,i,l,a,l,a,k,b,a,y
l,a,k,b,a,y,$,V,NFIN	l,a,k,b,a,y
u,s,a,p,$,V,PFV,AGFOC	n,a,g,-,u,s,a,p
u,s,a,p,$,V,PFV,PFOC	p,i,n,a,g,-,u,s,a,p,a,n
u,s,a,p,$,V,PFOC,LGSPEC1	p,a,p,a,g,-,u,s,a,p,a,n
u,s,a,p,$,V,AGFOC,LGSPEC1	m,a,g,-,u,u,s,a,p
u,s,a,p,$,V,NFIN	u,s,a,p
u,s,a,p,$,V,IPFV,PFOC	p,i,n,a,p,a,g,-,u,s,a,p,a,n
u,s,a,p,$,V,IPFV,AGFOC	n,a,g,-,u,u,s,a,p
a,k,i,t,$,V,IPFV,PFOC	i,n,a,a,k,i,t
a,k,i,t,$,V,PFV,PFOC	i,n,a,k,i,t
a,k,i,t,$,V,AGFOC,LGSPEC1	m,a,a,a,k,i,t
a,k,i,t,$,V,NFIN	a,k,i,t
a,k,i,t,$,V,PFV,AGFOC	n,a,a,k,i,t
a,k,i,t,$,V,IPFV,AGFOC	n,a,a,a,k,i,t
a,k,i,t,$,V,PFOC,LGSPEC1	a,a,k,i,t,i,n
b,a,w,a,l,$,V,NFIN	b,a,w,a,l
b,a,w,a,l,$,V,AGFOC,LGSPEC1	m,a,g,b,a,b,a,w,a,l
b,a,w,a,l,$,V,IPFV,AGFOC	n,a,g,b,a,b,a,w,a,l
b,a,w,a,l,$,V,PFOC,LGSPEC1	i,b,a,b,a,w,a,l
b,a,w,a,l,$,V,PFV,AGFOC	n,a,g,b,a,w,a,l
b,a,w,a,l,$,V,IPFV,PFOC	i,b,i,n,a,b,a,w,a,l
b,a,w,a,l,$,V,PFV,PFOC	i,b,i,n,a,w,a,l
b,a,s,a,g,$,V,IPFV,AGFOC	n,a,g,b,a,b,a,s,a,g
b,a,s,a,g,$,V,NFIN	b,a,s,a,g
b,a,s,a,g,$,V,AGFOC,LGSPEC1	m,a,g,b,a,b,a,s,a,g
b,a,s,a,g,$,V,PFV,PFOC	b,i,n,a,s,a,g, ,n,a,b,a,s,a,g
b,a,s,a,g,$,V,IPFV,PFOC	b,i,n,a,b,a,s,a,g, ,n,a,b,a,b,a,s,a,g
b,a,s,a,g,$,V,PFOC,LGSPEC1	b,a,b,a,s,a,g,i,n, ,m,a,b,a,b,a,s,a,g
b,a,s,a,g,$,V,PFV,AGFOC	n,a,g,b,a,s,a,g
h,a,t,i,d,$,V,PFV,AGFOC	n,a,g,h,a,t,i,d
h,a,t,i,d,$,V,IPFV,AGFOC	n,a,g,h,a,h,a,t,i,d
h,a,t,i,d,$,V,AGFOC,LGSPEC1	m,a,g,h,a,h,a,t,i,d
h,a,t,i,d,$,V,NFIN	h,a,t,i,d
h,a,t,i,d,$,V,PFOC,LGSPEC1	i,h,a,h,a,t,i,d
h,a,t,i,d,$,V,IPFV,PFOC	h,i,n,a,h,a,t,i,d
h,a,t,i,d,$,V,PFV,PFOC	h,i,n,a,t,i,d
u,l,a,t,$,V,AGFOC,LGSPEC1	m,a,g,-,u,u,l,a,t
u,l,a,t,$,V,NFIN	u,l,a,t
u,l,a,t,$,V,IPFV,PFOC	i,n,u,u,l,a,t
u,l,a,t,$,V,PFV,AGFOC	n,a,g,-,u,l,a,t
u,l,a,t,$,V,PFOC,LGSPEC1	i,u,u,l,a,t
u,l,a,t,$,V,PFV,PFOC	i,n,u,l,a,t
u,l,a,t,$,V,IPFV,AGFOC	n,a,g,-,u,u,l,a,t
b,u,h,o,s,$,V,IPFV,PFOC	b,i,n,u,b,u,h,o,s
b,u,h,o,s,$,V,PFV,AGFOC	n,a,g,b,u,h,o,s
b,u,h,o,s,$,V,AGFOC,LGSPEC1	m,a,g,b,u,b,u,h,o,s
b,u,h,o,s,$,V,IPFV,AGFOC	n,a,g,b,u,b,u,h,o,s
b,u,h,o,s,$,V,PFV,PFOC	b,i,n,u,h,o,s
b,u,h,o,s,$,V,PFOC,LGSPEC1	i,b,u,b,u,h,o,s
b,u,h,o,s,$,V,NFIN	b,u,h,o,s
i,n,t,i,n,d,i,$,V,PFV,PFOC	n,a,i,n,t,i,n,d,i,h,a,n
i,n,t,i,n,d,i,$,V,IPFV,PFOC	i,n,i,i,n,t,i,n,d,i
i,n,t,i,n,d,i,$,V,PFOC,LGSPEC1	i,i,n,t,i,n,d,i,h,i,n
i,n,t,i,n,d,i,$,V,NFIN	i,n,t,i,n,d,i
i,n,t,i,n,d,i,$,V,IPFV,AGFOC	u,m,i,i,n,t,i,n,d,i
i,n,t,i,n,d,i,$,V,PFV,AGFOC	u,m,i,n,t,i,n,d,i
i,n,t,i,n,d,i,$,V,PFV,PFOC	i,n,i,n,t,i,n,d,i
i,n,t,i,n,d,i,$,V,AGFOC,LGSPEC1	i,i,n,t,i,n,d,i
l,a,p,i,t,$,V,IPFV,AGFOC	l,u,m,a,l,a,p,i,t
l,a,p,i,t,$,V,AGFOC,LGSPEC1	l,a,l,a,p,i,t
l,a,p,i,t,$,V,PFV,PFOC	n,i,l,a,p,i,t,a,n
l,a,p,i,t,$,V,PFV,AGFOC	l,u,m,a,p,i,t
l,a,p,i,t,$,V,NFIN	l,a,p,i,t
l,a,p,i,t,$,V,IPFV,PFOC	n,i,l,a,l,a,p,i,t,a,n
l,a,p,i,t,$,V,PFOC,LGSPEC1	l,a,l,a,p,i,t,a,n
t,a,h,i,',$,V,IPFV,AGFOC	n,a,g,t,a,t,a,h,i,'
t,a,h,i,',$,V,IPFV,PFOC	t,i,n,a,t,a,h,i,'
t,a,h,i,',$,V,PFV,PFOC	t,i,n,a,h,i,'
t,a,h,i,',$,V,AGFOC,LGSPEC1	m,a,g,t,a,t,a,h,i,'
t,a,h,i,',$,V,NFIN	t,a,h,i,'
t,a,h,i,',$,V,PFV,AGFOC	n,a,g,t,a,h,i,'
t,a,h,i,',$,V,PFOC,LGSPEC1	t,a,t,a,h,i,i,n
a,r,ú,g,a,',$,V,PFV,AGFOC	n,a,g,-,a,r,ú,g,a,'
a,r,ú,g,a,',$,V,PFV,PFOC	i,n,a,r,u,g,a,a,n
a,r,ú,g,a,',$,V,AGFOC,LGSPEC1	m,a,g,-,a,a,r,ú,g,a,'
a,r,ú,g,a,',$,V,PFOC,LGSPEC1	a,a,r,a,g,u,a,n
a,r,ú,g,a,',$,V,IPFV,PFOC	i,n,a,a,r,u,g,a,a,n
a,r,ú,g,a,',$,V,NFIN	a,r,ú,g,a,'
a,r,ú,g,a,',$,V,IPFV,AGFOC	n,a,g,-,a,a,r,ú,g,a,'
l,o,k,o,$,V,PFOC,LGSPEC1	l,o,l,o,k,o,h,i,n
l,o,k,o,$,V,PFV,PFOC	n,i,l,o,k,o
l,o,k,o,$,V,IPFV,AGFOC	n,a,n,g,l,o,l,o,k,o, ,n,a,n,l,o,l,o,k,o
l,o,k,o,$,V,PFV,AGFOC	n,a,n,g,l,o,k,o, ,n,a,n,l,o,k,o
l,o,k,o,$,V,AGFOC,LGSPEC1	m,a,n,g,l,o,l,o,k,o, ,m,a,n,l,o,l,o,k,o
l,o,k,o,$,V,IPFV,PFOC	n,i,l,o,l,o,k,o
l,o,k,o,$,V,NFIN	l,o,k,o
t,a,w,i,d,$,V,AGFOC,LGSPEC1	t,a,t,a,w,i,d
t,a,w,i,d,$,V,NFIN	t,a,w,i,d
t,a,w,i,d,$,V,PFV,AGFOC	t,u,m,a,w,i,d
t,a,w,i,d,$,V,PFV,PFOC	t,i,n,a,w,i,d
t,a,w,i,d,$,V,PFOC,LGSPEC1	t,a,t,a,w,i,r,i,n
t,a,w,i,d,$,V,IPFV,AGFOC	t,u,m,a,t,a,w,i,d
t,a,w,i,d,$,V,IPFV,PFOC	t,i,n,a,t,a,w,i,d